unique_id,MetaARIMA,AutoARIMA,AutoETS,AutoTheta,AR,MA,ARMA,ARIMA,SeasonalNaive
T000000,10.61025031858248,12.015659852959597,11.3402269619783,10.676320786082917,13.716756930231172,23.557813149639355,12.730179695282327,9.525983208372093,13.52428263977351
T000001,7.1527294856269155,9.696925121500016,6.494293430610679,5.106739648414902,7.7284009196425565,15.11283907125225,7.733253305392649,8.415255276650889,7.789490049751243
T000002,6.175833591805128,12.022032833747813,8.422153791233585,8.33388792348835,11.704904744880713,22.046758870523462,11.929512021030265,9.261559678781984,11.556325403242758
T000003,3.0795366025966313,4.599063012747232,2.5085848996295974,2.500326732186195,4.648377342877315,9.398643196007123,4.293501993786165,3.065655286973575,3.8159136901074504
T000004,13.185352333233626,13.185352333233626,10.935773841858502,9.90004961191257,13.770394723940008,21.17639026774109,13.503356535813422,12.295208622379183,13.185352333233626
T000005,5.453233772383562,7.770785534797333,2.8466184131211665,6.028159509492474,8.306902419025235,15.238902809394771,7.8256427130962525,5.06315901593059,7.770785534797333
T000006,6.343268220031408,9.53332218206943,11.10059254132215,7.58120179013244,11.168449945139269,16.186336004800367,11.125929929118158,10.422271880000396,11.100491922573132
T000007,7.075606334403466,7.075606334403466,6.840031656043725,7.520283159239639,10.89600013482849,14.47550539123731,10.12607574245996,9.331829311105935,10.343089902565735
T000008,9.843575834250002,6.624665773809633,9.25760795341355,5.9323101457404706,9.972306770485533,13.412205885609684,10.376768692940498,7.443914465696925,9.257486932188975
T000009,0.6978334505059368,0.6978334505059368,1.4323590755030775,1.1766279364324697,1.2130292310092,5.483268275391111,1.2452924565324412,0.8202320917042406,0.8753329896021316
T000010,2.171248258515515,3.318300941614672,2.1796890696189304,2.1542482170078405,2.66048177370582,12.49771617136069,0.0,2.18180287296195,2.545963995354239
T000011,3.7509955872934455,3.9053322203757506,6.8800664594765895,10.865668672086906,14.119364723144633,30.729376688567594,11.598026340568406,4.562005465589644,13.875490970914722
T000012,9.07116111510656,8.498331522116366,10.046510431765888,8.727085014608992,10.55271069601455,30.2413587518945,10.570711270968253,8.654082235455823,10.30812144086876
T000013,3.254983075098737,3.254983075098737,4.378716857286783,4.619117889998491,2.091400585069936,7.429645809093035,1.9813750539642236,2.9962522190151395,2.291214279302765
T000014,8.376918659475205,8.376918659475205,9.084276585046393,5.851833811931154,9.680742941261457,14.546379357264122,10.165827827740765,8.619803884739198,9.084226911103421
T000015,0.9929616535612296,0.9929616535612296,1.1473816564190984,1.1830270895777415,2.4459728318518095,11.923109263567126,2.202745817962793,0.42505878554302345,2.446906740535549
T000016,2.5468312595898075,2.5468312595898075,2.3400119444421,1.7808029877694356,3.5144326670578594,5.152776106134065,3.3898903737342736,2.372710400823058,2.5468312595898075
T000017,5.655894287211512,5.062364858300571,5.259114577969833,4.376768986038546,5.86199292242904,11.522235019145972,4.000487750672911,6.348145685268217,5.062364858300571
T000018,8.146127773869665,8.146127773869665,6.048728117467244,6.059200192585426,8.589454540286436,13.129093031341998,8.054189026603913,8.471914474488566,8.146127773869665
T000019,1.1999823637846077,1.1999823637846077,2.6609778223761906,2.2231035515593427,0.9441663185387104,1.5260044397265329,0.8718374235098691,1.4629835521450454,1.1999823637846077
T000020,3.3226570183560433,3.3226570183560433,2.8350501142980598,0.9097739878108688,3.5997847990039564,6.949083624158827,4.390963336200177,4.792428546469446,2.8350305498981663
T000021,1.4367894602884161,1.4367894602884161,1.2343628418340955,0.8047258713666013,2.7475476888884898,8.188725986189054,2.8897631409458313,2.3611554572377007,2.2941176470587923
T000022,4.606773228463678,2.4176504131690457,5.204739030388163,6.453731448120688,5.360685412525771,3.8028893752881547,4.851179807067281,5.024687335085776,5.831241438039173
T000023,1.1012545765468196,0.5253965736170652,1.0326282186287437,0.7210276647267608,1.5949677610928161,1.5467262843749472,1.5115926594320774,1.06910144170862,0.8839255499153974
T000024,0.31556437190719827,0.9871062444256825,0.2245822936073279,0.7614185418584867,0.5919184871686176,2.298721681414339,1.0804735181786131,0.32036630186742004,0.2018227009113504
T000025,1.089691645455495,1.102902747315106,1.089691645455495,1.1586016569452615,1.4180396098429393,1.7823732609173835,1.5469510412537923,1.089691645455495,1.089691645455495
T000026,1.2372644578834087,1.2731558018373532,1.2228322236258171,1.2193539286218085,1.615350013752072,1.742467505191925,1.704639380763057,1.154707972830207,1.2372644578834087
T000027,1.2186447638603695,1.2195983131782169,1.2740008224868526,1.2186447638603695,1.2307096904533024,1.2304264205590363,1.2184201860187625,1.2142520275500122,1.3859609095748726
T000028,1.5773809523809523,1.5773809523809523,1.5773250020244884,0.8269003005254837,2.1847304259566616,3.6802310275782624,2.5358104138197883,2.071205927327341,1.5773809523809523
T000029,1.3624161073825505,1.3624161073825505,1.3623616085775478,0.9200308780542157,1.6414214806686014,1.8703091273912562,1.7404690057143608,1.240646612590804,1.3624161073825505
T000030,2.8258692570422093,2.7472707423580798,2.953271951709655,3.116796227001207,2.6645810362663136,2.715298212042417,2.7401787740627763,2.8026664725836445,2.7472707423580798
T000031,1.9319444444444445,1.9319444444444445,0.794081941806884,1.154070395010489,2.380443128819362,2.512167856806644,2.356664804584248,1.567543816094923,1.9319444444444445
T000032,3.103809769630864,3.103809769630864,1.8166322289595813,1.7574135314638897,3.595459365687996,12.952827676256778,3.4507106522905433,3.0491136031669446,3.4247628038706615
T000033,6.076048037798577,6.783943250660506,6.2353548574059054,6.013788020187729,6.227005841209401,6.232841703703827,6.35680237470889,5.775727491443168,5.761482254697286
T000034,1.0517540674778891,0.9218126685081937,0.8790526078230123,0.7509093247094834,1.5737154882900142,2.74028726218652,2.055994636069894,1.1923257896243618,0.8790534843652625
T000035,6.752950916736203,4.323367934582123,6.826913199275325,6.562275066547615,6.993960860212205,7.073473025259693,7.035778817075234,6.674168869159579,4.889000143041055
T000036,1.4453568524358782,2.190538735034234,1.2301206501866675,1.177974032491356,1.8800198958106595,1.8812807233537532,1.8843710000102765,1.5116676441869947,1.2301107754279965
T000037,0.8924197838124355,2.30419559746387,0.6915203232448246,0.5211535578784223,3.3567733653535012,14.220562815258972,0.0,4.569014055538486,3.078994614003591
T000038,5.3650969157899855,5.3650969157899855,3.297029896479261,2.9126558488349557,4.872366369241117,14.403447895510455,0.0,2.743876079844697,4.574427166594003
T000039,3.054106734258114,3.054106734258114,2.6712490079479743,2.695327832155824,3.1895007274784244,10.236712373309734,3.2303276300428037,2.6233002684531104,3.0070650574035915
T000040,6.127087872185913,6.127087872185913,6.127059970071393,5.030137846033476,6.795401421773391,11.554579491534765,6.937552997498165,5.510722753188111,6.127087872185913
T000041,6.8831762189275985,6.43883286965262,6.6977958805657645,9.16153781213493,12.406538860384329,23.505523133611728,0.0,10.59790239082472,12.118380062305297
T000042,3.8850763745077606,2.3073194260262566,2.7730011902237677,5.058660454293901,8.530703024865533,19.61033769465414,0.0,10.585019846576712,8.229030122476
T000043,1.6034518902966477,1.478657211936696,1.603359397514318,1.6080669220348045,0.678039346376125,1.7242807989127098,0.64709429547746,1.6034518902966477,1.6034518902966477
T000044,3.44615992450155,3.44615992450155,3.666741997662332,2.8390056178388816,4.251032123356633,14.02345428566891,4.2345486673591415,3.937048827636379,3.5087245177957143
T000045,10.707035256045033,10.707035256045033,8.487803095277375,8.998273513288439,11.23908782559653,16.8863139979229,11.275449638240994,9.891714883208506,10.707035256045033
T000046,53.268502899964815,53.268502899964815,53.61358685139516,53.05375572878124,55.50196087985083,64.08011748232902,56.97947839824303,56.01262855957194,54.42840675605085
T000047,2.8725006895618828,3.001042483831041,2.3952818113166,1.6775438871746597,3.2751671579152575,9.136694144046084,3.74703794386382,3.1219341715430136,3.001042483831041
T000048,0.9307382258496116,0.9307382258496116,1.9024333532200048,0.7461158840229459,1.4919064733839815,3.1261097289861928,1.3688475126496698,1.5251467930106324,0.9307382258496116
T000049,1.9573555065718016,2.9671778471572967,1.8749942550467436,1.7562325479930196,2.872210365560246,8.81428883896265,2.9100569214536303,2.3800429277792206,2.8761106955871356
T000050,1.7817990985979621,1.7750386168476715,1.741049500236334,1.5083083322275908,3.1304144670114833,5.264852636511269,1.9367959379577018,1.8597949513610021,1.9834544998746555
T000051,2.881090216014503,2.987518258885261,4.067434236791776,2.830610856891949,4.472098904173932,9.048688424735072,4.479790139160986,3.048739873631543,4.067362420531419
T000052,0.6526522207476091,0.7160881663826301,1.6009768587268736,1.7005529768422911,1.296717359049926,1.3937019248353686,1.7434984738602544,3.6351434125968156,0.6526522207476091
T000053,2.954418438874615,2.954418438874615,2.033592616144467,1.7810529530292143,3.3316446422214137,8.559562883330893,2.9952579565986484,4.086402862448457,2.978607569856605
T000054,0.25387046810061464,0.25387046810061464,0.25387046810061464,1.1070783112739426,1.065981734417924,2.5984840690810067,0.2710610261706019,0.25387046810061464,0.25387046810061464
T000055,2.624452008871009,2.624452008871009,2.6244739910289687,2.874108708546083,3.898554198291161,6.13748641788208,4.040492407834101,2.6185809015517294,2.624452008871009
T000056,0.75512103846493,0.75512103846493,0.630421881381355,0.759067292546217,1.2157362736320578,1.217619637609644,1.0975940627222498,1.2045667734901664,0.6464594127806563
T000057,1.7531628118817075,1.7531628118817075,0.6585448541326209,0.7062489218426894,2.8095399854613676,11.382489686650095,2.614139247775109,4.242379379728841,2.440974824437227
T000058,1.6254337482788186,1.847064425085907,1.8469305757152341,1.5333812524668036,1.796615768554066,1.9738812096495781,1.9873320415501126,1.659337090664073,1.847064425085907
T000059,2.401606419063196,3.685111531496378,2.7372200061484673,2.7384642235938044,2.5684720514142385,2.4663008618593203,2.479761752609627,2.6857738520606778,1.7091603253053005
T000060,5.073910535539985,4.163767109202693,3.91033784222088,4.33193534355609,2.1489598831034282,1.0445206984138795,2.7688466946629755,4.39494387369169,4.018539444406212
T000061,1.084526351867964,0.7588452643326309,1.0845979741866971,1.1607558931745312,0.7984436513007805,1.5168683577165158,0.8150589097750475,2.0537068386659016,1.084526351867964
T000062,2.1118508955218855,1.2102546694444336,2.8626861281430296,2.012865862082658,4.797850291091163,19.9250468216333,4.627719938157886,8.98467311320717,4.6295838694656135
T000063,5.653241945703962,1.691482338834206,4.298328261203547,3.3781435051770665,5.760868722842677,20.831948664017187,6.305981838887251,3.4205693339514713,5.421797278256321
T000064,1.5660046083759875,1.5660046083759875,2.608082619280879,2.7988603127597154,2.90781914378394,3.702344273801351,2.7796340942626356,0.522801209372108,1.5660046083759875
T000065,5.935922478624069,5.935922478624069,6.0948272728851185,5.56537917738307,8.998699693533121,13.84350952938953,9.139448058559603,7.071252005134136,9.001650165016503
T000066,5.237399664101938,2.423111926629273,4.090243674228301,3.959195209420067,7.740253199340603,13.939481632644558,7.2571686143718255,10.456594153536008,7.243970543111384
T000067,3.5435673822301736,3.5435673822301736,4.620377245198468,4.030040743241513,4.276585277916425,7.334994038774658,4.251510603851479,3.6340775234250633,3.5435673822301736
T000068,1.6358451091389612,1.6358451091389612,1.444435920167464,1.4966980452718166,2.9143764929861775,11.628235879710708,0.0,1.7598448175173038,2.593311130547892
T000069,15.870780750418142,17.908246225319424,6.228445633202775,1.3983705889595635,3.1892647405845267,12.562623411759061,2.972443795593309,15.78952477061097,2.65426184023745
T000070,6.81854455689585,6.444344056044378,10.396515086945891,13.137911612418701,16.809272063074616,24.32249574643684,16.177784795579125,7.429113961369383,16.14271150592217
T000071,1.693588712554173,1.5676115998696643,3.111912906352368,3.1390795367437607,1.582244439049032,5.877617625057454,0.0,1.5429301881268462,1.5676115998696643
T000072,2.4978788757398385,2.009563886763589,1.8431496616717813,0.7268443692554418,3.497799029711989,12.531052977992918,3.839541678300255,4.74867674195387,3.0566182096403987
T000073,0.6894817499644533,1.2732800851970174,1.2734625056825848,1.680438179121739,1.875128357148605,7.830934576369786,1.4543481600337833,1.0042133430503444,1.2732800851970174
T000074,4.071593050031397,4.071593050031397,4.498227834705205,5.130141595429593,5.9193569225426215,6.086115402720885,5.91405947718447,4.217141023300817,4.071593050031397
T000075,44.034722222222236,44.034722222222236,44.03470000694471,42.74684821234811,44.9544731865654,45.937500003681,45.697471515988106,44.073601108425244,44.034722222222236
T000076,4.2562769004588255,4.212491026561379,4.312434280030673,4.581263583937055,5.2515791053205625,5.40372641253015,5.406428041944248,3.884250208599352,4.212491026561379
T000077,3.8850763745077606,2.3073194260262566,2.7730011902237677,5.058660454293901,8.530703024865533,19.61033769465414,0.0,10.585019846576712,8.229030122476
T000078,14.067900322175273,14.067900322175273,14.067830342341736,12.764668359926047,14.622334696434702,17.48752241361564,14.717392076018811,13.65536909592257,14.067900322175273
T000079,1.0814353064639328,0.9082505341691145,1.0175957159485318,1.0385146537490288,1.0044736383150437,1.0480737464919356,1.053737539026718,1.0283737629983412,1.0112665112665113
T000080,10.718968714817567,10.718968714817567,7.747836532837812,8.05157437634689,11.06194546740974,21.51657412150553,10.937145243103567,8.08851796956959,10.78347473136016
T000081,1.3633455210237655,1.3633455210237655,3.336266211621503,2.4108479445769535,1.0830178005734192,1.302704151935045,1.081252740313032,1.1563121531586047,1.3633455210237655
T000082,3.146458583433373,3.7444987895092634,1.3144312720540567,1.8912534496220361,2.906845549069693,2.87531205736252,2.932952699139842,2.7613122353139996,3.146458583433373
T000083,3.3596296715296763,4.854011460610167,2.7392829681867648,2.449141830243512,3.83675805768189,14.327188253258091,3.9897835989395802,3.6352346160543987,3.3165830643158674
T000084,0.6292723560139173,0.6292723560139173,2.7999652350659825,2.6600982092279994,1.1231437309932337,8.933185867063903,1.1890317924475293,0.4740407490092241,0.8899978876214628
T000085,4.337922451060416,4.337922451060416,2.7335201223543373,2.8216231049790887,4.493806284131413,13.126101246237013,4.608596679853129,4.3954731623274075,4.50042372881356
T000086,0.8006465517241378,0.8006465517241378,1.948124574021945,1.6364734419460951,0.8493300344065634,3.913947023878416,0.8976966732440004,0.7338259343533057,0.8006465517241378
T000087,1.9367167919799506,1.9367167919799506,1.9366120394494633,1.546780389054378,2.8469345150165646,3.759711798305552,3.889934513289762,1.57895621357783,1.9367167919799506
T000088,1.641025641025639,1.641025641025639,1.6410256338437939,2.762966693975985,0.7746228105380553,1.5240960482774089,0.8442764606059612,1.641025641025639,1.641025641025639
T000089,0.9885145838274699,0.825722184633253,0.8278821751485299,0.9017533081911557,0.8311263173583228,0.8976384366417783,0.8687313299940559,0.9320389083234494,2.6306695464362857
T000090,4.958229322178165,4.901433691756271,4.930757921223473,3.085113990264125,4.893672568300243,8.511556940532765,0.0,4.262020768341379,4.901433691756271
T000091,2.0535269974105717,2.0400682230483103,2.0456878291109546,1.8922845286504668,2.0525301716722906,2.0535269974105717,2.053474919085589,2.3340505403960514,1.8968646864686476
T000092,0.26503927549698125,0.26503927549698125,3.958064848963886,2.839501407831353,6.047655807751522,12.015726554545443,5.702974257138679,1.0351697871368402,6.049456575929806
T000093,1.772683512490477,1.772683512490477,2.2596209888561436,2.1343100649134663,3.377850288122256,4.927695721154155,3.476402769317597,2.664156844052522,2.2595367847411434
T000094,2.658266578444214,0.9972554531461837,4.612669215799167,3.82552285527502,7.6338121165915425,14.030104563305008,7.419657446021257,4.909072833053978,7.157468159011965
T000095,1.0791007493755205,1.0791007493755205,0.873292648656235,1.514892682941827,0.7563741242738607,1.3008374689221698,0.6013245853459628,1.3030424596003887,1.0791007493755205
T000096,1.6382943874400906,0.5024628353708266,2.498863057103738,2.291128356600068,5.971953456122146,13.959926848154348,5.096593594680871,1.9957316514459398,5.683060109289618
T000097,1.3634811200399726,4.477295285359801,4.740245988488514,3.575512647983749,4.46982352594871,7.980003935360147,0.0,1.1106827376531598,4.477295285359801
T000098,0.7230609675045506,0.9365624716071872,0.9051842268775656,0.8625608536390568,2.911997688245398,3.3887803242186134,2.7375495204573443,0.7430963259027146,0.6691449814126395
T000099,3.597934047291527,4.442805304824742,4.118660752297452,3.7911123770254633,5.185764815921042,10.528182045811779,5.48004283359522,2.8660265348931735,4.118518518518519
T000100,2.122953860574281,2.5189653559327403,2.4796164056165124,2.4898023918026784,3.8053665893668644,6.444912366240852,4.173849982875918,2.13561677208329,2.4795081967213113
T000101,3.6609411578189843,3.771535580524343,3.77164499890963,0.9599419675962756,4.603346984905689,11.575356591786544,4.655260185469446,2.9439746702003067,3.771535580524343
T000102,3.1495318288743874,3.158645627996328,3.881683840643822,3.5579880935064305,6.962457575711544,12.815956159122106,6.327720523348629,4.888627307211103,6.986702546759276
T000103,3.7425068836703557,3.7425068836703557,3.7425936418996844,3.357911260939336,4.807538268540385,7.005875904052472,4.879471751708651,3.67506313913179,3.7425068836703557
T000104,6.875487568988258,7.619548773556032,4.763237462649644,6.36195079194176,8.274948942947763,12.76947633500688,0.0,4.544340490161846,7.619548773556032
T000105,1.0845200368793302,1.538435155108055,0.974974293521054,1.1236687145165651,0.9524723186895901,0.9461215957128443,0.9597839827896106,1.0693583809568559,0.6249995084545812
T000106,4.985876146959397,4.985876146959397,3.4571567958894076,3.0843518402429515,5.913937636377001,8.397487648133128,6.330658788649768,4.943775001251147,4.985876146959397
T000107,5.541251032895368,5.541251032895368,4.490922296498941,4.55736884802596,7.2850626971390255,12.596148437780181,0.0,5.84490705069033,7.352073192716785
T000108,2.3379136829881926,2.3379136829881926,2.3381618379085194,2.14268414360978,3.6538100299401983,5.717456011804565,4.1063580324225155,2.3379136829881926,2.3379136829881926
T000109,4.768644858669747,2.7700729927007295,8.158677703099347,5.537836153721867,8.667999307403463,13.46419106102361,7.962481871929016,9.343720409162998,8.158556366585563
T000110,7.839025293466427,6.490304709141274,10.233261423621494,7.183811853466931,10.770697775361748,16.079950044045773,9.255072686208617,11.318658570565788,10.2331486611265
T000111,0.7337047751946371,1.2813369360559497,0.19292648346962402,2.0313255466130595,5.534729596323151,25.33208886901424,4.556050932531971,7.6918071055274275,5.405058993294287
T000112,5.241677515589395,5.241677515589395,3.713405550629804,4.098471641540529,6.157140854112748,10.689189208872152,0.0,4.528975964662562,5.738738738738742
T000113,1.0521659445004565,1.0521659445004565,0.9247151089694535,0.6317467277432665,3.9739171420308264,10.689043231617019,0.0,0.8701387260905855,3.9753086419753094
T000114,0.9699933789587623,0.9699933789587623,0.6029383332050471,0.5562356350868877,3.4705544307541123,10.165676497490876,3.180720047055373,1.3747105479363158,3.4708680142687274
T000115,3.1110703605227195,2.056271296862774,2.082031493723679,1.8044926158168852,5.629112796260839,12.446150047844839,4.6499443899852615,3.555656584854709,5.328460038986354
T000116,2.191698348196211,2.191698348196211,3.5817302182703905,2.077452235751681,5.703337513215967,12.304012326121358,4.430346003775053,0.8205394984915142,5.314814814814811
T000117,1.15875246636365,1.15875246636365,2.100765732165989,1.6661381191677511,5.465539327295537,12.638888844793488,3.9231970975599566,5.526944116114216,5.00694444444444
T000118,2.5592007754775263,2.5592007754775263,3.8786398966469644,3.3136468887329102,6.0600432765357715,14.150000016520949,5.382072842661061,1.904824661987286,6.6000000000000005
T000119,1.5988361034746916,1.5988361034746916,0.8619009830297477,0.9606502120559266,4.282702494253422,11.304054072107789,3.6942484547812735,0.6667668941700693,4.288288288288285
T000120,0.07070716818364901,0.07070707070709431,2.7051701550926404,2.7672297930476635,5.470421990986507,13.213383859630804,5.088099738670645,5.596261598957399,6.010101010101009
T000121,0.9010783243310435,0.4666666666666681,4.2508629015941635,4.0573108196258545,6.809850708254032,15.020833400264625,3.412977447082767,6.6115123637656374,7.349999999999999
T000122,0.3054512627601838,0.3054512627601838,2.1110406812220184,1.5864586425584908,4.899288894657502,10.602217417493694,4.076435417649422,1.7475674383160422,4.9014877362283835
T000123,1.673189694588712,1.673189694588712,3.207742419300226,2.035228584851386,4.559918747967362,9.641529871125591,3.758467894867323,1.751363292081991,4.560220233998626
T000124,4.090441077771634,0.7854372928055521,6.118841428384898,2.5210620610400882,6.776866228840049,13.506132794515002,4.417852734066033,1.4358162276604076,6.118686868686869
T000125,1.449136626484364,1.0813597244519642,3.1033201170293947,2.570877020208685,6.298218428362027,12.52406687025271,5.8441770011677585,3.56600501517924,5.8234234234234235
T000126,3.488585099437503,3.488585099437503,3.8726363232217023,3.2711124099500895,6.293510758381848,10.261758054015399,5.833322344091688,3.258812881080224,5.799531815279846
T000127,0.5172817634221465,0.5489478499542542,0.48828011120856896,1.0267208828799566,0.6246173978462445,0.7414318467268846,0.7372837390192106,0.3979031487173012,0.5489478499542542
T000128,3.95212765957447,3.95212765957447,2.9741795460617406,2.8143232467326715,4.782628450122099,6.906347806308364,4.899537252436753,4.019605172097412,3.95212765957447
T000129,2.007665280317525,1.2578849721707028,7.203637623575664,4.674073954755021,7.838173616956134,13.452425254803762,7.716750670253568,6.231922121799232,7.203463203463205
T000130,0.4282680581274253,0.873453093812363,2.9413783889561462,2.1245286892036233,5.882692257314392,12.233133707889811,5.5573238766247295,1.3770081547554567,5.397205588822354
T000131,4.6175333390445195,4.6175333390445195,4.617611920246154,3.326863898883464,5.724074501178364,7.598764060886162,6.050314949908054,4.393773785746703,4.6175333390445195
T000132,7.528083328793799,7.528083328793799,7.527049919096137,7.228049635727399,10.337256357515331,16.258326600664354,10.17531787052432,8.137475994380111,10.34463515374025
T000133,0.6099804083498774,2.9115471979025966,1.856537049258519,1.9143388518488231,5.318568573300053,10.880520904657532,4.798451868780101,3.508444056474349,5.32866492146597
T000134,5.687341813544359,5.687341813544359,4.550580328108188,5.922297750237076,7.110640252913933,8.839314602203991,6.9166367758772305,6.136023167904451,5.687341813544359
T000135,2.163832907686926,1.5821061747570453,2.1371447083496733,1.922315677803543,3.163649409555145,4.236189953714792,3.1865812179675506,2.464872731951857,2.1371447083496733
T000136,6.220376500291436,3.867591909050643,6.309613696033697,5.6998731175254695,9.562625529671632,15.67818141689667,9.018114143724715,5.890240133960643,9.183168463014912
T000137,0.9034948335246846,0.9034948335246846,0.9035463055939683,1.0205562212973598,2.226245333503724,3.153327159729835,2.4399838409207186,1.7216682082004642,0.9034948335246846
T000138,7.085397830018084,7.085397830018084,5.832450367213129,6.834917936963156,8.066616345718833,10.142921630579979,8.036060970866927,7.6793978820278275,7.085397830018084
T000139,0.6933166941989506,2.803990453769409,1.9044593792661924,1.9959257740085412,5.370434371834363,10.943099103887242,4.7096664816196405,1.3325787846614066,5.372881355932204
T000140,1.9486124054198317,2.291843849668005,1.1572573213853148,0.9848572796056987,2.5889832769023493,13.088251441435938,2.6139568039306127,2.291843849668005,2.291843849668005
T000141,0.507320335927836,0.38731474103585795,2.152208443411376,0.9070725379731066,3.7738984516647234,8.340872929870473,3.4694051355662836,1.6461644818202976,3.411091633466134
T000142,4.520216954522891,4.520216954522891,1.7207176826996156,1.7260338877029644,5.089924475443503,10.202385787982207,4.91978184633848,2.755353078754647,5.099529675251956
T000143,2.4962145715666626,2.787599213926942,5.1689048044238515,4.700433421931102,8.542635470207836,14.791329237501573,0.0,3.8483542141081872,8.104021543985636
T000144,3.8858041699667187,3.8858041699667187,1.1808885448561706,1.5655336493687897,5.395584939285924,9.832161057624893,5.188884254286223,0.807678070891831,4.900579470198673
T000145,1.7762243887535916,1.7762243887535916,2.9698610588242054,1.7580077814487272,3.872705453913677,5.994953659445868,3.9071334515696834,2.0699390904187323,2.969745627980921
T000146,5.217907378715295,2.967015650296815,3.6777200433608073,4.335800275313679,8.160234717699367,14.117438903642563,7.990609730366259,4.258545923665149,7.7948623853211005
T000147,6.263766639006577,6.263766639006577,7.356398816588426,5.016272996000187,8.04893162495342,11.464929449127949,8.058076888378753,7.356287425149701,7.356287425149701
T000148,1.3393885869706568,0.990685185185184,2.912191756807039,2.3257783655237256,5.940714292485912,12.00474435100551,5.7556702993359625,5.152158349623998,5.529574074074073
T000149,7.5519705840987505,7.5519705840987505,3.5850318650431183,3.249585406553397,7.039200195281361,11.856042683193524,7.329660562211798,9.612564642140274,6.616103559870549
T000150,4.404753844972236,3.2807514712346744,3.1464386236967585,0.5394251201206782,3.141480463823528,7.364742237999186,4.326003924355849,5.728107711603639,3.1464600715137037
T000151,4.13391557496361,4.545622225704916,5.330565015455357,5.206097543152834,5.2232679347582485,5.0238836356918775,4.98764110128567,4.13391557496361,4.13391557496361
T000152,4.5089959527295385,4.167619430362326,4.224347147119914,3.595661171259848,6.109062093254046,20.069347387302226,5.836093494181278,4.560417316523264,5.993627296587935
T000153,0.4848423639990095,0.4848423639990095,0.7797653462367095,0.45931363318475005,1.7375698718506816,2.6799850487800287,0.8002359987812201,0.5788444841881124,0.43146796431467965
T000154,0.8071616640337019,0.4488236035252271,1.7468986457028857,1.3203326586361241,1.793289500020622,1.8600177267171398,1.8517123388483632,0.555673721506763,0.8071616640337019
T000155,1.8357623298759842,1.7056037482913133,1.7746236968831646,1.941472371419271,1.5571882574611664,1.6895057249947352,1.6272621769845614,1.6121804484123623,1.0151515151515151
T000156,1.0168072564753026,1.0168072564753026,0.8402679273477924,0.7320384330490008,0.8669326977450347,0.8756368242121141,0.730720341053793,0.8539563326641177,2.2619047619047623
T000157,0.96509457772345,0.96509457772345,0.8187537795216967,0.7065381251179006,0.7334468883167929,0.7260346240834604,0.66122496821455,0.9606231923012433,2.2267373380447584
T000158,0.9847213590187693,0.9847213590187693,0.8213006913785943,0.7148729662279467,0.787915261858152,0.7863996878899184,0.6666560104618363,0.8400711922053505,2.233783783783784
T000159,1.7771062063389793,0.7476022702266983,1.7261614608202012,1.9283345540364585,1.5530917379682676,1.6543249082701,1.606082372642539,1.610850952446209,0.7661290322580646
T000160,1.8861612022562004,1.8166065153249826,1.808162715210632,1.9772382084627327,1.680612227967878,1.7994501616149077,1.7456647511733006,1.6758963823446458,0.9991718426501035
T000161,3.7184487995768545,3.377719377532359,3.6360970006836246,4.013149646631403,3.607749381321369,3.5793887921393552,0.0,3.9408080560213548,2.839120198265179
T000162,0.8944444444444462,0.8944444444444462,0.9400944395280679,0.5895779503716368,3.1460175968482234,6.269751559829742,0.9374536272118879,1.498247666531362,0.8944444444444462
T000163,1.0294117647058887,1.0294117647058887,0.8235294117647091,0.8124385534548324,0.7877159183919676,0.7192570956890835,0.7953821006916393,1.084377158363045,1.0294117647058887
T000164,3.076378064516129,3.554449377710358,2.9598086580815814,3.012812445816532,1.7068473151066612,1.4481517341657961,1.6218118828581822,3.065960147239299,3.076378064516129
T000165,6.94177572272785,9.08641975308641,9.086567913087006,7.334471902729549,8.756728364262583,12.197530856688592,8.358910415933122,9.702038137167968,9.08641975308641
T000166,0.593226980910481,0.7204648152918668,0.41025641025640913,0.4375015650040075,0.39657049903448255,0.3872353899191096,0.40011251015114807,1.4617816766902931,1.0256410256410229
T000167,6.3776382904528015,6.446105516290808,6.535921416141142,6.0319940740051186,8.25970506645013,8.817982414389308,8.160220946593062,7.037912967812869,6.3776382904528015
T000168,6.510683760683765,6.548977142306016,6.65672198205838,7.013656465416286,6.790221352498393,7.11001445173432,6.781430067714422,5.691990077780293,6.510683760683765
T000169,5.042513905008818,5.1102684602682205,5.496348591018172,6.1524508991152045,5.4477993798071065,5.551095059574643,5.565277025361776,4.7704893335236855,5.042513905008818
T000170,2.0526428971827544,1.5423387096774193,8.528425425363773,5.309058896956905,9.200311968950352,13.612298008402567,8.623801207081325,3.3843807629575076,8.528225806451612
T000171,1.3475735229795043,1.4103975535168107,0.8580255507426913,1.0186197916666577,2.9192755830183352,10.137889194234178,2.9548241551052272,1.2417257995254718,2.5926605504587243
T000172,1.4131161236424394,1.592009825031142,1.5539237550858398,1.4216587509626932,2.557395016876894,2.693678944812599,2.7022000780596804,1.2707825712040173,1.4131161236424394
T000173,1.4588979223125564,1.6412992818106749,1.6018085007754632,1.4681266364258694,2.632671443961371,2.7410217462940096,2.752381769767353,1.2904656057936923,1.4588979223125564
T000174,1.162537279360112,1.162537279360112,1.1496020262307223,1.1205817878961624,1.921368947307689,2.0196504078797353,1.7513746932709908,0.8727645875356048,0.5514343897665038
T000175,1.7962439520972762,1.4766882183907935,0.43838460900714055,0.4447892112293499,3.6906734640918173,10.849360018096581,3.345337781931708,0.5358912262940662,3.381070402298861
T000176,1.1544513544401804,1.1544513544401804,1.1988680689520796,1.29624112058821,2.0503134211362783,2.1782386224624206,1.8666830150529423,0.755284963902546,0.5673546868692074
T000177,3.0202982689747015,2.9456064372165907,3.0204644694553604,2.3979532359631617,4.581274432959151,6.723017820119894,4.5491856612687025,2.0787446412823813,3.0202982689747015
T000178,5.166751937984499,3.263849836596922,5.166895199243205,4.493599457969963,6.549613456793393,8.142279797269644,6.579196208849398,4.145140536959534,5.166751937984499
T000179,1.1458670988654782,1.1416917342326207,0.9866848918556035,1.028522522368345,1.2316392706953225,1.44693784820811,1.374457323968789,1.0037238969610598,1.1458670988654782
T000180,3.929536020454345,3.929536020454345,3.9180205960056607,3.562888086904394,4.365902897572724,4.370377245355767,4.263672568298581,3.9851995299339675,3.9204620462046202
