MetaARIMA,AutoARIMA,"ARIMA(2,1,2)","ARIMA(1,0,0)",SeasonalNaive,AutoTheta,AutoETS,unique_id
0.0659605147983539,0.1118381727154895,0.1118381727154895,0.2639810456049823,0.1111722789468939,0.1127886688966408,0.0792388979605209,m101
0.0671168513473375,0.2483116404519458,0.2483116404519458,0.4804730394476958,0.0831351660369045,0.2423391143638512,0.0940008663854132,m100
0.0513208450936171,0.1723376770226874,0.2237046107823344,0.2075259865211558,0.0553202498434381,0.2370906426693823,0.0888705884500523,m102
0.0974301918582015,0.1241294186236666,0.1166900284385201,0.119372941852883,0.1052237449882377,0.1127517568276967,0.0920867220036536,m112
0.1251431585382975,0.1510549681544746,0.151692493225107,0.1968676134732569,0.1274523950994539,0.1507413522481653,0.1511433271832366,m111
0.0443384892946143,0.0704018762917861,0.0691614240975085,0.1123570016638955,0.0502123695067926,0.0699088207997599,0.0523627884920255,m115
0.0499790833826155,0.0789556069770462,0.091194482283333,0.2079418062816724,0.0420356998936275,0.0949808702508123,0.0546177327436077,m108
0.1011907413210186,0.2134299710655178,0.187881968617791,0.1814767756879381,0.0840137483535194,0.2062728546474821,0.0998716162049131,m125
0.0217135153798336,0.0358045427921557,0.0324781242432061,0.0560588127217898,0.0217067333757436,0.0358330263319238,0.0227327787668905,m13
0.0863963822703965,0.1412574799717675,0.1272747717619834,0.2744424829695753,0.0820025461415,0.1189286086037906,0.1055482704540529,m157
0.0512885625363906,0.1108118385694759,0.1093365148506452,0.1211715142889804,0.0730727220904229,0.111013136884492,0.0631346050153888,m159
0.0520978107019617,0.0464782435550344,0.0512319133521345,0.1198071087341112,0.0348604648294491,0.0382649376388513,0.0518199034449347,m16
0.1318388344062229,0.147742776955156,0.1471068130533007,0.2665926048435866,0.1768971280884055,0.1444605712493349,0.1526995630217405,m168
0.0532463890898453,0.0973694814925175,0.0994884919800154,0.3202403072603011,0.0964414559452108,0.1043330507084348,0.0625115142675054,m173
0.0606067278215349,0.2281530807632237,0.2268793573577417,0.2324767785144748,0.1027905482200274,0.261030939039007,0.1264671378798661,m179
0.0857746047270112,0.105397050658681,0.1074628400982407,0.2755126563889803,0.0889510571996565,0.0935354627598312,0.0575169138028703,m182
0.0374002781028136,0.0991706098575118,0.1007093139850136,0.2358033184569898,0.0491657190989092,0.0994291008734541,0.033520286024511,m187
0.0774739009203208,0.0940805551642854,0.0939147586139066,0.1095234612619785,0.095215178721281,0.0977281821290196,0.0749405037661333,m190
0.0680381203675226,0.1509585145615421,0.1516364866457975,0.2677508860762397,0.0661098693064485,0.1669830610099292,0.0993141480666667,m193
0.0767489759944101,0.1219690816094918,0.1240833653653419,0.4707901886450893,0.1098364229755867,0.1182085597313352,0.094789867773869,m204
0.0717171859142579,0.1174473232549277,0.1160354842018577,0.2890671173456171,0.0552108607282937,0.1176276021624755,0.0697207928091233,m207
0.0541464428640652,0.1303003190220931,0.1303742037650271,0.1802463311943306,0.0791096734561488,0.1219415407038009,0.0577317860683212,m211
0.0273382494186463,0.1569861357841398,0.1597448706301729,0.2089315559938997,0.0219702780326109,0.2241764136567057,0.028192178799243,m212
0.054770060338706,0.1076330874483597,0.1081553247222519,0.1842166654042175,0.0519959948252507,0.1055949908011196,0.0545907525775478,m210
0.120049414316752,0.1351041832303084,0.1358167727189522,0.0939375639535464,0.1499687191571402,0.1411850332569701,0.1422350313075972,m215
0.057792394544282,0.1227908258227442,0.1248741328400275,0.1361153108250504,0.0637403275193215,0.137207934974395,0.0370949795986855,m217
0.1009899330695087,0.1432086580445485,0.188862269156938,0.3712620361294289,0.0971731743366415,0.1841633474502363,0.1005772026190633,m230
0.044111779298208,0.1040955231666266,0.1098191874168786,0.168631760477784,0.0469985699442658,0.1113041130150429,0.1019320181348029,m231
0.1032392322565433,0.1381443234278876,0.1408223097750271,0.19793780824569,0.1142346589660071,0.1549219502638482,0.091872858315833,m234
0.1060959163985091,0.316054442141519,0.2012843290524741,0.2362650291294928,0.1262744760588668,0.2739140467715312,0.1271982482787373,m242
0.1591857203212157,0.2036766854185029,0.2052362851608692,0.3155815451654327,0.209955575932699,0.2027319707794422,0.187862420682083,m245
0.0637541758260573,0.1605357734152747,0.16129590992376,0.2099387331888202,0.0735397904124893,0.1639186704045463,0.0612954220363189,m251
0.1006057935262872,0.1714440839815258,0.1714440839815258,0.2848520752989039,0.1230843970054499,0.1638951755456358,0.0967691455807063,m253
0.1703881780049412,0.2455801271383214,0.2377121175570355,0.3377792980523377,0.1860575391209486,0.2449760181598103,0.1837591499302881,m255
0.2105114576137744,0.2190850805679138,0.2229884789771561,0.434950194211274,0.3480596885352154,0.2134676670528527,0.2133463774752425,m254
0.0573083763711632,0.0934028865203874,0.0971299855744698,0.390962439049364,0.0976477503148465,0.0899854412427065,0.054450449662624,m261
0.1675155100743256,0.1495710152294382,0.1469422303737821,0.2825918906244414,0.2733936754791001,0.1534479764830006,0.1578061307602658,m267
0.0640307998684416,0.0799446152166979,0.0795512023779887,0.2242669160896044,0.0604875553925467,0.0972563475312305,0.0424928014031896,m27
0.0909756215560145,0.1274411363413493,0.1270082969045825,0.218481806436226,0.0807870634835976,0.1301962380757649,0.0910638069412437,m282
0.0497338026976758,0.3851627135514421,0.169840084325242,0.4018242116669002,0.0758974620229791,0.3950482493674287,0.0811597736659909,m285
0.115791323320284,0.1533101547374017,0.1533101547374017,0.2095801436275381,0.1276837934342193,0.1754676621975241,0.1203540067579987,m287
0.0232714122046739,0.0411751681271559,0.0551269673734259,0.1529980467579353,0.0130019412204328,0.0528589033654635,0.031839334332781,m3
0.1128088562155842,0.1464604134281366,0.1409152898705096,0.3036545329439582,0.1588425623637407,0.1172475014901368,0.1271928116009165,m300
0.1343835470294428,0.3613948184380269,0.2573704669482716,0.3018173808073514,0.1619940841718838,0.3620851282576793,0.1311268379315973,m307
0.1599885218907471,0.1709360015092188,0.1715283772188904,0.2676203841238441,0.2010618686018661,0.1790098990071277,0.1229718088248781,m312
0.1446382946018224,0.1584807889083162,0.1577604032780866,0.2802911225616764,0.1271703803904512,0.1634652335588165,0.1588851483648009,m313
0.030902117087057,0.3090233951588397,0.2931028233760904,0.2983257213920771,0.0345326322571286,0.2934100038207617,0.0423833198676484,m32
0.0305122098510399,0.3431369714803118,0.3012049344097974,0.3070327362276656,0.0354757515218974,0.302138770846402,0.0302140368129224,m320
0.0936076916686174,0.1163557086595451,0.1032904973209781,0.256942236703069,0.0966343589643856,0.1113277059482491,0.0940022651136098,m323
0.0958957097608499,0.1460255953257872,0.1415525150158553,0.2202326260124268,0.1183999566603391,0.1479439144858038,0.0936675908661815,m322
0.0320320532284997,0.1299549802254245,0.274086039671421,0.2851291325569003,0.0232580613801847,0.2723416496652909,0.0316257873866371,m329
0.1072319567279198,0.1072963826243232,0.1078982873283531,0.2184266860457173,0.145234136488885,0.1072955124060919,0.1087530839648819,m342
0.0536015277611435,0.0746226733087206,0.0784421888771659,0.1490348474237993,0.0662138770925655,0.1155463990857387,0.0447516736757457,m344
0.0373609266058406,0.0791530422160283,0.1228414417364953,0.1689810178837409,0.0406981940702581,0.133030526909123,0.0540541834446563,m345
0.1034263392007559,0.1030353519194107,0.0681217107938093,0.0805127313705394,0.1276126067182525,0.116358973103668,0.127299937877033,m343
0.0268270318173672,0.0680923293181613,0.0737926114875857,0.1962805938735757,0.0535220485777755,0.0719927850043642,0.0310091910160506,m35
0.0115351712236547,0.1153831796720542,0.1183838666920654,0.1713723833541666,0.0201253256229813,0.115011284744635,0.013144016456449,m354
0.0392699375175049,0.038104727984506,0.0379009624303591,0.0619024083634406,0.0355179646163214,0.038337447301722,0.0398698812441157,m353
0.1004175097332425,0.556132757257617,0.4101417534016993,0.3589564811604661,0.1125252262930556,0.5520329969678572,0.1178824903997755,m359
0.083936159701962,0.1925319093921648,0.1925319093921648,0.2882478091714115,0.1119963680805449,0.4031944554839197,0.1193535777762494,m358
0.129399764324581,0.2676852031627055,0.2578160672133401,0.2322692853902101,0.1600029730110226,0.3662777523609625,0.1379308467072638,m366
0.1180213356235043,0.1984315206096536,0.194673584671306,0.1996421489929973,0.1015527237152237,0.208516247778797,0.1370698565631582,m42
0.0792317789064131,0.1939875041571192,0.1953747057663155,0.1836837885601214,0.0866621991522664,0.215168473231213,0.0720957315142756,m44
0.0330151108989956,0.1065833407650658,0.1167786864343535,0.274976913293732,0.0487460674201097,0.1197723490590626,0.0303879597216804,m47
0.0308953709847397,0.1060898161467769,0.1594136396571176,0.2772673494012641,0.0377988679332276,0.31168561034868,0.0354540430428688,m51
0.0658401699174187,0.0723812536180349,0.0740507628948326,0.2400223822956782,0.0712845332364539,0.082947890047528,0.0662317625192584,m63
0.0261477194327342,0.1536212266160671,0.2553725261158291,0.2028770932567951,0.0496753540482637,0.2227560574608053,0.0446636176333811,m69
0.0635557324776811,0.1086695769578109,0.1086695769578109,0.2227171538905818,0.1244173322450659,0.1030565232780488,0.0615524943078499,m64
0.0234868013859256,0.0835594911223967,0.0867652000831556,0.1570460285000727,0.0171555660075642,0.0753608591105871,0.0311725217304287,m73
0.0723818391718553,0.0856649811900886,0.0856065767918605,0.2591088138981504,0.0893233543882727,0.0752768643786082,0.069892147850228,m77
0.1046164451333483,0.0845685656480778,0.0852722369678183,0.3053557688698595,0.1120974242274462,0.0837925826972005,0.0866667849142793,m82
0.0564862763260686,0.1056658363660659,0.1043654307669424,0.2392284169413621,0.0650022896313589,0.1066569388071423,0.0615185504730311,m88
0.0909306495730423,0.1589286252378415,0.1630121461109219,0.3083239723295246,0.1151427899683092,0.1786449860868866,0.1177687506850236,m95
0.1006527204283459,0.1693367045124655,0.2018605575458134,0.1744279656421774,0.069873405509215,0.1974037703574436,0.0660616008257747,m97
0.0313795763751519,0.1619152035686265,0.325797412850578,0.1737670576580914,0.047546480962021,0.3269871632031036,0.0391412673135264,m1
0.1910872651198385,0.1257429091444138,0.1236783030136939,0.2464444514545011,0.0735601506320203,0.210065255753638,0.0682889895350858,m106
0.0560404936023115,0.0970774980587697,0.1126184965199574,0.2437712560095005,0.0335098749094059,0.1186214298949947,0.0314075308625057,m11
0.0327898438734536,0.1065309748502564,0.067696788317309,0.218163219131048,0.0358148790244938,0.059177808963883,0.0325591796743917,m113
0.0260538138572243,0.069785498143159,0.0699222918229657,0.0522492621931136,0.0926708867343737,0.0700883508738107,0.0443211642960837,m114
0.0588026294529213,0.1019051644483512,0.0994314271257254,0.1972837313603961,0.0418743887077898,0.0961914622196,0.0534851873090916,m12
0.090633390330143,0.2212467352080233,0.2226792989233191,0.2332786416790004,0.0853534618105741,0.2652982696908966,0.0685468787650007,m124
0.1894639391073058,0.2901998617714445,0.4089953887440395,0.3012030152855195,0.2121719898035687,0.3915315798979908,0.172159577917346,m133
0.1002221527971001,0.1862882537764617,0.1862685537851041,0.2367938929761462,0.1120301076385144,0.1936604057851669,0.1081321653145134,m135
0.1260731391415055,0.1997690059888601,0.1878426146710123,0.2286455024488965,0.1639220872448337,0.1931269060497096,0.1370362350920027,m139
0.0840344510087431,0.1302922235637839,0.136833001673289,0.3366101921890084,0.1290309325234017,0.1176038897652759,0.0672609138000437,m142
0.0187559999309857,0.0213765580575127,0.0205227315511532,0.0673537362505233,0.0299563918529078,0.0269019637888013,0.0090152896228845,m15
0.0828525933920657,0.0852885390576098,0.0527555603182433,0.1874791819281772,0.077326999590185,0.0724250275875336,0.0758443100715048,m154
0.1063651226148241,0.1710449639425925,0.1692628295778515,0.1528842444613299,0.0991894241447711,0.1903839336555905,0.1635719735464303,m164
0.1191097736841276,0.2437296282263404,0.2146986159398511,0.2553557030615026,0.1529851321517988,0.2610117202937467,0.1148140654671683,m167
0.0205921509894738,0.0641377028653516,0.0647337416701675,0.1593275759531087,0.0233487234463337,0.0688730591558933,0.0141570600853592,m174
0.0727515365843608,0.1036574562057325,0.1031184613236767,0.2464295277275643,0.0757709524881288,0.1017907455578023,0.0879146583986383,m177
0.0192460914553797,0.0553962140914488,0.0572931457647679,0.1791107231132144,0.0346105002685456,0.0606271853905771,0.0179740315329001,m180
0.0437190451087889,0.0212755962023995,0.0213177791815328,0.0446499412578676,0.0270789409987811,0.0152586096179985,0.0185523773713283,m18
0.1128665715240147,0.1407850503223427,0.1407850503223427,0.1797444580000101,0.1487444560266545,0.1580472546138316,0.0921275723090784,m181
0.1788376156086204,0.2055918043883281,0.2057795276968559,0.2187610976645754,0.2045378033255997,0.2008683438784518,0.2263668168162614,m184
0.0210463168773618,0.0612657722204093,0.0655214074771363,0.1633657653832733,0.0335823272121201,0.0586787483531829,0.0287419567756786,m189
0.0828894646597955,0.16516596157756,0.163741031388005,0.1716660166315724,0.1088715580632005,0.1552143062788901,0.0813135887291706,m195
0.0342234541815523,0.1926980386376617,0.1616075469637376,0.2052444747781495,0.026698933900542,0.2367651112832518,0.032585378171004,m196
0.1033016451542607,0.1153128177674813,0.1153291928283732,0.1183100552617795,0.2010883784106188,0.115907699501042,0.1120820116121262,m200
0.0281180945189092,0.1758123434615417,0.1758123434615417,0.2629474813289411,0.0318624540030677,0.2716494925454448,0.0297645330555937,m201
0.0319356677595713,0.1431412623267711,0.2129665867159299,0.241172083556805,0.0282975881585601,0.2569172263779301,0.0229063409996328,m208
0.0483829731712559,0.1488450281075494,0.1582053172945115,0.2692417880031186,0.0418634076045304,0.1608056495817931,0.0888658940826923,m209
0.0953320547301014,0.1139627840022915,0.1139627840022915,0.1695422880180656,0.1251705138683996,0.1757579433017764,0.1087552349991518,m218
0.1353313618454015,0.2163597062939332,0.2070262279319619,0.2018038353017535,0.1528861522563928,0.219091009873051,0.1172966671725962,m223
0.074018247887672,0.1470598742266423,0.1472978235246688,0.1848460937465613,0.1263296552560411,0.1456714817913957,0.0762192942960469,m224
0.0979603009957396,0.0883126565844974,0.0881636473762872,0.1671855480123426,0.0657903597009309,0.0883976501509812,0.0626017358875304,m238
0.0371102900561429,0.0646132429097123,0.0646132429097123,0.1121997901452629,0.0444474461024056,0.1117374264602663,0.0395551288782732,m241
0.0918523743687162,0.1048878340288594,0.1048389633475511,0.3586724266487983,0.17626949490445,0.1127549841312169,0.0784234933981147,m243
0.1184743866874489,0.0990321932748773,0.1024476216238945,0.1977782254734215,0.1357691485902284,0.1032713215587901,0.1154885700813962,m244
0.0509692094524121,0.117035189579209,0.117035189579209,0.1287111733716001,0.057019682244674,0.1531903145752318,0.0818402745790911,m246
0.1260216886847767,0.2033067693908145,0.2035333349447179,0.2423329211902793,0.1315627032207229,0.2018018106510577,0.1214286886194202,m247
0.0580816114418827,0.0811479969221913,0.0823001123817497,0.0866521149734048,0.0847414799592457,0.0821723305807416,0.0580404114725035,m25
0.09014456641121,0.2052415074160609,0.1886523970903407,0.2134230946145301,0.0878288545956672,0.1883862943930036,0.0904458274065521,m256
0.1220533647670871,0.2910641976468034,0.2035705023230413,0.3843363627420506,0.1073589863116726,0.2062398350764544,0.0933951181608576,m260
0.1242911522005298,0.1919710309515042,0.2085912547486781,0.3150341676598079,0.182646616270183,0.2005269004901665,0.1133484013656803,m265
0.057523839444925,0.0846567180217403,0.0846567180217403,0.3423263734620272,0.0718774629691986,0.0933117203669921,0.0625212183832027,m271
0.0259255228479569,0.0605760820957904,0.0605760820957904,0.1560990729589128,0.0255768956325751,0.1068170542010305,0.0296775425894545,m279
0.0522702775226106,0.1229739757613435,0.1229739757613435,0.3652351821281831,0.0774881335615543,0.1668697636589362,0.0776662981038692,m28
0.140616458372168,0.2357343881440905,0.2357343881440905,0.3475012222311062,0.1578386503656735,0.2273131835325368,0.1556893690981148,m291
0.1051798749160906,0.1603882356518513,0.1603882356518513,0.1826676481009286,0.0960933185441136,0.1622928532872163,0.0913729630630606,m296
0.025304565379245,0.3741242188265257,0.3505803892556505,0.3478752209645688,0.0275348431499,0.3392579646411224,0.0567874263591231,m298
0.1517986848441088,0.1862836124448071,0.3196279410336175,0.3443665107482344,0.1555091921434839,0.3675539146707021,0.1146110760549083,m299
0.1388413064754906,0.3089816238723007,0.7629163048755315,0.3668462622886761,0.1632689663911798,0.4068639693355652,0.1496582382718212,m304
0.0303994112354969,0.1720659806837036,0.3567109416321076,0.3594146755711093,0.0223156219211747,0.3580606068990353,0.0244167702458106,m305
0.1619730348537826,0.2241777870054442,0.2420238924898089,0.3062240772423353,0.2436973122412576,0.2382000169894206,0.1590323096029079,m308
0.0585710829565546,0.1979715324527393,0.2272269010202281,0.3574274592843034,0.0781565963029351,0.252601155692558,0.0576990535087478,m319
0.0934382921502421,0.1681510201383691,0.1677395077293381,0.3695952398400768,0.1048496812948523,0.1655407773785063,0.1224065280644514,m331
0.1957099297144074,0.2094781180986594,0.2105106795832971,0.2576590258434393,0.2815057748855925,0.2206703180238176,0.2013296116350922,m332
0.040076116564945,0.0957573196478612,0.0813404374092241,0.3129555038797819,0.0509788010703426,0.0875344517860181,0.0335059440238921,m336
0.0589806518483092,0.2066718732403502,0.1893812284732259,0.1780633455515075,0.0456834702701317,0.2055328014055754,0.0671375537605175,m340
0.0585326150330779,0.0846303591456221,0.0882617899071172,0.2699916471253357,0.0752417558884589,0.0811643062852976,0.0466362805997946,m341
0.0826198803510937,0.7944754926419328,0.3607246597435631,0.3615606977845697,0.0908213009940369,0.5858719586865352,0.1113925395112242,m356
0.3516288443800139,0.8450987229437895,0.6833083902366671,0.6869194447644,0.2186856580825936,0.7050306567939927,0.2005071162387218,m360
0.0864855819191644,0.2311498624893948,0.2311498624893948,0.5246097548938105,0.1010683132945416,0.6178136221787797,0.0942771136915553,m361
0.0702931755312194,0.0863627875054073,0.0998138618544197,0.0787112549348683,0.106508167128101,0.0793507311099744,0.0676213236922912,m43
0.0596248853127578,0.1128015979504981,0.1170614332166181,0.5332895817298592,0.1087566077016248,0.1001196633929388,0.1080957110922035,m46
0.0562522931867142,0.3544063305879427,0.202300083371141,0.3557104413597118,0.046248496911499,0.3366047428854931,0.0734394406459874,m50
0.0794220851919871,0.105210210679932,0.106372555876498,0.2302286782305238,0.068705442022279,0.1026669940624673,0.0745129886429545,m57
0.0744573817795339,0.1452893423508511,0.1443953041283571,0.3383788013334887,0.0869300214002957,0.1405522897875249,0.0849013212161781,m62
0.0251928192408716,0.1582022463697721,0.1598388517811841,0.2143141723605825,0.041416599933599,0.1912061006033924,0.0266472428276701,m70
0.0768242477959127,0.104092455063933,0.1017351449336785,0.3480259114759259,0.0597889515954866,0.0916148464759433,0.0828656634684803,m80
0.0573273657294298,0.0969135749352169,0.0969135749352169,0.2015196575930727,0.0709825859360741,0.090661192144669,0.0643407973562264,m84
0.0565943211823771,0.1002761179668118,0.0991483268089386,0.2644483276826816,0.0624971155394449,0.1045336327679601,0.0428364686945531,m87
0.0272780496060504,0.0714554894649501,0.0714554894649501,0.1736336735105313,0.0446448048343718,0.0656458468749275,0.0428099057346308,m90
0.0625819009284648,0.0845420616452972,0.0844762667599891,0.2708015046860515,0.0832423856459739,0.0933758049492726,0.0648155357121553,m94
0.0894760296853248,0.162970356617758,0.1713125771445099,0.2964870541280764,0.0758914941324604,0.1732993396550929,0.0700007243813041,m98
0.0333387710558689,0.1181487474233472,0.1170534777659909,0.3587963457667664,0.0725704844755406,0.1249102236630461,0.0623213854758156,m99
0.0591013424846889,0.0688905217463711,0.0688905217463711,0.1834147040813813,0.0614547042087423,0.0676812733905392,0.0558518409588094,m107
0.0506330435099924,0.0968511000881415,0.0971764828633465,0.1824852482297002,0.0800727916857758,0.0878917436925718,0.0633490464034324,m118
0.0992050465858846,0.1311881113647045,0.140641595926041,0.2927190450442438,0.1698543230436823,0.1404956805083778,0.0872047226561687,m117
0.0167281196780588,0.0631399261357062,0.059113828343702,0.1942882841199986,0.0298898256898614,0.0530163787248317,0.0248135138782321,m120
0.1558419658613745,0.1460273224896988,0.1437247414416631,0.1716372275770726,0.0920855746965496,0.158915446043874,0.0623805049456522,m123
0.0825105248753598,0.1393283248414691,0.1359265115524528,0.2276218780094359,0.0947780837652754,0.1292480771267316,0.0832923318560372,m127
0.0263012977275141,0.1728595319152518,0.1716094095602391,0.1809960021127229,0.0262455356365809,0.1906626908032454,0.0416340202096509,m128
0.096268689924229,0.1778883493115944,0.1778883493115944,0.2175438640416159,0.1035142100252073,0.2781704182599835,0.0882371704862234,m129
0.0382130797449188,0.1774976343913261,0.1774976343913261,0.1858909043648674,0.0295554582282458,0.1914173779394423,0.0325138522977827,m130
0.1084330744403919,0.6026801940675859,0.4326416420403463,0.4211337226863083,0.0741210010977051,0.4592519316105136,0.0549439603686552,m131
0.0525142958482538,0.2630467605209333,0.2460937225686344,0.2757708360430055,0.0738821923367447,0.3591717491130344,0.0888383476276329,m136
0.2762832933700118,0.3072968773822428,0.3335542854267936,0.2530105370069934,0.2401103437538796,0.4709336687924745,0.2723018044287356,m140
0.1380831660700409,0.1608463937314966,0.1623133503045328,0.2477835385153914,0.1541569068313254,0.2179468971326566,0.1141910987813826,m138
0.2789473103029416,0.2034586072326237,0.1886148784994811,0.1574639642785779,0.1901574710978736,0.1959089983383691,0.2283520912587618,m146
0.0635593259821901,0.0924420740869733,0.0913049057166202,0.1987580154636784,0.0372552046616425,0.100308744729022,0.078985066462008,m144
0.0371243745461563,0.0542931563561993,0.0456138104939787,0.0443239731994271,0.0437882850847231,0.0489591302773676,0.0437603427325825,m14
0.098877601673772,0.1524507732812891,0.1497421366585644,0.4013006047926164,0.1426630963120753,0.1309216700802323,0.1172642539847035,m145
0.0572879023230157,0.0582061489826397,0.0581611458866889,0.1441556157635892,0.0467840222243784,0.0641733908634653,0.0545023428644214,m150
0.0456046158114365,0.0687641286316095,0.0690108206630987,0.2054852325372264,0.0696265910978369,0.0721767086429123,0.0511670592091122,m158
0.0408651608970914,0.1220337215549861,0.1133803641158022,0.2852919626381428,0.059096423522467,0.0992210667921788,0.044430844628694,m155
0.0438990672772326,0.1894270270803307,0.1873022943221392,0.3716106714793835,0.0790791246597516,0.2475558019479478,0.0609806087159034,m162
0.0247431275449558,0.0589516524879326,0.0596662934016777,0.1385419687805683,0.0205217741372468,0.0686986926245572,0.017107514104314,m172
0.0300481781772446,0.072846974178535,0.0649204266195084,0.1113753676779679,0.0363698330481309,0.0610610803814104,0.0273687950090626,m19
0.0192085135431593,0.0607875325048752,0.0633845734686941,0.2084795579178933,0.0333548202218068,0.0575154697070184,0.0220499786080851,m191
0.0801778115035599,0.4747430468334142,0.3108200954216001,0.3235037971390717,0.0729560509790692,0.3206501134514035,0.0535089574309875,m197
0.0556307322259108,0.1470560154087861,0.1589218643228008,0.2635074526749159,0.0760912043491433,0.2911660635371773,0.0595325586040886,m198
0.0815508624668529,0.1116746715706983,0.1107470244359917,0.2277123476110039,0.224290315135592,0.1055772230229708,0.0959064248492458,m199
0.0342625373747015,0.1329710052782017,0.1315649439025661,0.3012110787243495,0.0832425628619299,0.1069747368684955,0.0417603266620427,m205
0.0562301397038863,0.1308642410399274,0.1355457039398482,0.1553638472938877,0.0697138014884918,0.1672594311398809,0.0425648474407756,m213
0.0451768385723578,0.0925080500034944,0.1073233699424902,0.1972478607316208,0.0408116648504966,0.0928464860627402,0.0580038442075338,m22
0.2258028432566272,0.2033259405696524,0.1998957650546654,0.1954400366481117,0.2810937883865975,0.2121363638893283,0.2130327666413825,m220
0.0787848623835163,0.1160548517096671,0.1141275742962722,0.1320604166749989,0.0870942544413554,0.1272146693189514,0.072401367636794,m222
0.0549362767678962,0.0717903477681293,0.1146984753052678,0.1800413432812756,0.0575241908645645,0.11801995653926,0.0758809112917512,m227
0.0676612623239975,0.1420400887361771,0.1420400887361771,0.1945192690868996,0.0642379913622971,0.1464696854037964,0.0625105125983635,m240
0.1058915779632883,0.1447868746718353,0.144914984456022,0.2465765232477322,0.1596969771615141,0.1514849825421077,0.1010116668802408,m248
0.1830957248186957,0.1775030854860755,0.1775030854860755,0.3319735687799361,0.2015366409179888,0.1792390843604034,0.1697892312458712,m250
0.3316101005346263,0.3062496953092524,0.3000760628603225,0.3685590715655499,0.2616092689724323,0.2826026581615214,0.2439297231572375,m257
0.148388893204675,0.1813230108983023,0.1800715357088796,0.1770571724805845,0.1378231891813243,0.1781671142995823,0.141613151509641,m259
0.1204367759007788,0.1652230883387271,0.1377471303450453,0.4666646245511658,0.1455926323471489,0.1505639126995076,0.1306259747453523,m266
0.1445527573595438,0.1595749555280612,0.1659984019451625,0.3677937632853392,0.1806686695909526,0.1386255709526737,0.1749988157898687,m268
0.0718014538606626,0.1181942226512699,0.120914163071561,0.3412891357101303,0.0973222754596605,0.0982048023577346,0.0885723067606956,m269
0.0880632660274483,0.0893609574988924,0.0850734461356345,0.1844921957404128,0.0823960150956973,0.0814327584506046,0.0883606902869175,m272
0.0766753487264373,0.0723570258790822,0.0987343166400792,0.0852862169232301,0.0602844819359982,0.089160303743524,0.0756490779087602,m277
0.0425509032721479,0.3401634128605951,0.3288984961011862,0.3000225536154416,0.024164743954821,0.2886608089535313,0.0646344300031193,m284
0.1558477585722636,0.3975951745841701,0.3758084125495681,0.3778362535706177,0.1513312090050107,0.3966708832919097,0.163746052918655,m286
0.0212182232372028,0.3234933180140338,0.3214111896128904,0.3311088277664307,0.0317927190263225,0.3275697440736616,0.0264978698745936,m289
0.0737119207057239,0.1699975607422401,0.1699975607422401,0.3635165370150967,0.0763491441878453,0.146577734105628,0.1140478977357026,m290
0.0156773642242023,0.0616844252631294,0.0615796172097864,0.1051766901194437,0.018799277141819,0.067197430360934,0.0204509238329836,m30
0.0940690350047603,0.1718503387879112,0.1718503387879112,0.2656473401743424,0.155822524014747,0.1661510151038779,0.0854072058418824,m301
0.0247996716246556,0.0760134951008556,0.2032254235700052,0.2539739782377951,0.0311623027290934,0.2421799826993255,0.0285995864241192,m31
0.3215434115569103,0.4223013858244491,0.4520029334077181,0.4569182964294714,0.3331341167597512,0.4578651746853864,0.3334914611311195,m317
0.0593098400967621,0.1375008242326965,0.6397571138390606,0.309488371120962,0.0584599379304407,0.3419087598209098,0.0418672210039495,m321
0.0151440488689463,0.2345780836073005,0.2346251431101852,0.2652164456695635,0.0300914021666609,0.2475271957498695,0.0212820674879656,m324
0.0943355619890833,0.1400348375222556,0.1422555217019566,0.2191323995133782,0.1345038047628562,0.1223738957969661,0.1125894121600459,m330
0.0404669960917666,0.0867203251901381,0.0866224342909679,0.3102448423121926,0.0532483667793226,0.0889111921203048,0.0316993993743836,m346
0.0284018509607956,0.0696343098259691,0.0698094780759187,0.1995005292581008,0.0332604158011824,0.083590275097491,0.0411340347554457,m349
0.1624428834221136,0.418794920573084,0.7110968983983934,0.63770272092695,0.1253235498440557,0.6733476490691865,0.1251813574758008,m362
0.0602399157886391,0.1805427047797047,0.266705006592762,0.1870255107737049,0.061495268742411,0.2691303750666523,0.0604245188857685,m365
0.0622710488748379,0.2117487456420972,0.2190731905624557,0.2212600485895885,0.1107261426744371,0.2039725884309864,0.0666188113312474,m40
0.0962023659984789,0.1460093459281344,0.1460093459281344,0.2536984273809211,0.1070827754898347,0.1559190500370861,0.0986015734192882,m41
0.0490299002087853,0.0642860438261762,0.1087009249612333,0.1285601581230392,0.0418599681817655,0.1007171133391393,0.0443723008517087,m48
0.0162447685802137,0.0658163681123264,0.0712319678946031,0.1586295281299288,0.0283841310015948,0.0993800537008164,0.0243109296883668,m54
0.0395734519483829,0.0908767884193086,0.0907795790135008,0.1724188317181366,0.0520081975813009,0.0834986565147838,0.0379190843082975,m6
0.0725921061488943,0.0942485663778553,0.0956276691255141,0.1637145092385999,0.0970193443849734,0.0972109523438605,0.0697055203530322,m61
0.0504937200404099,0.0912095000593053,0.0813640351498418,0.2148767415474922,0.0614789646289893,0.0798673409888807,0.0434080424693735,m71
0.0609204808720545,0.0881926670728425,0.0865137038823271,0.1911414411116462,0.0741714798667688,0.0840422301253196,0.0746330478805346,m76
0.1103065583558008,0.1102406364462196,0.1085287485775625,0.2496896418922315,0.1166382011785632,0.0968153266962001,0.1101113412463776,m78
0.0612916918537803,0.0803174574348198,0.0809303382161717,0.2399049745694522,0.0915005347950614,0.0740887302716128,0.081947622578874,m81
0.0866875375311691,0.1199301101457718,0.1210612756492211,0.2909003939818848,0.1151841448425057,0.1156693999325033,0.0880434310289939,m85
0.0393952150427665,0.0897890657425607,0.0894240257528224,0.2452232063320927,0.0455500500007209,0.0834602658617895,0.0629603095020496,m86
0.0499082421924814,0.0714429502196522,0.0965766500893183,0.2207844633529831,0.0809271719131052,0.0909822446209421,0.0867961806770201,m83
0.0229410851953127,0.047238608581309,0.0502026432260202,0.1206894383388958,0.0631591486061205,0.0474694340816794,0.0435327017525997,m9
0.0821778533402873,0.0905558626450196,0.1134081732581412,0.1538259847684797,0.0609461494430159,0.1625510485004924,0.0971152335217741,m92
0.0704563053881456,0.0717387546411198,0.1067428790974434,0.1611815103897525,0.0556702902753193,0.1524917896105223,0.0447528657829555,m104
0.0767233940952964,0.0863414654203608,0.0902641288942007,0.1333862794274487,0.0524309411287957,0.0964505460579113,0.0707068840025423,m110
0.0700349553166432,0.0703745379476637,0.0725183649650585,0.1601774334213031,0.1001645206927434,0.0686187632186388,0.0913777345566928,m119
0.0790778540154747,0.2575601957887156,0.257872823867912,0.2714288435758922,0.0673186783806827,0.2816836874715333,0.0900236486601876,m132
0.2444873509190692,0.0893227256154226,0.0715869621826393,0.0810525123725082,0.1783964730684469,0.0831013314596007,0.1368525523086838,m147
0.038878895860866,0.067035670065339,0.0709668434411466,0.1939803457810447,0.0432027174528789,0.0739367978356535,0.0491457295969077,m148
0.0453216513761155,0.0914753711013409,0.0914469691011765,0.1812787143409768,0.0344878288936401,0.0969183394518903,0.0236214728647454,m149
0.0745266469530143,0.0803590060523108,0.0803590060523108,0.2320665890338785,0.1471822850948144,0.0842451426768745,0.0994316441048194,m151
0.0738507063515094,0.1309900364590319,0.1314723752485724,0.3621982460427275,0.1123927428422185,0.1670359067146509,0.0711222531004042,m152
0.037146699514153,0.0780060731242802,0.0741182499226776,0.1479205655608408,0.0417135325942782,0.0758964054890338,0.052027508084174,m156
0.0762455039266998,0.1661916269715889,0.1652532338016436,0.2980825899156625,0.1135645858556075,0.1638145760181805,0.089114796379436,m163
0.102443456603134,0.1521274424009638,0.1521549743299616,0.3363030625250194,0.1326116741112368,0.1295875686766577,0.1282434869329357,m165
0.1945675619207507,0.1791604959956683,0.1776730215224621,0.2782238269824295,0.1586667961667961,0.3402842367624008,0.1468291513529428,m170
0.0605884579050918,0.0680302973547508,0.0682162318110975,0.0888535103245984,0.0959294473232059,0.0413050381456111,0.0560916860326357,m17
0.1143002725269515,0.1696110494202015,0.1685179228363914,0.3054857705764248,0.1729789654789655,0.1603668584739954,0.1212474759228073,m171
0.1135774268493708,0.1353731532752661,0.1908987145884045,0.3675655936182429,0.1817485756519304,0.108655588970101,0.1694173057428608,m183
0.0568190594467396,0.1224453622376678,0.1224453622376678,0.2319074849912713,0.1178311249746881,0.0982997168263739,0.0640416624356073,m186
0.0274296685154284,0.0949696371320161,0.0948832004595593,0.3161541241917806,0.0303577480986776,0.1000186542208397,0.0178027535862788,m188
0.119556284518984,0.1445991524926455,0.1427010804196693,0.3239272927966007,0.1129613605829396,0.1450024365713593,0.1335222878069104,m185
0.0314970190436748,0.2050575633219665,0.204535189853721,0.2397700664498601,0.029858897218649,0.2682426472489468,0.0285745736697319,m192
0.0455956413677468,0.0698942518501175,0.0696288224810058,0.1154024886833207,0.0531496600610888,0.071824321223885,0.0511290360393489,m20
0.1185648257422745,0.1520267472273528,0.1520267472273528,0.4679183997988138,0.1438554235528355,0.1531655923175609,0.1139811275578993,m203
0.108877644660656,0.1512536922943114,0.1510006883564029,0.1782138904179775,0.1165210566232865,0.1590871409621959,0.1142953915133051,m216
0.121240138977024,0.1452041572162916,0.1451179755643722,0.1973452863196041,0.2281989439708086,0.1381328648599987,0.1254322541379064,m225
0.0596776336514164,0.0893807445584292,0.0938965861025917,0.2397444604901373,0.0552985054697,0.0827862991867335,0.0544472166662661,m23
0.080180180648088,0.126371984350324,0.116577193607499,0.2623813660938309,0.1058907446734819,0.1178088097623991,0.0827069204882084,m233
0.0813300133869827,0.1812567750138562,0.1809502066847126,0.3807669991441431,0.1389372459502589,0.1735083348146134,0.0782221437547858,m232
0.0756618032040139,0.0850386943846327,0.1093311854577267,0.2489926724489314,0.0755238914510963,0.110357018234289,0.0501240272521129,m235
0.0451455035305879,0.1140117382491109,0.1144798687547533,0.1938183459307313,0.078454408384649,0.1084677482195595,0.0691213349572543,m236
0.1379270545008692,0.2815334942872098,0.2679619876544436,0.2671944569407826,0.1516842453554289,0.2755673387618382,0.1439251000629131,m252
0.1560730676081597,0.1968469325930858,0.1938513920422052,0.2234317651077643,0.1678799069344395,0.2066661760147438,0.1583408175206096,m258
0.0656781574208364,0.1079348511060333,0.1163897978458748,0.2869504064514015,0.0527066867624905,0.1085818634199264,0.0388547136236885,m264
0.1686490039023494,0.1825955883513799,0.186467607077866,0.3339623964403936,0.2139775915352466,0.1843184031980906,0.1713880362038689,m262
0.1857468807903335,0.1885178643636794,0.1885178643636794,0.3756162528354803,0.2341622096039756,0.2014290184058496,0.204423399498912,m263
0.0676403409613637,0.1841234817075835,0.2006506745834271,0.1959756276151551,0.0623241038776265,0.2029031611507969,0.0623437897081072,m270
0.116521861420032,0.1180392603052623,0.1179121042197594,0.3127414251863232,0.1288738021875947,0.1073627839101366,0.1327895934759858,m273
0.0430504109890933,0.1171626826060026,0.1272489842936184,0.2188629777611566,0.0445198924352626,0.1269149999723992,0.0416896063454246,m274
0.0556162597762903,0.1027803647140167,0.1027803647140167,0.2491209170787485,0.0458424295857721,0.1020526097879106,0.0650108254502263,m278
0.0383602361038238,0.2965872080042714,0.4980291547781834,0.3099527109762119,0.0325750060177311,0.3137654522636326,0.0303676064953102,m281
0.1140718963267541,0.1622266737197274,0.1625425537318496,0.1881231515215567,0.1079269874819633,0.163743877026175,0.0969449399600841,m283
0.0269618772459089,0.0638227506073779,0.0709634819894972,0.1515626540818402,0.0803755375642554,0.0674403074748176,0.0460251946094575,m29
0.0364943151141495,0.2951852268760045,0.4770697333956584,0.308556275408001,0.031728894090162,0.3099471786120312,0.0303690546682447,m294
0.0527149349845954,0.286376783684985,0.1373574295328885,0.3076869954695553,0.0357227119811954,0.2925723319568045,0.0429307578975583,m293
0.0465371219124605,0.2613369748233592,0.3093634763259081,0.2959990795020861,0.0241963785669285,0.2821400473534064,0.0430094883893497,m297
0.0753490762789765,0.3053052354126805,0.4266870074609094,0.4154296010217359,0.0711427426301627,0.4053441090275214,0.0681545711393759,m303
0.0520156673703863,0.1319127164275342,0.3594900105278818,0.3824094918507887,0.0654466125527956,0.3574499141291978,0.0924625045274669,m306
0.0367908810645882,0.0905801721718847,0.2918646292475652,0.292787263873768,0.0328176918759282,0.2962962314080595,0.0277471712008848,m309
0.0414851902243746,0.1343124916246649,0.1453344142710224,0.3195774223561432,0.0531069850006708,0.2341959160403274,0.0394599085167461,m314
0.035592989107213,0.292592738353484,0.5098820967016184,0.3090728014687255,0.0314094770602023,0.3144080262980089,0.0296082289903671,m326
0.0469417599174019,0.3003001898159504,0.2959556108781387,0.2991533876679761,0.0283770642723671,0.2890587484537938,0.0357607579667836,m325
0.0549037154767399,0.1048216168307292,0.1075416426561829,0.2304460913769707,0.0620567719585506,0.1130852204533831,0.0671526158067403,m335
0.2185299639931938,0.2378950888581149,0.2360818184215438,0.3239180133638511,0.2290925672824775,0.2350003975748418,0.2211781703095528,m333
0.1729473113028496,0.1644147345363644,0.1644147345363644,0.159995360391339,0.1818128991368261,0.1696304265301353,0.1672371055628856,m337
0.0195163102758478,0.2313962085391753,0.1502294308450816,0.2519139399109326,0.0296645965171485,0.2228567366780945,0.0232595200532046,m34
0.0845822071699696,0.0882535867083157,0.088933267516746,0.1346153554419762,0.1128921039683369,0.0899608000785665,0.0923430335325471,m347
0.0500760303129255,0.2450781191763462,0.5499586778526816,0.4956738441074806,0.047301278231457,0.5994287790433258,0.0466388893335218,m357
0.1261236816218801,0.1313741387717721,0.1154277191259924,0.1139836811991354,0.1325760053221408,0.1122061843237221,0.1372027364705242,m364
0.2811656376523813,0.7432650142404263,0.6817519872614944,0.5610967952566569,0.1778506016661243,0.6923088633586009,0.1721653348530215,m363
0.0552748997303363,0.0823714290107727,0.0823714290107727,0.1679093844982535,0.0413361037000617,0.0884971324150676,0.0413921859789905,m4
0.0540714030757598,0.0766967045454549,0.078139713602113,0.1209170096294759,0.0685064394150321,0.0906906865364534,0.0673038251423995,m38
0.0788426840358758,0.1819075403708926,0.1819075403708926,0.1999075444300004,0.1249218690047503,0.1648901910085216,0.0754227916828627,m39
0.0492869661765714,0.1405901283320371,0.1405901283320371,0.2624136517352874,0.0409944137527126,0.3027336394146717,0.0615351455980002,m49
0.0607720550922614,0.1137862650637838,0.1137862650637838,0.2348980676479481,0.0600542753485408,0.0956435379877851,0.0598056859309961,m59
0.0447666918909967,0.0909969452813953,0.0917722670221091,0.2171681448094189,0.0704820624991695,0.0977151153700771,0.0445866212395262,m58
0.0760552551045857,0.1110790887055088,0.1108323944176078,0.1950330096219021,0.0797878440007962,0.1298900767250946,0.1011233500509539,m60
0.0263989776472166,0.0868690356497135,0.0877143029523328,0.2023935927724165,0.0324184163617034,0.0944984901599973,0.0344125327983348,m66
0.0394456459917493,0.1023105863703733,0.1010175167579859,0.2769035324289664,0.054714788895147,0.0990101957293694,0.0545662073320932,m67
0.0345882648927472,0.2706293157740286,0.283007181599787,0.2568314811800202,0.0350283667826852,0.2626467022122501,0.030555120055877,m68
0.0362117855538486,0.0801155384222069,0.0803360478229266,0.2950510532301386,0.1106794991430754,0.096054587672964,0.0823583430084915,m65
0.0189170611611475,0.0501940760629809,0.0427001647643681,0.1057891558843524,0.0300191072576681,0.0972947706897494,0.0246959670571091,m7
0.0454840634017515,0.0759953120689164,0.0745744195970864,0.2182751384021489,0.0812005737562853,0.0688220600804088,0.0474386721031155,m75
0.056330993799259,0.2057062149938525,0.2069820478380656,0.2708871756686464,0.0817369224973593,0.2149407916849681,0.0705823252531816,m93
0.0608677133643962,0.1157191797943762,0.1325665575899271,0.1624622127355609,0.0616055158884873,0.1437272983734152,0.0579731980736576,m96
0.0442564401196304,0.0834590059910934,0.0856808082619795,0.200570557040768,0.073536630754826,0.0759369166946537,0.0585901805729187,m10
0.098888711300013,0.1525077931682421,0.1688353268579467,0.2697661248416304,0.0705180460514938,0.184535134723414,0.0727021894530972,m105
0.1132121654562778,0.1818701153979543,0.1764856175127637,0.2411775641512895,0.0917755760546113,0.1751870618451786,0.1077427865131243,m103
0.1558254640004786,0.1489113869643969,0.1560976090350769,0.204809640228176,0.1860872787343375,0.1431375485477121,0.127102869648825,m109
0.073791346132775,0.0998908040872758,0.0998908040872758,0.3641090411372317,0.1025189464850864,0.0956048659286465,0.0722102945882378,m116
0.1069696476612877,0.1689404935877165,0.1689404935877165,0.1729105433001686,0.082281641500288,0.1693184539108876,0.0819780412753976,m121
0.0796974062864422,0.2184249397237415,0.220137078486794,0.2548194227210274,0.059046440153198,0.2150500641346028,0.0881857256352688,m122
0.092335746532604,0.2001641313152969,0.2066322389433361,0.201999426733343,0.1355757668257668,0.2767896432037775,0.1275074753798674,m126
0.1917856122611438,0.3478204800289047,0.2582401433237515,0.4153358647066214,0.3334963132917097,0.4159335340746105,0.283592189287192,m134
0.0306495638812308,0.3202217651278102,0.2497333776889524,0.2894289314748601,0.0387247133725536,0.3211515768045478,0.0324395911582317,m137
0.1103350728812488,0.12154133478341,0.1214354033082307,0.2407989569232405,0.1014904780317157,0.1286907654217454,0.1042412287127019,m143
0.1042368501069931,0.2425067525425634,0.3473299526946143,0.2896442949726945,0.1057424979482243,0.3541956964154706,0.1211798398462105,m141
0.1247118594794456,0.153502894757945,0.153502894757945,0.3429072016389393,0.1654933059771769,0.1743329650235722,0.1342569355874885,m153
0.0431438321499419,0.095090374676391,0.1178858167715769,0.252835480225769,0.04800129172849,0.0816851934324867,0.0516448145770516,m161
0.1511515143651851,0.1712532565165442,0.1712532565165442,0.3780901143721016,0.2202380952380952,0.1748858098403402,0.1694883821911555,m160
0.0358472342022296,0.1378885805741103,0.1398677748287765,0.3239426286743412,0.0535384652329528,0.190187677759625,0.0522234732795027,m166
0.0406242225297327,0.1784341276141676,0.1777239292357263,0.2158737387259303,0.0387000046444345,0.1742972757534407,0.0418781415405176,m169
0.0684422947455313,0.1216272574902629,0.1216415211327089,0.2483072477591722,0.1338805309470944,0.1076446564091466,0.0759580228694595,m175
0.0399711503914088,0.0748197583309745,0.0831571133400581,0.2623426548679549,0.0610049425313595,0.0837043255037107,0.0326740085102617,m176
0.0320472255215262,0.0709780330659958,0.0796010158850773,0.2366657993981776,0.0584160875368756,0.0746636589587491,0.042810235817107,m178
0.0439353168800156,0.1076168100055774,0.1078491561688438,0.1723378916157314,0.0394904604182567,0.1062191084373534,0.0438301347207605,m194
0.0388248802094358,0.038774854137176,0.1002975040651953,0.1065885078528238,0.0502152248932837,0.1643473870857894,0.0372814057790562,m2
0.0671011707626942,0.1829962557151096,0.1838451345389899,0.309290970144315,0.0944379817640406,0.1635413942059621,0.0576881262259588,m202
0.1271558259464563,0.1573727621936535,0.1489301509433276,0.3158374109350041,0.1489552090067284,0.1428868626595148,0.1203882396504637,m206
0.0438926121286518,0.1015751536341403,0.1109156522648601,0.211138749333082,0.0608548636283082,0.1092265755920189,0.0582209440804287,m21
0.1175007762877102,0.1867503122480997,0.1869636509686418,0.2224419030334901,0.1126020668499692,0.1952791654357184,0.1298670498188393,m214
0.1600744679643912,0.1369655801032447,0.1524646397445877,0.2026490912736177,0.1755639965457028,0.1553149786517048,0.1620916567368916,m219
0.1140673204674894,0.1908350429720123,0.1908350429720123,0.2764166328721383,0.1744918746983245,0.1925224003081181,0.1109844911384084,m221
0.0710732589911827,0.1464069995280494,0.1465887757290242,0.1459040452004129,0.1166800290316191,0.1523821701255668,0.069264338647495,m226
0.0735988496481181,0.1281572978644859,0.1232811681034381,0.1919056458690982,0.0726828607663329,0.1206624333297695,0.0787075795869346,m228
0.1368656265315377,0.1549319312394182,0.1553586812114915,0.1700879185280988,0.1695724506664707,0.1589790999637554,0.1387730265080606,m229
0.0489854666921063,0.1205432067008331,0.1204933791887784,0.1300927699456761,0.0544534170269543,0.1305572326036565,0.0449473526909753,m237
0.0565973517328618,0.1035546714315148,0.1039243163919861,0.1142445928946162,0.0551543421914471,0.1065954182154754,0.0643332592549105,m24
0.0745149687704217,0.1080439793488751,0.1075272507888493,0.1009924329503546,0.0915809328268717,0.1201766908851302,0.0684460401618592,m239
0.1278432630259028,0.1505842831278903,0.1507710843829171,0.2490144698598634,0.1597769954122061,0.1455779915780073,0.1233423191544428,m249
0.0423741894814521,0.1088889133405606,0.1088889133405606,0.2502100027694519,0.0380033063123232,0.1064897914777833,0.0636705747385107,m26
0.0253908480037187,0.0609264747013154,0.0761708638125156,0.173909125892913,0.0293317907386342,0.1381068566635827,0.0272109128157401,m275
0.0546679789875814,0.0739579133191627,0.074134301312726,0.2022920722930915,0.0563870719929371,0.0853643475598961,0.0556393221869806,m276
0.074978828677635,0.1354330897069515,0.2525865406645199,0.3125860694290653,0.0305294193624386,0.294664469997747,0.0686919878241037,m280
0.1149643089481604,0.1603743445722551,0.1601556917505976,0.200220266825484,0.1518480496783455,0.1770904567716766,0.1264739936243462,m288
0.0440102665947639,0.1287933912193596,0.1287933912193596,0.3132555739567255,0.0433007799293718,0.194404501141506,0.0632972385848718,m292
0.0776006556062723,0.1231714348260395,0.1223308981335021,0.2090760612716167,0.0777330634405465,0.1244564293412648,0.0742223004944617,m295
0.0182341449826667,0.2573271497984774,0.2774847495813442,0.2673680973284934,0.0240313846218179,0.2680927016188451,0.0490223353200595,m302
0.0417459539920489,0.2320379893854799,0.2316980714131382,0.3367163764679963,0.0773910135473757,0.2732581293732423,0.062892234373657,m310
0.060189438048619,0.1786075462053739,0.177713636581129,0.4047674793756846,0.1132785352876397,0.2903642350659058,0.0686189032905174,m311
0.1455096292377825,0.3136647535311238,0.3268752447545162,0.3528301745280047,0.1478662670694483,0.3232705588448797,0.1433330059436859,m315
0.1414064656659356,0.245278840829275,0.2493421375563451,0.4447671911565478,0.1950571029819262,0.2896254243834113,0.1349356829672002,m316
0.1487631863340395,0.148935242670334,0.1557897269319073,0.2692763529767433,0.2014715740573724,0.1622639921179707,0.1279975798072438,m318
0.065856279854782,0.1198369098827484,0.114700147933839,0.2160065643374929,0.0753723261134861,0.115722238576851,0.0645557630088405,m327
0.0699966481959166,0.1224645042446965,0.1225864217003292,0.190820778461578,0.0694248465436832,0.1240287392636449,0.0731096766788326,m328
0.0228128422862735,0.0878167554771454,0.1416424839516991,0.2537667796233237,0.0266392565268001,0.2669522176650052,0.0225003734353471,m33
0.0604366561446364,0.1258278854294308,0.1227460375608571,0.2982185814613736,0.0672314428988222,0.1256254010584722,0.1039572599018404,m334
0.0274497048402363,0.0431116765659805,0.0421832498990852,0.1399587685776482,0.0541543726451955,0.0413164749785212,0.0297592234558887,m338
0.0283871143864944,0.067968369627724,0.0680761523559556,0.2491427405543063,0.0243629670327976,0.0697751753099618,0.0310419874951082,m339
0.0728364053922604,0.0696266157315094,0.0675843936885884,0.087797295759984,0.0831366751651858,0.0541421931969105,0.0732004836705549,m348
0.0178920639929193,0.057935648657283,0.129476031444017,0.1791360645181617,0.0229747682765731,0.1439941262053904,0.0142445646566678,m350
0.0175901599357899,0.1283305350121718,0.1286969759196978,0.2992953830497536,0.0254339518500509,0.1355896931314007,0.0192342316826032,m351
0.017593718825943,0.0446628314656148,0.0529499110036037,0.137566988182214,0.0222764546844426,0.0529031702077653,0.0182229400261437,m352
0.1421617007362192,0.3875432745071555,0.5870815995870163,0.5497116064337089,0.1111117262390449,0.5992248975424755,0.1204209525896778,m355
0.016229314415029,0.0600090386705341,0.0603590175492714,0.1504022093120335,0.0219045287803413,0.0784334489765446,0.0223047570159341,m36
0.0452302400255681,0.0917617716015202,0.0942398891008016,0.1682064263578192,0.0524567944021257,0.0902777943382235,0.0520802682384617,m37
0.0840887908505914,0.0875832895554188,0.087486633118062,0.2389536122835552,0.0661398844103802,0.1000939262629511,0.0459839783752113,m45
0.0312343990408399,0.0369993600831844,0.0369993600831844,0.2177192797493477,0.0362567152333809,0.0491576885148168,0.0308195186407671,m5
0.0396226478424347,0.1011868987817737,0.1003859225751686,0.2336205447077251,0.0485679466586686,0.0990324111466584,0.0389003038616532,m53
0.0308793056821325,0.0777755032521298,0.0777179455253361,0.2262045859390524,0.028424494142281,0.0769303532962838,0.0312259638229556,m55
0.0298536854957774,0.1723720730464202,0.1697928673350423,0.2889239947645814,0.0256079721628189,0.2545310590393264,0.0223120470277858,m52
0.0489012208384551,0.0958592356283375,0.0936551262353247,0.3489322479632022,0.0495146864708263,0.0932789619403659,0.0677105185011698,m56
0.013380388238818,0.0714356262406125,0.0716647835025699,0.2475797966309841,0.0283797936985799,0.0727141917604735,0.0156064770869434,m72
0.04447950415629,0.0587464280354488,0.0585287421631929,0.1719641801676722,0.0708553594988849,0.0587958744140277,0.0526966975713984,m74
0.0623751126804218,0.0403752616716891,0.0389308841253295,0.0518013044775687,0.05149099383036,0.0496962152357161,0.0249816091497556,m8
0.0627533897433774,0.0642449756189098,0.0752325669709372,0.1110672332816873,0.1152989965922645,0.0672174361125755,0.0739988011411626,m79
0.0441571081552732,0.078123915141597,0.0811836390471668,0.2152846481420288,0.0651852322866308,0.0682985922535647,0.0700588681881404,m89
0.0333935962653154,0.047739974293562,0.0483984470552401,0.1700582278401977,0.0381637984460889,0.0428038749727797,0.0478807352911716,m91
