unique_id,MetaARIMA,AutoARIMA,SeasonalNaive,TimesFM
T000000,1.097404374495223,0.9495269780225373,1.5242553467400846,0.8520845958273482
T000001,1.5214486684580146,0.49748563052344097,5.067890776131461,3.3076123199719145
T000002,2.051089391776025,1.8529186754706262,2.084662781811234,1.8750687017211214
T000003,1.7689382543648746,2.249830179581461,2.7219846925310107,2.1235250272169437
T000004,2.071627735596386,1.8850736531751604,1.6524359345591428,1.7105482667634215
T000005,1.274236719121977,1.0469125192304705,1.0538568450312717,1.0313930105881364
T000006,1.0216660855948212,1.0002807795644566,1.4884688232536332,0.8892892053445851
T000007,0.4752780800933025,0.6518672341182482,0.24400643604183428,0.35410072774725965
T000008,0.7148624737315993,0.7139031044346111,0.7199498838453708,0.6137291735830603
T000009,0.551551547253144,0.407840580448701,0.6034793609429803,0.6122985343728221
T000010,5.221999536019599,5.366506913749276,3.249888983774552,4.18594645668766
T000011,0.4938566175508931,0.7664053983927166,1.2009140148950577,0.6263385790784212
T000012,0.5629035401322058,0.6303076293604278,0.8907118285260652,0.6258756761735128
T000013,1.8991581515571594,1.8985601820448472,1.8266891445193705,1.2098598192362355
T000014,0.9269749668032358,0.970337617528337,2.035084008560488,0.8055192315125417
T000015,0.3178059308012223,0.3178059308012223,1.0405970149253732,0.3338121237683652
T000016,0.23792252525834356,0.5981511814808352,0.8019323671497582,0.24758956498747658
T000017,0.6507785545641614,0.6511644734184222,0.8355114067177327,0.5803715511722879
T000018,0.9507109134556735,0.9582306826550194,0.9632269138356688,0.5878908527892657
T000019,1.7523948336133413,2.442391747472597,2.3579480397642176,2.2198296808253826
T000020,1.1976981266185802,0.9266527274437913,1.0110262704562112,1.1420349297123398
T000021,1.0993079735471984,1.0515028093277807,1.185101617390484,0.9236535564520999
T000022,1.1326104573245626,1.1326104573245626,1.1454523724154417,1.1642860913199733
T000023,0.48507633525589827,0.47314123087869087,0.41005573342819873,0.6661128412004921
T000024,0.981881844107902,1.07593558073423,1.505389403370275,1.1415953542785506
T000025,2.0989589591973146,1.863859067093389,2.43125,3.187179358109184
T000026,1.5505246789878888,1.5956484025397097,1.6502635325856168,2.2176132486109115
T000027,1.6002363989900372,1.551886713584426,2.0254013587779656,1.97099489148235
T000028,0.49344289084318044,0.591794010669905,0.9802563214409421,1.1866950526301903
T000029,0.8532371532893046,0.789098847897032,1.1695616211745243,1.1933252415053601
T000030,1.6140453802609886,1.54957307628632,1.7851162790697674,1.6779973546336928
T000031,2.0211802270808397,1.7625638419575624,2.012789979712446,1.7151167809758183
T000032,0.9160291338509029,1.047267491604228,1.0747772181325068,1.0380957750145292
T000033,1.4892998039073053,1.3208604515877758,1.6819794952681386,1.1746880925416194
T000034,1.926989000267145,2.662374793095482,2.453647313574232,3.1916682493349495
T000035,1.4794737375723483,1.4155331686027601,1.173907388137357,1.144008567008218
T000036,1.373424495459485,1.5579486980174522,1.6185522323363677,1.1495025859645915
T000037,2.8373577180608303,2.8574994249600887,2.1666666666666665,1.5310391219204695
T000038,1.984080684040934,2.15480264184503,2.347807551766139,1.8428019552660628
T000039,3.349303016211569,2.8365642674526907,1.8665689149560116,3.0058100636054346
T000040,1.4268348209314208,1.4268348209314208,1.518964794635373,1.4858587285798832
T000041,0.4550430902470787,1.3099613728984947,0.8856738162687171,0.7835604790118952
T000042,0.4727997952299554,1.2734131399977193,0.9176554200464055,0.6883367497134614
T000043,0.5626439263851938,1.1990486923648553,1.0494522691705792,0.7194824982883412
T000044,0.5869467558207769,0.5865846962906693,1.4136695691996557,0.6208812139311113
T000045,0.2673342473425525,0.33085607389801763,0.7840703971119135,0.3027180558077268
T000046,1.8040975340576386,1.0532941647450191,0.9914598272987298,0.8052962464410652
T000047,1.8238653997546093,1.1502631956468075,0.9465291689635237,1.165749764239533
T000048,0.8230911609415505,0.7264067879816641,0.4644882124738885,0.18691295867391733
T000049,0.401248440730037,0.3811621475448178,0.47355974336204987,0.4851432230552908
T000050,0.33619384563014326,0.3347613786992353,0.48355076574021555,0.39930026638054805
T000051,0.32999557391769024,0.7032824068599145,0.5606670378994971,0.5211966069372026
T000052,0.5324976260341658,0.750994991176216,0.7721169036334915,0.5864978175592646
T000053,0.5358333517463336,0.42417298006736587,0.6882219538626193,1.3520986743469483
T000054,0.4331095317547144,0.35092053837667375,0.3902312485982131,0.4072332106535687
T000055,0.9580497366193148,0.7241516395757849,0.9097578181185213,0.9452411215267991
T000056,0.712204115550833,1.0458940978167013,1.0717394631617208,0.8137978562146657
T000057,1.3311518373411602,1.2904582840326988,0.8748977445366367,0.6755463249203868
T000058,0.35571906731954617,0.35571906731954617,0.7762890297882522,0.7256328821438952
T000059,0.7373697213671657,0.6302094268036107,0.8366993652625504,0.4783925553380719
T000060,0.48097126100827037,0.4674689054940907,0.4277777777777778,0.5168421006944445
T000061,1.2270174243238299,1.0855273653864934,1.245037448579513,1.398808485132153
T000062,3.9426034156231777,3.3346161225964837,3.2258240523483863,3.9553146154690193
T000063,0.9359566956571773,1.1425933090406395,2.452470409607982,1.5861200714733592
T000064,0.8372210431120045,0.9535717325042002,1.9837543483809876,0.8661522361113643
T000065,0.5090302197331418,0.6139987889190865,0.5582171334654239,0.8159005380606559
T000066,0.8437950172382069,0.8887651582287454,0.6946343961571015,0.5211165254958763
T000067,0.9202929613681711,0.9779730051447969,1.1416785760685981,0.790458818960766
T000068,0.7352475163147195,0.6919358135540623,0.9649684415480895,0.6520886272403773
T000069,0.7758301652997781,0.7873889992671455,1.8840869601634003,1.8897476434473972
T000070,0.7101509162723533,0.8522418317935041,0.5345581437210567,0.38351366191120356
T000071,1.8980931744166543,1.8295305765591447,1.9584727242457214,1.785631075632982
T000072,0.34240146476812466,0.4226279983797335,0.5623351990621186,0.8872847498363693
T000073,0.507593419496324,0.5230160114228025,0.4291097844438637,0.33794575794067994
T000074,0.7596148359339258,0.6986627209617197,0.7496089600320077,0.787432438907887
T000075,0.5415120092103362,0.40270335551178726,1.3942363312960755,0.7722425530020424
T000076,1.01974002253686,0.9232784530772958,1.218391986226996,1.044317766630188
T000077,1.1342414894459938,1.1180747447124075,0.5409135716656466,0.4674325539745105
T000078,0.37280576835497536,0.5944984935204416,0.5598366871834795,0.7978993166604403
T000079,0.4124156928119263,0.4640078560222914,0.37802970016179527,0.35379022313548264
T000080,0.6184866455640722,0.7488332812982647,1.0093385791317393,0.880479700289981
T000081,1.7367468864190339,1.7349686489241387,1.851946128831518,1.832998729202241
T000082,0.6024715032985074,0.36777609369427144,1.2777662921482982,0.47603952847913955
T000083,0.6771038551960303,0.7876417186510963,1.1394105935896983,0.9991433194163029
T000084,0.5909439223746801,0.6675814544426601,0.6876242418124433,0.7221519604314475
T000085,0.9284851824373831,1.0177699726467035,0.9240701300470543,0.7666745461562217
T000086,1.3882010578067667,1.3174985404902222,2.8136028392671655,2.3802483538932186
T000087,0.6512216774576178,0.9612321871777455,0.8345609526436046,0.6670663397577111
T000088,1.0144792985214326,1.1145582794275861,2.475896168947281,1.420309160514557
T000089,0.521311611613087,0.4844454311824845,1.2536148601584844,0.4715941987185089
T000090,0.5661807441240001,0.8252357010734076,0.9683623203595584,0.5208270010912521
T000091,0.3254519440652867,0.5929195693011197,0.8607906749561306,0.34444828284987755
T000092,0.48661991337084826,0.6111391613545811,1.035174003376185,0.6891821006910628
T000093,0.8771778127381226,1.2238342700143774,0.918404458824363,1.3231737706977835
T000094,0.33670808857138423,0.5482403797990588,0.8868271481109997,0.4946764732674586
T000095,0.4705468631221756,0.6085687482015438,0.643688842726726,0.43207166250481166
T000096,0.4002202698116372,0.3650423362709522,0.833765336098151,0.41124961197798543
T000097,0.2006397282794786,0.35503917506239885,1.1353285862631657,0.6301053744221171
T000098,0.32959810953194163,0.3294168536200455,0.6848171701112878,0.235587600683749
T000099,1.147791017481647,1.147791017481647,1.1889148513856436,1.171625857071548
T000100,0.4119785951573473,0.3546938745277452,0.6706467661691539,0.4421429800156932
T000101,0.4889897098764552,0.4639520941708334,0.4446326778233099,0.5345122320595626
T000102,1.0459382620680489,1.0028723556050954,1.2113783533765032,1.4588537789626213
T000103,1.300503823886402,1.928357609707155,0.46344935306628854,1.233078392377689
T000104,0.6190292216129913,0.597153865177389,0.6451295093423145,0.95288052130466
T000105,0.5465490686665652,0.5661819829955049,0.5877155881385407,0.8795794201018226
T000106,0.3951831063705737,0.3859153870249137,0.43636122705890157,1.0045046868574183
T000107,0.4459571327934356,0.4595688257650076,0.4778310617533232,0.5634815624300605
T000108,2.1805527107453258,1.8960767023275686,1.9148326205711774,1.851075118481425
T000109,0.589553248789203,0.5990292184130528,1.3658662893657554,0.5971156074685166
T000110,0.31871482581465327,0.20869341203448072,0.702015769067183,0.29093388634609463
T000111,0.7868993284368415,1.7921694196744207,1.0147623298088753,1.2052603389198921
T000112,1.2608714885728423,1.0101555338040094,0.6375001904645812,0.4348984323812644
T000113,0.5282332052373806,0.5907519622870452,1.9012192733326805,1.2508546715092794
T000114,2.6048601125471214,2.0857011532175065,2.2368762196821854,2.245941119570236
T000115,0.4265788666365987,0.4187627396657795,1.1902272410427994,0.5817604251076084
T000116,0.41546048083626425,0.5848327115019857,1.2962100633811926,0.8423504704199206
T000117,0.4687195106673445,0.47152330500424644,0.7511419001218027,0.4222747486778938
T000118,0.5124063918625861,0.624894208863777,1.1559208836372976,0.8257654930803061
T000119,0.6462170954555101,0.4074235887398285,0.6779228817350259,0.8730671845896995
T000120,0.522763853557041,0.6574463527989939,1.500084617787961,0.4747425670765476
T000121,0.36068091473394515,0.665893526242852,1.6025091647676608,0.5073818140579297
T000122,0.655962089138815,0.7010416646922683,0.8173245548851172,0.4388958533234068
T000123,0.36068091473394515,0.665893526242852,1.6025091647676608,0.5073818140579297
T000124,0.7522751730688009,0.6717461871328378,0.9400459634906112,0.4353238851453922
T000125,0.4712062813238555,0.5827543746964277,0.6223008897569444,0.6787271698315939
T000126,0.4144074203832175,0.5078440413657638,0.6815364476547962,0.8552319829563153
T000127,0.3172788581073528,0.30426209616398775,0.6638885711017045,0.33608221986476267
T000128,0.3669314256468088,0.40134021926106545,1.1792603590871957,0.7436363067493202
T000129,0.5882544415761483,0.7278541896750889,0.8437879212172127,0.7457319031929666
T000130,0.24577501126141577,0.11530333660525971,0.33363939665806885,0.10479711230494304
T000131,0.5461448943726199,0.3780095894403235,0.39785768936495786,0.34494144641085256
T000132,1.4297033385875038,1.2931445234328842,1.2931445234328842,1.2230316949055633
T000133,0.9111920196175946,0.937350760602701,1.004208623000904,0.9863817983387629
T000134,1.1357426632479144,0.8146422554508077,1.213883876446237,0.9011383364375464
T000135,0.5121219851933152,0.46064339717004027,0.9516826899691204,0.5742185502515794
T000136,0.740570021749411,0.854591233248198,0.5114892772155306,0.8485801330240003
T000137,0.7871948850287618,1.0863366790811841,1.060000998677509,0.9195563462350143
T000138,0.652163360906551,0.9189396258966519,0.8543621605327354,0.9186175224504156
T000139,0.45722603389723354,0.4755059044207502,1.0150703587438572,0.7355484704476795
T000140,1.0534595922560785,1.0829328054762781,1.2334885534155533,1.0815433170730835
T000141,0.5355226334075939,0.5494527674738561,0.8614651183468567,0.7353345719270462
T000142,0.47364699812088995,0.7118031483045513,0.48563871413909887,0.7766742387570669
T000143,1.6434527069944245,1.0951117963806958,1.0833180534157816,0.4547750849220246
T000144,0.49599904929175026,0.44524239960802076,0.6647667264924243,0.4278030796039752
T000145,2.3244262329651386,2.256324954776209,2.3198335644937584,2.0622042546159847
T000146,0.7911552980200586,0.7911552980200586,0.7282685776135558,0.6592704098938214
T000147,0.22705536141254368,0.17120732311238926,0.47535405554533755,0.44073634509854354
T000148,0.32497136155030054,0.3249482351555819,0.3106936416184971,0.3210340896782848
T000149,0.7114276844636003,0.8591288718512311,0.9752502399561224,1.380507922803491
T000150,0.7551165972944958,0.6129954214385,0.7001675041876045,0.6918226398614982
T000151,0.38467890226346113,0.4919611396411759,0.5672268907563025,0.7886678230862657
T000152,0.4703225096208501,0.5034005460931187,0.5798771121351767,0.9922734859718522
T000153,0.7074218931654299,0.5445279402616577,1.3337785977859775,0.3617763415121944
T000154,0.3674569713449644,0.8640428063844477,1.4856923044421284,0.7497187461024563
T000155,0.22207138807943458,0.22207138807943458,1.1981344755678296,0.5681072956423397
T000156,0.51805939169108,0.5035491951057296,1.607228683220059,0.7859931380377347
T000157,0.782652043090299,0.7391689494654131,0.9119591278822233,1.4722525010463792
T000158,0.3108028922715768,0.3108028922715768,1.5545985876293502,0.2275285103572891
T000159,0.7502036403888526,0.991613199077976,1.3640152049671912,1.1459247952736247
T000160,0.7804638430201315,0.3642777951861792,0.6759584798258835,0.3289667621145509
T000161,0.6143389956521881,0.7270025636514368,1.389768502335632,1.1121050128453704
T000162,0.73562440588888,0.73562440588888,1.6892731891862036,0.8331531452078567
T000163,0.6326055963715678,1.2603286142693357,1.266904136982877,0.6148903079009654
T000164,2.2284869047204836,2.327366594787407,3.0534270881251233,3.2483005938567886
T000165,0.9882151071666541,0.9911143681582925,0.9911143681582925,1.0139081657317763
T000166,1.4455710900198195,1.3699220630994333,1.4055877479654701,1.3674654758514493
T000167,0.8300305887696263,0.9702121764523562,0.8568129330254042,0.8701665230766455
T000168,0.5495109042647157,0.6086112573217513,0.8762051019537581,0.9824604795670898
T000169,0.9914443923573771,1.2008350265219427,1.5080751397069614,0.7388898240196056
T000170,1.8758315669685035,2.19520338680065,1.3374259705425067,1.7545390780193892
T000171,0.5548364351964936,0.5135374257756632,0.9055258467023174,0.5634088363239472
T000172,2.517964409343644,2.702045278756072,2.170092465873601,2.207843786987629
T000173,0.5790602609836627,0.6189310801798587,0.9159051781221029,0.6072324647475292
T000174,0.7692345812915615,0.8584687039758007,1.1125945361938572,0.8720973711994601
T000175,0.46987478401682725,0.48450521292807364,0.3168052777485347,0.5940985236037559
T000176,0.3294572946104145,0.41818351990448593,0.3780778395552025,0.4316696200321552
T000177,0.39800213519843464,0.42432193957333325,0.6038293497815472,0.35482707644942724
T000178,0.4297523666578071,0.41036659117680074,0.48797517455391787,0.39677486743570234
T000179,0.24955201895877768,0.2790292737964145,0.5659873251512805,0.44842215761642057
T000180,0.3350272575327248,0.4424939293864003,0.5236566793497394,0.4446036155497846
T000181,0.45488673817096215,0.6007374161710877,0.9768264387861291,1.028172723994216
T000182,0.7040203716977909,0.8812245987034969,0.8994278304071548,0.977918709068485
T000183,0.9539865784596921,0.9383649427645078,1.2196770704573547,1.2590171100182646
T000184,0.812498213274241,0.9630631672019241,1.0615474938232345,0.8532769196428344
T000185,0.6736365447262022,0.6120615440043793,0.6467189980596231,0.7404371837939636
T000186,0.3439127955416479,0.3220492704419291,0.758679039006481,0.521793587016752
T000187,0.5278933870618698,0.4772045284876265,0.6463561075460931,0.4756153471565237
T000188,0.5063036920518135,0.6483101430197588,0.8201026174563144,0.955004672778143
T000189,0.6953431373851152,0.7041419426932065,1.191690834846027,1.1463567874430707
T000190,0.4890503777071847,0.5314750357212986,0.37874698743288326,0.5298125759009479
T000191,0.681146971175435,0.3511603534012087,0.44028211208994367,0.3717639257075907
T000192,1.0853307165394788,1.4821527884225363,1.2658265407699036,0.8318969933814797
T000193,0.4771687731654065,0.6703852944485185,0.7322058189491539,0.4783936185334625
T000194,3.162170665974993,3.3357302284382846,2.6355499848836033,2.8215814014642278
T000195,0.4907464526906866,0.31385660321600406,1.0813597775591777,0.5288949432934404
T000196,0.775460473593734,0.7403588544983445,0.7160270544512463,0.7860156732119199
T000197,0.37621541221894567,0.37621541221894567,0.6342828432886893,0.5337903639209968
T000198,1.1744066543034193,1.3189761067287062,1.9090950443297605,1.2842677506218045
T000199,0.745236699015758,0.7898031404378156,1.3026177625575392,0.7022146186884859
T000200,1.2075547889857097,1.6196251981090897,1.8843279949655598,1.6859696867336842
T000201,0.8340513686988257,0.7720336617454695,1.1292993583128152,0.7470453711666775
T000202,1.628380473629102,1.016685972728968,1.056143020825134,0.6714938896790242
T000203,0.6600137325987115,0.626028848070654,0.7649647663384977,0.6444321138698854
T000204,1.7092628316776566,1.5537587996034463,2.721911254260609,1.0314969271826826
T000205,1.3343717187043973,1.1083119635919696,1.9176785796421507,1.2731263866190319
T000206,0.44715950228255874,0.8785302595064252,0.46281378793555644,0.8384070094938625
T000207,0.948419001477089,0.9318803477992267,1.2630248368692567,0.8408104709954833
T000208,0.40642016143195825,0.40268702250792776,0.8909839330766166,0.5609465525486194
T000209,3.359469217158911,3.4491309402558596,3.9825350621857636,3.617503460704665
T000210,2.777604163913283,2.8053378098276136,3.198731300889984,3.294364945090782
T000211,0.7496557791458139,0.9743647768018674,2.092354277062831,2.1290088685329533
T000212,1.249276041220988,1.2070201206534763,1.5289256198347105,0.6727711036584993
T000213,2.5008964035198047,1.2083094826274847,1.8661660777385158,1.087083007758582
T000214,0.5818497055679329,0.5748735334226275,0.6699819168173599,0.8062916859723919
T000215,2.9463278208677854,2.2440279718742477,2.1609788111756982,3.2355979291399803
T000216,0.8574547499085465,0.7016949199396469,0.5740259740259741,1.1578768423760026
T000217,1.0016507539790735,1.0076767672068794,1.4810136831025826,0.8656965316273347
T000218,1.2891180471059043,1.319552568393215,1.5466679469944304,1.2983803160249647
T000219,0.42954306819219207,0.30259062094826866,0.789289871944121,0.945695355274347
T000220,0.43540522327678516,0.4315901819373309,0.5581395348837209,0.4863948378452035
T000221,0.43132013768211563,0.4313144134898093,0.5169491525423728,0.33584142135361494
T000222,0.5527830446321452,0.751273312881147,0.5943396226415094,0.43984107251437204
T000223,0.4633541174264279,0.9206880918102397,1.8035714285714284,0.9162280218941825
T000224,1.637122345752265,1.7454879134028738,0.861744966442953,1.1273368681837248
T000225,0.3665204847346281,1.0747514234726019,1.1664676022693343,0.3974401611255226
T000226,0.5225848868278631,0.622890803913748,0.8179207352096496,0.4745439576527498
T000227,1.2034023944513443,0.2850381647676846,0.7592849049477528,0.726827695179718
T000228,1.371107186639095,5.012038407842806,1.1771428571428573,0.37143589564732143
T000229,1.0965813597626821,3.3839475241904107,1.2413793103448276,0.43925594461375267
T000230,0.2067694209390492,0.6727946432719595,1.456807140436109,0.5144657030279065
T000231,1.0376183851086243,1.4513008353923345,1.32434938327392,1.0091539808826424
T000232,0.550405726872349,0.6712728474372396,1.0973980540067785,0.8414242716191104
T000233,0.5115876473331927,0.44660983693164913,0.5699877055488293,0.5310819905543431
T000234,0.7340928824851243,0.7016895035165815,0.8351919156764991,0.7920866435068927
T000235,0.9677825087579459,1.0674225639851656,1.5213576972603122,0.9222868647246778
T000236,0.9452622392984016,0.5073351406415387,0.2921894483585596,0.299920690107543
T000237,0.866829006453548,0.6542769783264781,0.6348427994644888,0.7924374210752975
T000238,0.5668250483539281,0.6072031696265999,1.035806977998027,0.9036583500890266
T000239,3.194264629331133,2.8979547077536196,2.5195530726256985,3.048932829029653
T000240,0.7399513523999283,0.632774515156441,1.0883029362158443,0.8750890023598755
T000241,0.6943092428195972,0.6321561546959257,1.1772233785228106,0.8384926257294695
T000242,0.8547376952553162,0.9563453764950125,1.171888111888112,0.9900885649994537
T000243,0.3542716660842273,0.363288401073475,0.39189189189189183,0.3701462616791596
T000244,0.393943265894222,0.6223147049953583,1.0099667774086378,0.42682716141507476
T000245,0.6950565708192719,0.7521512841754686,0.6611570247933884,0.723333689792097
T000246,0.533011410633404,0.6082296689211839,0.5369649805447471,0.5390396415027663
T000247,1.5046435510847043,1.2621821691342745,1.2737483466684012,0.9582378665619105
T000248,1.0545306762501239,0.9698965695033345,0.8886382488616766,0.6953904636877801
T000249,1.2824396486498664,1.1753638587959516,1.3806024466172666,1.1025930160045436
T000250,0.6855555694360039,0.6663586917221099,0.6797405264607909,0.6481041025099689
T000251,0.8918276240461493,1.2211114218357224,1.3013446983613786,0.8065074298653178
T000252,0.22565554531415047,0.5024566620728723,0.3566170456404384,0.1998236899716792
T000253,0.42644731298756106,0.6527002921307931,0.5491829229682667,0.42394534849192866
T000254,0.4308165650772446,0.31130523908258134,0.441017856429513,0.7738797807727132
T000255,0.37045378926966727,0.3723441695660977,0.7534672336622344,0.7907819323308
T000256,0.9612832303738027,1.077563698795614,1.3255163452569516,0.9155970588686243
T000257,0.7043266937490066,0.5628714535078864,0.7407912846711925,0.597703309234563
T000258,0.5452436720618979,1.1962255947859932,0.6350190589592086,0.542416442924572
T000259,1.1811382645414068,0.9237063773992242,0.7573128324014728,0.4588249647333934
T000260,0.6376636934558153,1.8964884197959742,0.5269814502529512,0.7134999473018551
T000261,0.4845756950866889,0.42824250587940943,0.6052561008313221,0.7269578853411789
T000262,0.25667295882316005,0.46872716434476985,0.35182679296346414,0.5577235378872774
T000263,0.6346126728188202,0.596488387681433,0.8317407512268781,1.0924411412228634
T000264,0.35739613427270056,0.5486794415049173,0.4330571520987284,0.5356997176024157
T000265,0.6967328021496546,0.5107803043619867,0.8191593352883676,0.4357033409797317
T000266,0.329894067524115,0.3329092759587187,0.2859278639506633,0.399247409918223
T000267,0.7948573817050003,0.7288328267058201,0.33121856424325563,1.0561688982587347
T000268,0.7844298198460544,0.7844298198460544,1.0770062469966362,0.6517513096571236
T000269,0.7021581354047332,0.3973132546818567,1.0265081269772007,0.4584717836376884
T000270,0.6045253125848029,0.6137312267107413,0.6777077765050276,0.6396601294475884
T000271,1.1307934714794667,1.1748953637311006,1.14475,0.9508127415180209
T000272,0.8850587774816915,0.8286673825062254,1.0612460401267159,0.9375032225531281
T000273,0.3893615731983564,0.40182431905111266,1.4357733023495998,0.6975984897986165
T000274,0.903878832157203,1.4365893389248334,1.066019417475728,1.18139575245311
T000275,0.5586149381733067,0.5476778765741653,1.0708280790248006,0.4777325617760959
T000276,0.6631603166554494,1.2467395195291056,0.5798394290811775,0.7191691719773196
T000277,0.5947020127529362,1.1347611661861168,0.7829373650107992,0.5465683612658706
T000278,0.814728942246955,0.7716977842728429,1.0007147962830596,1.0350347332139795
T000279,1.1248589631227928,0.8721586471468101,0.9541443850267375,1.0074768646090635
T000280,0.821946778619894,1.1500792590014344,1.268768768768769,0.6251637188641272
T000281,0.5464293635260775,0.554581244170285,0.642706131078224,0.9965284803200978
T000282,0.4905156262716058,0.4533169716150154,0.4603756298671553,0.5153532537144911
T000283,0.9321358892958591,0.9262754064481215,1.0069444444444442,0.8509512417244187
T000284,0.523158777122794,0.501144460488062,0.6788553259141493,0.492103311613747
T000285,1.2373040340577979,0.8110231385702106,0.7478997899789978,0.9060813731486255
T000286,0.960828510641074,0.8630882276947687,1.0552151155368312,0.957272333704952
T000287,1.0836141860762434,1.4023931276381512,0.8371246587807099,1.0109238498746755
T000288,0.35860984192681455,0.4191459159559148,0.36674816625916873,0.3165971154397158
T000289,0.6621525119609456,0.7589977183598531,0.6720506006754138,0.5266619390185566
T000290,0.729396461171277,0.9823131827450438,0.6568909984743175,0.8523828519726427
T000291,0.5525259755130648,1.7003462906357973,0.9300656984785615,0.6087055262358524
T000292,0.7011037204186342,0.5758987836705807,0.6330091091554731,0.5632369592268194
T000293,0.5207496624567367,0.4320488117526809,2.369413031771675,1.6797270643884419
T000294,0.5786327968844405,0.6139105748757984,0.298083747338538,0.7773539730637864
T000295,0.9070845784984345,1.1439975314868611,0.8629965019183028,0.6068298371697463
T000296,1.3890679473307217,1.3830272962695538,1.5238740264138162,1.2598639054497014
T000297,1.4393653643218234,1.2318030373521085,1.9389480805005923,1.430642476203618
T000298,1.0426931219601858,1.0436566784684076,1.0970925181887285,1.0160409284474239
T000299,0.31006493414582453,0.3569998291904408,0.4559748427672956,0.36000980949573225
T000300,0.8211130916011351,0.8585899118354118,0.6579578139980825,0.8121703950388816
T000301,0.5969864337826073,0.6086508272427792,0.6384170006998791,0.4910984902146163
T000302,0.5600441102084226,0.4408626846224352,0.47908232118758437,0.5676414705963753
T000303,0.5292577981571472,0.526561607328254,0.5245376955903271,0.6723152421107503
T000304,1.3638389822999812,1.4240255825409571,2.211959496442255,1.7102419535319011
T000305,0.6598069510988465,0.6627744600919092,0.6705359347987158,0.7833218262442309
T000306,0.5780257910570685,0.428099033736233,0.5624456251553568,0.5561344257907551
T000307,0.9424792140011792,1.0196814984310423,1.0260653702937528,0.8275662644322767
T000308,1.3306389631825684,1.073794461816158,1.4313800101471335,1.2272674893437758
T000309,0.511409908520814,0.5190011594453683,0.5939934399343993,0.6221756137849463
T000310,0.9781325942828174,0.7425361681148938,0.6505267000417189,0.874402170734302
T000311,0.45721031884999674,0.4675044499109163,0.521097483494931,0.484927362178736
T000312,0.7516779041405037,0.4442306229111453,0.5858585858585859,0.5701006237505262
T000313,1.1509620818161597,1.1846001250883107,2.7063186717964713,1.8741230863677143
T000314,0.647432197770982,0.632475027298303,0.37276430842607317,0.3004390936903557
T000315,0.28271212269628065,0.7611096693756294,0.45154185022026433,0.3224586789303414
T000316,0.6221520547316057,0.978728738920497,0.7427526291723823,0.8600830496747471
T000317,2.999289511203615,2.9200392223567513,2.7202349172450617,2.9003913582039593
T000318,0.7629954528907361,0.7982143761111724,1.3922669161209857,0.9907608668604188
T000319,0.4876397224836456,0.5215783953719559,0.6423384168482198,0.5777629320398137
T000320,0.47913308297649504,0.5014876265321132,0.6829505551864856,0.24254837807254104
T000321,0.7608248372489459,0.7746503419064892,0.7428892636312534,0.7887156784031883
T000322,0.32977022958007207,0.3296540904840439,0.35778175313059024,0.3305121328805569
T000323,0.5330738256061446,0.48319195363672657,0.6603773584905662,0.5282631385251411
T000324,1.096658675028979,1.1701701875046584,1.2824542389210019,0.8338073351364835
T000325,1.3123012042317683,1.181077406421887,1.1687130513869939,0.798148657853845
T000326,0.9345391047639937,1.0417054891176567,1.258007613035001,0.9244748824663827
T000327,1.1951761129056115,0.9655648163877059,0.9525959367945825,0.7978093453687862
T000328,0.8878401236271318,0.962868493010562,1.1025747508305648,0.9992373697913499
T000329,1.5191280213331277,1.493085854766928,1.362191908231282,1.703530325924328
T000330,0.45867774941104783,0.6067869105219096,0.42194092827004215,0.4485370449990775
T000331,1.0193784278266131,0.6942541164036713,1.2662536331650602,0.6447693532163999
T000332,0.5644282524994375,0.6003844983241566,0.5636592413086029,0.6240085363351026
T000333,0.5301052420850382,0.58392470709021,0.6562310162284128,0.5305748174538746
T000334,1.5420862799265196,1.4337246554569782,1.5825829383886256,1.475004360687111
T000335,0.728028634271141,0.728028634271141,0.56391824472936,0.9594689334361673
T000336,1.4334890725771468,1.0448495404953804,1.4384915879787183,0.8094687042604457
T000337,0.4348055903620076,0.4348055903620076,0.5888454011741682,0.40358088245130563
T000338,0.7334845426335898,0.7455519694751254,0.8348045125732001,0.6555977069163983
T000339,1.694035522616367,1.8250444886153785,1.1037479001332329,1.575335982454044
T000340,0.2772984848388218,0.26684015430604674,0.41377904606604166,0.2670864300132365
T000341,0.30926532568202925,0.30926532568202925,0.4892196359295733,0.2558441296342853
T000342,0.7099522129299968,0.7099522129299968,0.9933934196709838,0.6939758697839562
T000343,0.47179587196763584,0.3653372868423302,0.6713992473486146,0.3572003824271203
T000344,1.438111937280862,1.9446795753535782,1.328783550241597,1.2638306872527598
T000345,0.4386549079051962,0.30329299792155584,0.46830692243536287,0.2738033895993651
T000346,1.286657301831266,1.2520196348320336,1.5549036043587594,1.2766043638243758
T000347,3.573734879061638,3.199290094033812,2.71042288288936,3.1291301511215135
T000348,1.2676973553862285,0.582851810256078,1.0746561886051083,0.9576765858588377
T000349,0.7820078281563579,0.9487248181083312,0.9053497942386834,1.5234684510938954
T000350,0.9898198727355952,1.0018960509884784,1.9650917845320492,1.4433092042117674
T000351,0.388353837692085,0.388353837692085,0.5635969172981025,0.5064747434045033
T000352,0.6281059676040645,0.42257598699986704,0.8726393985500761,0.26293211120698334
T000353,0.5405067335110256,0.7063091648771341,1.0380457318879213,0.3716429724003225
T000354,0.5222223729850275,0.5424184630766241,0.7819618267065382,0.5626936711957651
T000355,0.697413180057415,0.7413260319842085,1.2996316655448357,1.975558725935779
T000356,0.9356930670931264,1.1071927384538152,1.4826419234102182,1.68128179045209
T000357,0.47798594673577155,0.5619736446570344,1.1174639691454091,1.0272961410087793
T000358,1.5301307539181344,1.3179003520075179,1.0828153116309505,0.779739690233885
T000359,0.6793194156640885,0.7751841956857765,1.2908480097729818,0.8462755866731777
T000360,0.6514064865576518,0.6301534659659418,1.133957775795421,0.6796426968740418
T000361,0.7577685292262244,0.7301679188852912,1.4913166855845632,1.0954929832432516
T000362,0.7455370081585497,0.738418036521972,1.2636932707355242,1.0059689803862235
T000363,0.4685315064845932,0.6498605590103669,1.2054040404040405,0.9357750879152857
T000364,0.4310124492322688,0.9027022134588586,1.3537010972006158,0.7121414672008562
T000365,1.3834397529105913,1.6153133602304326,1.734458151910982,1.5468291820821671
T000366,0.8296117362335802,0.7552605265211764,2.183439865559332,1.4039135156255862
T000367,0.9538474021136412,1.564471532961972,1.22130660777832,1.5304272056528185
T000368,0.7339833342254448,0.7989403475018623,1.183033180305239,0.855349671289012
T000369,0.6622961313186294,0.7436663303958804,0.842003106532212,1.0978501591069136
T000370,0.7871696758119026,0.9195754297426506,0.36808167651800106,0.43914159480632475
T000371,0.41140893284623375,0.4577483537506854,0.8620702541106127,0.5577303480139765
T000372,0.42953041810936016,0.4469226254541611,0.5163817663817665,0.46398078885852784
T000373,0.39061704141518494,0.31080664842566924,0.5602393849379697,0.33711690867715793
T000374,0.969418244429936,0.9741436555674609,1.1614376196788925,1.6781165459700722
T000375,1.0706970145048595,1.0587018152853302,1.101615482163533,0.7492506442932609
T000376,0.242570924429084,0.2568857490129384,0.9368679808005964,0.3965177660003069
T000377,0.6674668072181009,0.9409074283315022,0.6790762034445369,0.801942526303679
T000378,1.1221896597924939,0.6670755696075468,0.7452224019844108,0.7540005907720598
T000379,1.015938116836666,1.0113783273427426,1.1693305586728115,1.286080499628426
T000380,1.2575468359184518,1.052407343898257,0.6547422491286006,0.4958694715540119
T000381,0.7055759575793155,0.624406820692433,1.0915957792035071,0.5094575595511737
T000382,0.6514292125518605,2.460516833672545,0.9365108795987206,0.7634976830190235
T000383,0.3842037819711354,0.4007077591748696,1.4641013608634443,0.6348014627471881
T000384,1.9710875648395014,1.2670234243802188,1.56105844959496,1.2396788775938756
T000385,0.5861316047203506,0.5980198565614253,0.8549599593460319,0.49372176085237524
T000386,1.8541693368960515,1.9301688319560169,1.9826338639652674,0.7968197062115592
T000387,0.6184534257750964,0.6948671114273843,0.5136192478849826,0.38429763706641346
T000388,2.0267243674855475,2.7430570454110073,4.731629058696334,1.8825385325480417
T000389,3.882015875942247,4.506683294855863,5.662882608615915,3.77855362223073
T000390,0.4569320477194498,0.4828408515502818,0.41605839416058477,0.5169921408604544
T000391,0.8340220105358499,0.9329187027987569,1.2244557974233679,1.5525752654627099
T000392,1.6100809187396108,1.7300313970655345,0.9730371612182173,2.960385154432076
T000393,1.3436802335565854,1.3436802335565854,1.725399278722308,1.4155946784303621
T000394,0.3296024579745336,0.4483442395399579,0.4281181836208604,0.472902003342543
T000395,0.2816531374515887,0.44376696045447717,2.4030808729139923,0.5955332020280909
T000396,0.8951061243791345,1.6775869104465515,1.7739591691183025,0.8089260418614656
T000397,1.530052457201572,1.490296317334092,1.1949730190286851,1.759529628751857
T000398,0.5914604190090114,0.33948957914695177,1.8662175168431183,0.8001711774721413
T000399,1.2975036413002896,2.1904923086134365,2.8491620111731844,2.2177275332658652
T000400,1.2734574423895162,1.2734574423895162,2.526536312849162,1.4872701421130303
T000401,0.34208033710032204,0.31976077112536605,2.5659574468085107,1.1944076862741024
T000402,0.32674791595179165,0.3450031906354496,1.1741540256709453,0.6121266208145695
T000403,0.4061378319193716,0.42811750092415674,1.1083934088568488,0.621364487432918
T000404,0.4504649492423211,0.6292881414446023,0.8888888888888888,0.50865724351671
T000405,0.37055275969863777,0.5588552778174228,1.002820874471086,0.8312535359930084
T000406,0.3874663959502984,0.3874663959502984,1.0422794117647058,0.3921397153068991
T000407,0.8164764535872182,0.7286167384457474,0.6996466431095407,0.89108846549853
T000408,0.5903559446145618,0.6363629447258223,0.7824773413897281,0.6148981284518976
T000409,1.3847108905570484,1.7884663976656057,1.7128712871287128,2.001531921991027
T000410,0.19612683376346324,0.293471590701168,1.1626481405803024,0.3886171004993359
T000411,1.68739841360272,1.4102239434340342,1.620578778135048,1.2766932398559963
T000412,0.2446226207492179,0.4006626357824756,0.45240437013211443,0.38418797240714464
T000413,0.8977916510910309,1.1693318885998167,1.3701923076923077,0.8348760238060584
T000414,2.083437585100053,2.2560532615950466,2.1840659340659343,1.0241082998422477
T000415,3.7758365169684365,3.7568920430841537,3.7833594976452116,3.159183759704302
T000416,3.716577523032206,3.6932079207015995,3.6083916083916088,3.004912903258851
T000417,0.980864117946153,0.8734609232994842,0.5534351145038168,0.7904470967882463
T000418,0.9920060036929872,0.6812340297642967,1.6936547047426498,0.6333197237878708
T000419,0.7978895815115461,0.6190255901310008,0.7503774909083176,0.5809176754447979
T000420,0.5245399346824757,1.1785983220957272,0.5989372339022193,0.7001292492003923
T000421,0.2874511660876492,0.26167105994013057,0.5028287004297449,0.283764186598288
T000422,1.542917760354883,1.7211596842744383,1.0141165755919852,2.144284976201848
T000423,1.3420459815808659,1.2785980629139189,1.2440535347512092,1.3214790952345459
T000424,1.3833279168975254,1.3144845741735602,0.9449335404798895,1.6784733278895836
T000425,0.9467646795937327,0.9297170862107371,1.7281502933095716,1.1269549276831068
T000426,1.611483271692765,0.8610432090634088,2.3240392854788743,1.8135160014055909
T000427,1.4677972000347337,1.35070214338507,1.4055297990996438,1.5093764669270573
T000428,1.1045170294217415,1.127298245614036,1.8425263157894736,1.218246487801535
T000429,0.15031368157741012,0.28813559322033905,0.23370998116760822,0.24156880639142672
T000430,0.5123596070652295,0.35690789473684187,0.374177631578947,0.41971544215553663
T000431,1.4601612768446561,1.290292470561777,1.0770243168713962,1.5189766088922265
T000432,0.9783415849287651,0.6489599149543467,0.4754186925985951,0.7975057213451976
T000433,1.0133931263982574,0.4981670125108744,0.5329829526312243,0.7853830590835119
T000434,0.9191536545054013,0.6500727818492505,1.0646455413365834,1.0465454394980884
T000435,2.0995338049865775,1.6336298178737818,1.3438161795849217,1.5826068443547157
T000436,1.629067807597562,1.629067807597562,1.7266303643199794,1.6060078637108146
T000437,1.2974870124647802,0.6208263851031205,2.020373514431239,0.7580813811064172
T000438,0.4161986272924988,0.6438197530071157,2.0992743716479128,1.1666422158037784
T000439,1.2961416835596484,1.0537068955168847,1.4713216957605986,1.7498172369978375
T000440,1.1492580820063785,0.8888029198088769,2.036697247706422,1.045295085382024
T000441,1.4390031174099769,1.2466552058675773,1.2037037037037037,0.7216474745008681
T000442,2.8678082235763696,2.6228206783004278,2.9545973077800594,0.7078481342449996
T000443,0.6601912221684023,0.22471129902861017,0.3605357026575308,1.0285565695295598
T000444,0.3422773686274898,0.5323647932257448,0.486559359914357,0.09021791857322897
T000445,0.22686233315891868,0.16797813637009426,1.4654637150423864,0.5091295235421391
T000446,0.5094365475133389,0.46576129472867284,0.28744599135861737,0.771778416187215
T000447,1.9896122167446153,2.019871605042256,1.4799245650322421,1.538348792651982
T000448,1.1876200520324434,1.1638751899723268,1.3612333173130244,1.0734703196250175
T000449,0.26802977425782915,0.21583540553399824,1.138932190179267,0.3718509807869131
T000450,1.7392389370941435,1.7360885440315548,1.8361091575776545,1.8391295471413471
T000451,0.7335090162715285,1.1847952936514952,1.1283065512978987,0.19657623705964156
T000452,2.1386250721704467,2.447164274002691,1.677235190022752,2.196811042117663
T000453,0.9979030753136213,1.2982859567798095,2.754677754677754,1.9199156810736704
T000454,2.1165865672444832,2.1983736011591777,1.029538549183441,2.0598098355013295
T000455,0.5512211661670778,0.5923088265762235,1.001105305466238,0.33763154449953525
T000456,2.319144587309998,2.3498294317089123,2.3605706874189365,2.0854301904116777
T000457,1.004149712388877,0.7672790288127808,0.732505175983437,0.6161394337113765
T000458,0.44376604177326306,0.46298314911544525,0.45527704912723865,0.12892299821221687
T000459,0.32323820617355853,0.3411853336505833,0.8718695398951657,0.4869854837638664
T000460,0.22918908034907287,0.4350842665381666,1.041924959216966,0.7288494141222409
T000461,0.42453439690690575,0.24057462666891613,0.31209735146743,0.24019943379297704
T000462,0.5174170430362796,0.6979597855648029,0.4305135951661631,0.4900292034475705
T000463,0.11087524624464667,0.1607295486972088,0.4447213411871318,0.07472918772153705
T000464,0.19638186830069157,0.3120420116074016,0.3643333622108638,0.14318504554915754
T000465,0.31815266460726643,0.33771929824561336,0.7236842105263158,0.45888058344523114
T000466,0.605418465816643,0.5591526489571884,1.3978219558544072,1.026439018232783
T000467,0.39815648039524043,0.5128174443886949,1.9830889703432188,0.9036048042579556
T000468,1.0493063371379312,1.0539386850715824,0.6341161928306551,0.564020295962415
T000469,0.8310139554557042,0.4494795499765439,0.8651840683502952,0.6039321349185081
T000470,0.22807005219804907,0.2819317470141173,0.26916357283249626,0.2580213244759534
T000471,0.7810484752519462,0.8089889377510959,0.7175816607634788,0.6099718004547202
T000472,0.5119913967446464,0.5744064188696911,0.42696629213483145,0.7170865157719111
T000473,0.34737115103242794,0.49767709723332293,0.3518518518518518,0.41950133733134537
T000474,1.2491748376634637,1.037865572031125,1.6534391534391533,0.8654364460417147
T000475,0.5029291043705488,0.5964175613272109,1.0256813417190764,0.44938435477863853
T000476,0.667490748454169,0.725731789733364,0.6304410080183277,0.6787584914374598
T000477,0.47314186008081444,0.47314186008081444,1.2471599402092677,0.2733555370382129
T000478,0.47162668192772866,0.47162668192772866,1.015824412135945,0.37980867779710226
T000479,1.2535428882938005,0.9538111230234689,0.7330627234947329,0.8412460145759524
T000480,0.23625860632870216,0.2706026402223424,1.4955352902061365,0.698506398981751
T000481,0.47820803941047996,0.6173793396006245,0.7313169286853496,0.28647428483456755
T000482,0.24380230434464598,0.24380230434464598,0.6116539698662604,0.42140130870451636
T000483,0.4287826773935817,1.1505748516522316,1.362115127175368,0.850173578683631
T000484,2.0020543813975697,2.0020543813975697,2.062067072140565,2.1299242875849527
T000485,0.28279673416600387,0.28279673416600387,0.4722100656455142,0.2568144139367068
T000486,0.4749514051602725,0.5789193278616902,1.3875276901389542,0.5430113111333238
T000487,0.5498661168485001,0.49015097442986005,0.730783395591098,0.4095343702525714
T000488,0.7668842243070597,0.7193110988096562,0.9535160905840283,0.90639127565368
T000489,1.404068192026269,1.404068192026269,0.9513487475915224,1.027028219548264
T000490,0.9927362345385152,1.4514884385649294,1.6582138919514884,0.9260567493712102
T000491,0.9290403304168078,0.9893672778550544,1.2071778140293636,0.6355925368640395
T000492,0.7012520143624962,0.6354059017769216,0.7610619469026549,0.6707227588754839
T000493,0.4804089066764214,1.2410653455322214,0.9494505494505495,0.8819574712396978
T000494,0.4540859041064476,0.7184054213291937,1.5960502692998204,0.8571218220078965
T000495,0.8506751389992061,0.8506751389992061,1.3256552819698173,0.777782521993987
T000496,0.3104062723130254,0.30516814716905033,0.7001220256253813,0.3904743671708168
T000497,0.7374466688546111,0.7374466688546111,1.7623892353134227,0.9722397857155219
T000498,0.31794491109490497,0.14548755186722015,0.378890041493776,0.1510634600374216
T000499,0.46517837139574286,0.46517837139574286,1.1682795698924733,0.5291237533733409
T000500,0.8143896536781661,0.7061403508771928,1.7106387764282502,1.0210054546018146
T000501,0.1564642593065929,0.1630918423585407,0.6113090449373635,0.2024740962896686
T000502,0.3787544368257718,0.3787544368257718,1.3387850467289721,0.4199821869426162
T000503,0.7353909678155681,0.3959340245220383,0.9851754550572343,0.2569729516331262
T000504,0.42726397874973443,0.31256039765803195,1.0231788079470199,0.5502097634082473
T000505,0.18550059626432283,0.18550059626432283,1.0407953376756944,0.5792265857046583
T000506,1.2791500608807131,0.988624204915731,4.090185676392573,2.609180372863823
T000507,1.388695085666127,0.46447586042437555,1.8798441664957968,0.7808047168098905
T000508,0.718189036700064,0.305481778970351,1.1886106623586428,0.5989676245965171
T000509,0.2338079973648172,0.2338079973648172,1.481253497481813,2.20244705550285
T000510,0.5859590710295653,0.7797778762029584,0.5673828124999999,0.6111353263258934
T000511,0.5924188466701376,0.2612567586050222,0.7017543859649125,0.357562408604735
T000512,0.23396498962403972,0.21524190608091215,0.7281373643096277,0.6359888008218039
T000513,0.6702403102624425,0.5662043297925512,1.6858805445761966,0.6087429346512638
T000514,2.127551174706865,6.336274638679506,1.413937276961229,1.618877007799328
T000515,1.5720319350482543,1.5720319350482543,1.1987616539787176,1.1915200986411947
T000516,0.5282269144078128,0.4966607296521115,0.7378446115288222,0.5273791990782085
T000517,0.8095554238023902,0.9931146898492895,0.6900897851569457,0.7104981803968796
T000518,0.4851380791922455,0.46770686702233216,0.4363143631436314,0.4035683815395283
T000519,0.9221747054404964,0.9639886782793398,1.8328690807799444,1.0469733958124783
T000520,0.2762284264873052,0.2762284264873052,1.1983471074380165,0.47762607542936464
T000521,0.5094695485023379,0.49498121802229966,0.5138504155124655,0.3417053751007672
T000522,1.0146992336894691,1.0426096789032613,0.9154929577464789,0.5575235930966659
T000523,0.8110297816713083,0.6099307498379855,0.47902869757174393,0.5621602477353667
T000524,1.3530579871655009,1.1929443472962147,0.9396368780947884,1.0828671841035618
T000525,1.156061625922715,1.156061625922715,0.7762237762237763,1.1360562731336046
T000526,0.4926928079399418,0.5579090454312896,0.8645363654185458,0.3883997474644984
T000527,0.43997781506469225,0.4185048396488185,1.8783830271203816,0.6077286949369556
T000528,1.0529777605278434,0.8844405269994435,1.6137038411579145,0.8067104581513285
T000529,0.1723842908739758,0.29924355501126826,0.6072734148493635,0.22867464829885717
T000530,4.201806567357336,3.9359589906427392,4.925289832367226,4.648223596364003
T000531,0.30725671461648574,0.523576810001953,1.363412909235174,0.36147444871738044
T000532,0.6075712243021097,0.7014988093570531,1.7963300182098332,0.4103515727594465
T000533,0.26652698012154985,0.23420299483018467,1.1507242477241133,0.17559932970648906
T000534,0.5394153149547886,0.5702311023808949,1.6140471428396135,0.3017354166411033
T000535,1.099967020041554,1.2015542855239898,1.6122004357298476,0.8809001426724481
T000536,0.3359104025537032,0.6455576837000537,1.303841099015548,0.1402232065365636
T000537,1.5517427199932778,1.11540097684144,1.2390323389320632,0.3641391236789844
T000538,3.2110722747822025,3.2623392266306492,3.834054834054834,3.5716380054644525
T000539,1.3496215800546798,1.4828749892694335,0.6416382252559727,1.337836741858646
T000540,0.5092082087760919,1.319385672860058,2.426506282891204,0.8305060882289764
T000541,0.7878938940765086,1.928846562298113,1.2184132292827945,0.7870843179249843
T000542,0.5754207854657738,0.40394140690072555,0.48968845985081194,0.619562350746413
T000543,0.29919232970348664,0.30596913801898756,1.3321554770318023,1.0324523170929494
T000544,2.212567519488723,2.3435178335423545,4.431965442764579,1.0156532765464699
T000545,0.1371428571428574,0.3096167266635307,0.8571428571428573,0.5778268432617187
T000546,1.4292378965722556,1.4282146870484989,1.4282146870484989,1.8655270493685674
T000547,0.966639443711935,1.0133253258064328,0.47984965546043035,0.8281540089047863
T000548,1.0870636033112138,1.0870636033112138,0.9842105263157898,0.38056940530475825
T000549,0.9639296201986892,0.9598331477976884,1.042780748663102,0.41835018912738675
T000550,0.7547161818593421,0.7842976234503055,0.7248062015503873,0.6569774255580063
T000551,0.3391402825771496,0.3391402825771496,0.6460674157303371,0.44075479400291867
T000552,1.7648976227355404,1.9411144784639172,1.79554546853362,1.718994994661701
T000553,1.6109592820577754,1.7847791684649685,1.7847791684649685,1.6007015627247876
T000554,0.755866892050772,0.8390895137818636,1.2049056222872718,1.5979417011741914
T000555,0.5374837865385622,0.7011865884201324,1.0799601857996017,0.9365141385199843
T000556,0.12245354100980618,0.13666132941935194,0.09798852491827338,0.11824434010922652
T000557,0.10294235964325014,0.1048986917942297,0.09791666666666667,0.08851240066687266
T000558,0.10870570820612452,0.10870570820612452,0.07935516699047089,0.10080275866224118
T000559,0.19585935340677685,0.19585935340677685,0.1777015739031038,0.19400993215684514
T000560,0.29200970649158386,0.04762349541228906,0.05619075539919867,0.04632724031586108
T000561,0.02250686411512366,0.021451907370039398,0.01129047756317863,0.01756129698278215
T000562,0.02522068485545358,0.015161788608782999,0.024663710273466373,0.04925891636568621
T000563,0.10447019620149132,0.10447019620149132,0.10675273830337263,0.0937440744249166
T000564,0.03807099600499512,0.05807796467279897,0.05895998983722233,0.06379938402878076
T000565,0.10894476795691192,0.10164289227544672,0.08612948161371906,0.08465069464761707
T000566,0.41900867289989224,0.42126710986275606,0.40939417896908054,0.3180901471035639
T000567,1.1658127074058566,1.2726883767379975,1.182914913672207,0.41777734586331267
T000568,1.2285983341480897,1.17829561752488,1.1199523091702326,1.0436958684401378
T000569,0.22755519422919152,0.41429720007074083,1.3075695063545707,0.18769696058714988
T000570,0.4704302666509244,0.7438719951087039,1.6038609364081062,0.19071426231656186
T000571,0.917741112450752,0.917741112450752,0.7846666666666666,0.7493551432291666
T000572,0.21346012128931405,0.6037498785931728,1.5314587859163014,0.18877929407304175
T000573,0.5515020783049124,0.6137606846758346,0.39135315204403087,0.173318008382518
T000574,0.1809327407154461,0.44196121916978104,1.263842460341579,0.4285619770457262
T000575,1.436222933082045,1.0895472762456078,0.6856781536515966,0.6397871569218305
T000576,0.557191696774893,0.6251938905456333,0.5329052969502408,0.5878056423621996
T000577,0.6115910854957383,0.5946099873718369,0.5897435897435896,0.6645745375217535
T000578,0.5597870469583707,0.5660377358490564,0.43773584905660384,0.43131186287358125
T000579,0.6500661753653382,0.5289746847516418,0.5617342130065975,0.2800424703441624
T000580,0.566764422374988,0.566764422374988,0.608695652173913,0.45970962677512295
T000581,0.41127300351056656,0.41127300351056656,0.30215827338129503,0.334540909142803
T000582,0.5616730961710347,0.5616730961710347,0.6360153256704979,0.45035604133459795
T000583,0.4621678097159813,0.4621678097159813,0.5825242718446603,0.24175042704856894
T000584,0.6463219652066645,0.7554819978814182,0.5608732157850546,0.5405207328892475
T000585,0.6077105747979434,0.6077105747979434,0.5714285714285713,0.5776104920926087
T000586,0.5455534329158553,0.5181711606096132,0.8956623681125441,0.6179438341684106
T000587,0.7898244634452548,0.7898244634452548,0.4468247895944912,0.6594948217717399
T000588,0.7611914638845033,0.7611914638845033,0.4876748834110594,0.424344880512601
T000589,0.854947420692036,1.089686694605501,0.8741007194244604,0.8456425289455934
T000590,0.11550665222851078,0.1273825643127031,0.21176470588235294,0.18045849768944036
T000591,0.20139698987499632,0.3193829202588824,0.6914728682170542,1.0529768123183139
T000592,0.8489843602088164,0.36328953959567506,1.5232558139534884,1.0509636457576308
T000593,0.11809391692142901,0.11809391692142901,1.266296928327645,0.2915505614296975
T000594,0.16614022493491307,0.12468395302891959,2.4142707788813382,1.1478810527221233
T000595,0.34417440383219106,0.3634930754288307,0.15495973959225628,0.18796784905960895
T000596,0.37999367414055707,0.341225099504598,0.1370464997445069,0.36709459681990936
T000597,0.7695583639521297,0.3892783164067186,0.25259515570934254,0.37690099520391795
T000598,1.3284455718362889,1.2760312953370865,1.48828125,1.2598337233066559
T000599,1.0387261023020065,0.8113208894257469,0.7745789381665598,1.0899427209299783
T000600,1.1704138266372273,1.262652177885205,1.2534653465346532,1.2295139954821896
T000601,1.057572440767592,0.7764539749766117,1.2073349083136462,1.836918676700135
T000602,1.1204702516678555,1.1204702516678555,0.8148148148148148,1.0185570045753762
T000603,0.9607216171048581,0.9607216171048581,0.7843876958792803,1.1563235220352854
T000604,1.2575804380773166,1.2575804380773166,1.0892715756136184,1.0074583704473477
T000605,0.9426745478939688,0.6715551626319893,0.18461538461538463,0.5786256315189048
T000606,1.03450390976942,1.2087887974371914,1.5148366094904218,0.8960773415002504
T000607,0.8486170450516151,0.8191714555997726,0.8726140448584881,0.5868923072724166
T000608,0.8624114226172601,0.6754607119827213,0.6777545813036419,0.8131538732675133
T000609,1.5920811440507414,1.4192083659077386,1.4313558237727642,1.4879101504190302
T000610,2.2751290359648695,2.090088980090965,2.231539782484259,1.9287799732577275
T000611,1.0375685962097072,1.3886126950250326,1.3263150364824265,0.9035535262340391
T000612,1.0667080143792798,1.112301500748465,1.0719880162636422,1.2257873940054569
T000613,1.0856512476249964,1.0088324218649936,1.2838983050847457,1.027543035604186
T000614,0.913328468580463,0.9047710506762943,0.7022292993630574,1.0167096800105586
T000615,1.1319280565835605,1.0533109910650835,1.6152924735476146,0.7933527557500987
T000616,0.8136829798462702,0.8642912323473942,0.9156626506024096,0.8059134885489222
