unique_id,MetaARIMA,AutoARIMA,SeasonalNaive,Chronos2
T000000,1.097404374495223,0.9495269780225373,1.5242553467400846,1.0221928991102067
T000001,1.5214486684580146,0.49748563052344097,5.067890776131461,2.4397366359238704
T000002,2.051089391776025,1.8529186754706262,2.084662781811234,2.0441757875587543
T000003,1.7689382543648746,2.249830179581461,2.7219846925310107,1.9819637231129588
T000004,2.071627735596386,1.8850736531751604,1.6524359345591428,1.8806667449385621
T000005,1.274236719121977,1.0469125192304705,1.0538568450312717,1.0908256483044867
T000006,1.0216660855948212,1.0002807795644566,1.4884688232536332,1.2552126992498827
T000007,0.4752780800933025,0.6518672341182482,0.24400643604183428,0.6286255864874548
T000008,0.7148624737315993,0.7139031044346111,0.7199498838453708,0.6236533360910542
T000009,0.551551547253144,0.407840580448701,0.6034793609429803,0.546608891582809
T000010,5.221999536019599,5.366506913749276,3.249888983774552,2.599517948401473
T000011,0.4938566175508931,0.7664053983927166,1.2009140148950577,0.7546355822801428
T000012,0.5629035401322058,0.6303076293604278,0.8907118285260652,0.568619391185703
T000013,1.8991581515571594,1.8985601820448472,1.8266891445193705,1.8321580932776287
T000014,0.9269749668032358,0.970337617528337,2.035084008560488,1.0066190958452994
T000015,0.3178059308012223,0.3178059308012223,1.0405970149253732,0.23464840106110074
T000016,0.23792252525834356,0.5981511814808352,0.8019323671497582,0.43329787469048153
T000017,0.6507785545641614,0.6511644734184222,0.8355114067177327,0.7675106322030892
T000018,0.9507109134556735,0.9582306826550194,0.9632269138356688,0.6991531513150419
T000019,1.7523948336133413,2.442391747472597,2.3579480397642176,2.2910825180317684
T000020,1.1976981266185802,0.9266527274437913,1.0110262704562112,1.1892015541546332
T000021,1.0993079735471984,1.0515028093277807,1.185101617390484,1.2674757268476358
T000022,1.1326104573245626,1.1326104573245626,1.1454523724154417,1.142254562806496
T000023,0.48507633525589827,0.47314123087869087,0.41005573342819873,0.4494346637651192
T000024,0.981881844107902,1.07593558073423,1.505389403370275,1.0637274302425705
T000025,2.0989589591973146,1.863859067093389,2.43125,2.98566081834876
T000026,1.5505246789878888,1.5956484025397097,1.6502635325856168,1.4273068773437694
T000027,1.6002363989900372,1.551886713584426,2.0254013587779656,2.454413771758298
T000028,0.49344289084318044,0.591794010669905,0.9802563214409421,1.17614925795457
T000029,0.8532371532893046,0.789098847897032,1.1695616211745243,1.2172415696263215
T000030,1.6140453802609886,1.54957307628632,1.7851162790697674,2.2131119904492533
T000031,2.0211802270808397,1.7625638419575624,2.012789979712446,2.37440218845141
T000032,0.9160291338509029,1.047267491604228,1.0747772181325068,1.0140143907702925
T000033,1.4892998039073053,1.3208604515877758,1.6819794952681386,1.1000757939431947
T000034,1.926989000267145,2.662374793095482,2.453647313574232,2.0252213059266735
T000035,1.4794737375723483,1.4155331686027601,1.173907388137357,1.5088146856746616
T000036,1.373424495459485,1.5579486980174522,1.6185522323363677,1.3721380411519288
T000037,2.8373577180608303,2.8574994249600887,2.1666666666666665,2.7405869687465554
T000038,1.984080684040934,2.15480264184503,2.347807551766139,2.2101115999210186
T000039,3.349303016211569,2.8365642674526907,1.8665689149560116,2.210293364315089
T000040,1.4268348209314208,1.4268348209314208,1.518964794635373,1.3305603356693136
T000041,0.4550430902470787,1.3099613728984947,0.8856738162687171,0.5244351497459819
T000042,0.4727997952299554,1.2734131399977193,0.9176554200464055,0.5491305905264642
T000043,0.5626439263851938,1.1990486923648553,1.0494522691705792,0.7216368960289515
T000044,0.5869467558207769,0.5865846962906693,1.4136695691996557,0.6025765895028536
T000045,0.2673342473425525,0.33085607389801763,0.7840703971119135,0.4416882897111914
T000046,1.8040975340576386,1.0532941647450191,0.9914598272987298,0.5208850408586474
T000047,1.8238653997546093,1.1502631956468075,0.9465291689635237,0.4067606595216557
T000048,0.8230911609415505,0.7264067879816641,0.4644882124738885,0.3834114478830436
T000049,0.401248440730037,0.3811621475448178,0.47355974336204987,0.8854049173579011
T000050,0.33619384563014326,0.3347613786992353,0.48355076574021555,0.5221941899793499
T000051,0.32999557391769024,0.7032824068599145,0.5606670378994971,1.1446801672535072
T000052,0.5324976260341658,0.750994991176216,0.7721169036334915,0.30481269197629723
T000053,0.5358333517463336,0.42417298006736587,0.6882219538626193,0.5312545802989344
T000054,0.4331095317547144,0.35092053837667375,0.3902312485982131,0.22498065190230968
T000055,0.9580497366193148,0.7241516395757849,0.9097578181185213,0.9865989003747202
T000056,0.712204115550833,1.0458940978167013,1.0717394631617208,0.6200408268977745
T000057,1.3311518373411602,1.2904582840326988,0.8748977445366367,0.6522644335412527
T000058,0.35571906731954617,0.35571906731954617,0.7762890297882522,0.9009714009074706
T000059,0.7373697213671657,0.6302094268036107,0.8366993652625504,0.6230327014075628
T000060,0.48097126100827037,0.4674689054940907,0.4277777777777778,0.5303081814236111
T000061,1.2270174243238299,1.0855273653864934,1.245037448579513,1.0118641364716512
T000062,3.9426034156231777,3.3346161225964837,3.2258240523483863,3.493220612943674
T000063,0.9359566956571773,1.1425933090406395,2.452470409607982,0.9796702171562246
T000064,0.8372210431120045,0.9535717325042002,1.9837543483809876,0.6691339107454437
T000065,0.5090302197331418,0.6139987889190865,0.5582171334654239,0.5376243320202387
T000066,0.8437950172382069,0.8887651582287454,0.6946343961571015,0.7118725347781475
T000067,0.9202929613681711,0.9779730051447969,1.1416785760685981,0.7802672119986462
T000068,0.7352475163147195,0.6919358135540623,0.9649684415480895,0.753701354338628
T000069,0.7758301652997781,0.7873889992671455,1.8840869601634003,0.8559313028166957
T000070,0.7101509162723533,0.8522418317935041,0.5345581437210567,0.6932256310300421
T000071,1.8980931744166543,1.8295305765591447,1.9584727242457214,1.9885854006287726
T000072,0.34240146476812466,0.4226279983797335,0.5623351990621186,0.36032548634796113
T000073,0.507593419496324,0.5230160114228025,0.4291097844438637,0.4431485750461092
T000074,0.7596148359339258,0.6986627209617197,0.7496089600320077,0.726863155646818
T000075,0.5415120092103362,0.40270335551178726,1.3942363312960755,0.5856377419245573
T000076,1.01974002253686,0.9232784530772958,1.218391986226996,0.9249916061567192
T000077,1.1342414894459938,1.1180747447124075,0.5409135716656466,0.9488274019967056
T000078,0.37280576835497536,0.5944984935204416,0.5598366871834795,0.3778981585935398
T000079,0.4124156928119263,0.4640078560222914,0.37802970016179527,0.22520170016021826
T000080,0.6184866455640722,0.7488332812982647,1.0093385791317393,0.7582008394831038
T000081,1.7367468864190339,1.7349686489241387,1.851946128831518,1.76137913806756
T000082,0.6024715032985074,0.36777609369427144,1.2777662921482982,0.49688782229988887
T000083,0.6771038551960303,0.7876417186510963,1.1394105935896983,0.5514083394273266
T000084,0.5909439223746801,0.6675814544426601,0.6876242418124433,0.4640279265256339
T000085,0.9284851824373831,1.0177699726467035,0.9240701300470543,0.770028640368141
T000086,1.3882010578067667,1.3174985404902222,2.8136028392671655,1.3040806494409276
T000087,0.6512216774576178,0.9612321871777455,0.8345609526436046,0.6413323734565631
T000088,1.0144792985214326,1.1145582794275861,2.475896168947281,1.624046576939116
T000089,0.521311611613087,0.4844454311824845,1.2536148601584844,0.5044627607231654
T000090,0.5661807441240001,0.8252357010734076,0.9683623203595584,0.387213303083712
T000091,0.3254519440652867,0.5929195693011197,0.8607906749561306,0.4365562574269935
T000092,0.48661991337084826,0.6111391613545811,1.035174003376185,0.5816117987479812
T000093,0.8771778127381226,1.2238342700143774,0.918404458824363,1.8299911539023568
T000094,0.33670808857138423,0.5482403797990588,0.8868271481109997,0.5071347057121887
T000095,0.4705468631221756,0.6085687482015438,0.643688842726726,0.5593068133238295
T000096,0.4002202698116372,0.3650423362709522,0.833765336098151,0.5167364394374312
T000097,0.2006397282794786,0.35503917506239885,1.1353285862631657,0.923145458864858
T000098,0.32959810953194163,0.3294168536200455,0.6848171701112878,0.3874480424890079
T000099,1.147791017481647,1.147791017481647,1.1889148513856436,1.2442309332925445
T000100,0.4119785951573473,0.3546938745277452,0.6706467661691539,0.5350978528682275
T000101,0.4889897098764552,0.4639520941708334,0.4446326778233099,0.4494442842711935
T000102,1.0459382620680489,1.0028723556050954,1.2113783533765032,1.1663105882614657
T000103,1.300503823886402,1.928357609707155,0.46344935306628854,1.2050759613999913
T000104,0.6190292216129913,0.597153865177389,0.6451295093423145,0.7315857106299797
T000105,0.5465490686665652,0.5661819829955049,0.5877155881385407,0.6468225702586672
T000106,0.3951831063705737,0.3859153870249137,0.43636122705890157,0.3400083789687693
T000107,0.4459571327934356,0.4595688257650076,0.4778310617533232,0.6755531348906119
T000108,2.1805527107453258,1.8960767023275686,1.9148326205711774,2.3798802898153157
T000109,0.589553248789203,0.5990292184130528,1.3658662893657554,0.6698359938773965
T000110,0.31871482581465327,0.20869341203448072,0.702015769067183,0.2685024176915518
T000111,0.7868993284368415,1.7921694196744207,1.0147623298088753,0.9151993932495743
T000112,1.2608714885728423,1.0101555338040094,0.6375001904645812,1.2561949646640584
T000113,0.5282332052373806,0.5907519622870452,1.9012192733326805,0.5334748524875135
T000114,2.6048601125471214,2.0857011532175065,2.2368762196821854,2.2552196203848096
T000115,0.4265788666365987,0.4187627396657795,1.1902272410427994,0.3588510659820246
T000116,0.41546048083626425,0.5848327115019857,1.2962100633811926,0.4217158356916857
T000117,0.4687195106673445,0.47152330500424644,0.7511419001218027,0.4497739022890339
T000118,0.5124063918625861,0.624894208863777,1.1559208836372976,0.5865493845401378
T000119,0.6462170954555101,0.4074235887398285,0.6779228817350259,0.46480566904857396
T000120,0.522763853557041,0.6574463527989939,1.500084617787961,0.676855193089588
T000121,0.36068091473394515,0.665893526242852,1.6025091647676608,0.5084339643523116
T000122,0.655962089138815,0.7010416646922683,0.8173245548851172,0.9521625882659468
T000123,0.36068091473394515,0.665893526242852,1.6025091647676608,0.5084339643523116
T000124,0.7522751730688009,0.6717461871328378,0.9400459634906112,0.37078412459728616
T000125,0.4712062813238555,0.5827543746964277,0.6223008897569444,0.5526822540495131
T000126,0.4144074203832175,0.5078440413657638,0.6815364476547962,0.5410304318443592
T000127,0.3172788581073528,0.30426209616398775,0.6638885711017045,0.32957301002906564
T000128,0.3669314256468088,0.40134021926106545,1.1792603590871957,0.5421069446432085
T000129,0.5882544415761483,0.7278541896750889,0.8437879212172127,0.4036545843834593
T000130,0.24577501126141577,0.11530333660525971,0.33363939665806885,0.2378037533159902
T000131,0.5461448943726199,0.3780095894403235,0.39785768936495786,0.4016415946977961
T000132,1.4297033385875038,1.2931445234328842,1.2931445234328842,0.9837157193414207
T000133,0.9111920196175946,0.937350760602701,1.004208623000904,0.957738167144683
T000134,1.1357426632479144,0.8146422554508077,1.213883876446237,0.8775065294206427
T000135,0.5121219851933152,0.46064339717004027,0.9516826899691204,0.9381807095154534
T000136,0.740570021749411,0.854591233248198,0.5114892772155306,1.1438312623152334
T000137,0.7871948850287618,1.0863366790811841,1.060000998677509,0.6819914675874535
T000138,0.652163360906551,0.9189396258966519,0.8543621605327354,0.8077521869518364
T000139,0.45722603389723354,0.4755059044207502,1.0150703587438572,0.5584362755068852
T000140,1.0534595922560785,1.0829328054762781,1.2334885534155533,1.0387438703265093
T000141,0.5355226334075939,0.5494527674738561,0.8614651183468567,0.6714898341115353
T000142,0.47364699812088995,0.7118031483045513,0.48563871413909887,1.2797642953942405
T000143,1.6434527069944245,1.0951117963806958,1.0833180534157816,0.4806664404508899
T000144,0.49599904929175026,0.44524239960802076,0.6647667264924243,0.6241755898067244
T000145,2.3244262329651386,2.256324954776209,2.3198335644937584,2.494026207361737
T000146,0.7911552980200586,0.7911552980200586,0.7282685776135558,0.8804301071579885
T000147,0.22705536141254368,0.17120732311238926,0.47535405554533755,0.20174996335869966
T000148,0.32497136155030054,0.3249482351555819,0.3106936416184971,0.5568357147922406
T000149,0.7114276844636003,0.8591288718512311,0.9752502399561224,0.7267332528168063
T000150,0.7551165972944958,0.6129954214385,0.7001675041876045,0.5878708134943516
T000151,0.38467890226346113,0.4919611396411759,0.5672268907563025,0.48396727618049173
T000152,0.4703225096208501,0.5034005460931187,0.5798771121351767,0.5064596009144585
T000153,0.7074218931654299,0.5445279402616577,1.3337785977859775,0.5280026486104705
T000154,0.3674569713449644,0.8640428063844477,1.4856923044421284,0.720145442822205
T000155,0.22207138807943458,0.22207138807943458,1.1981344755678296,0.29927075458125213
T000156,0.51805939169108,0.5035491951057296,1.607228683220059,0.36442984418075475
T000157,0.782652043090299,0.7391689494654131,0.9119591278822233,0.8062062817075903
T000158,0.3108028922715768,0.3108028922715768,1.5545985876293502,0.36087822501119
T000159,0.7502036403888526,0.991613199077976,1.3640152049671912,1.0889003465399865
T000160,0.7804638430201315,0.3642777951861792,0.6759584798258835,0.3655926738917021
T000161,0.6143389956521881,0.7270025636514368,1.389768502335632,0.8054101713589602
T000162,0.73562440588888,0.73562440588888,1.6892731891862036,0.610678222359611
T000163,0.6326055963715678,1.2603286142693357,1.266904136982877,0.5917882029882983
T000164,2.2284869047204836,2.327366594787407,3.0534270881251233,2.94378747543352
T000165,0.9882151071666541,0.9911143681582925,0.9911143681582925,1.116049041838902
T000166,1.4455710900198195,1.3699220630994333,1.4055877479654701,1.4204553493491527
T000167,0.8300305887696263,0.9702121764523562,0.8568129330254042,0.9447397374482776
T000168,0.5495109042647157,0.6086112573217513,0.8762051019537581,0.691724429794896
T000169,0.9914443923573771,1.2008350265219427,1.5080751397069614,0.9038808796438167
T000170,1.8758315669685035,2.19520338680065,1.3374259705425067,1.712623923164164
T000171,0.5548364351964936,0.5135374257756632,0.9055258467023174,0.4949735481683796
T000172,2.517964409343644,2.702045278756072,2.170092465873601,2.613533071155242
T000173,0.5790602609836627,0.6189310801798587,0.9159051781221029,0.7162840253011293
T000174,0.7692345812915615,0.8584687039758007,1.1125945361938572,0.44666630165526766
T000175,0.46987478401682725,0.48450521292807364,0.3168052777485347,0.7187979331697403
T000176,0.3294572946104145,0.41818351990448593,0.3780778395552025,0.3847098467935164
T000177,0.39800213519843464,0.42432193957333325,0.6038293497815472,0.35397795103902036
T000178,0.4297523666578071,0.41036659117680074,0.48797517455391787,0.41241453351794466
T000179,0.24955201895877768,0.2790292737964145,0.5659873251512805,0.9169163916602289
T000180,0.3350272575327248,0.4424939293864003,0.5236566793497394,0.48299783936161056
T000181,0.45488673817096215,0.6007374161710877,0.9768264387861291,0.5165556742617519
T000182,0.7040203716977909,0.8812245987034969,0.8994278304071548,0.8240491549090313
T000183,0.9539865784596921,0.9383649427645078,1.2196770704573547,0.9591770113177588
T000184,0.812498213274241,0.9630631672019241,1.0615474938232345,0.866704276271448
T000185,0.6736365447262022,0.6120615440043793,0.6467189980596231,0.8433879098192951
T000186,0.3439127955416479,0.3220492704419291,0.758679039006481,0.36059691761899293
T000187,0.5278933870618698,0.4772045284876265,0.6463561075460931,0.3695210368336215
T000188,0.5063036920518135,0.6483101430197588,0.8201026174563144,0.8107155583330363
T000189,0.6953431373851152,0.7041419426932065,1.191690834846027,0.8273347859411361
T000190,0.4890503777071847,0.5314750357212986,0.37874698743288326,0.660049470330876
T000191,0.681146971175435,0.3511603534012087,0.44028211208994367,0.33504287265855454
T000192,1.0853307165394788,1.4821527884225363,1.2658265407699036,0.8527763396252012
T000193,0.4771687731654065,0.6703852944485185,0.7322058189491539,1.0925529061780324
T000194,3.162170665974993,3.3357302284382846,2.6355499848836033,3.0925921375059757
T000195,0.4907464526906866,0.31385660321600406,1.0813597775591777,0.3719147439453535
T000196,0.775460473593734,0.7403588544983445,0.7160270544512463,1.1660903405569352
T000197,0.37621541221894567,0.37621541221894567,0.6342828432886893,0.3988014278277552
T000198,1.1744066543034193,1.3189761067287062,1.9090950443297605,1.4155160268652578
T000199,0.745236699015758,0.7898031404378156,1.3026177625575392,0.8075486087367081
T000200,1.2075547889857097,1.6196251981090897,1.8843279949655598,1.1451257580220509
T000201,0.8340513686988257,0.7720336617454695,1.1292993583128152,0.8664016317966745
T000202,1.628380473629102,1.016685972728968,1.056143020825134,0.721095563336646
T000203,0.6600137325987115,0.626028848070654,0.7649647663384977,0.7612290899507747
T000204,1.7092628316776566,1.5537587996034463,2.721911254260609,1.2880722261093218
T000205,1.3343717187043973,1.1083119635919696,1.9176785796421507,1.9340628765252361
T000206,0.44715950228255874,0.8785302595064252,0.46281378793555644,0.8777690926666519
T000207,0.948419001477089,0.9318803477992267,1.2630248368692567,0.8510101694733456
T000208,0.40642016143195825,0.40268702250792776,0.8909839330766166,0.4361885880239931
T000209,3.359469217158911,3.4491309402558596,3.9825350621857636,3.8954012795837194
T000210,2.777604163913283,2.8053378098276136,3.198731300889984,2.7095757549266395
T000211,0.7496557791458139,0.9743647768018674,2.092354277062831,1.00618267420293
T000212,1.249276041220988,1.2070201206534763,1.5289256198347105,1.4987408925785615
T000213,2.5008964035198047,1.2083094826274847,1.8661660777385158,0.7897352919561703
T000214,0.5818497055679329,0.5748735334226275,0.6699819168173599,0.6845189907092368
T000215,2.9463278208677854,2.2440279718742477,2.1609788111756982,2.59949381964394
T000216,0.8574547499085465,0.7016949199396469,0.5740259740259741,0.8437501410856415
T000217,1.0016507539790735,1.0076767672068794,1.4810136831025826,0.6164423037845492
T000218,1.2891180471059043,1.319552568393215,1.5466679469944304,1.2754657584919864
T000219,0.42954306819219207,0.30259062094826866,0.789289871944121,0.2661796099093241
T000220,0.43540522327678516,0.4315901819373309,0.5581395348837209,0.4385951729707939
T000221,0.43132013768211563,0.4313144134898093,0.5169491525423728,0.40602958808510986
T000222,0.5527830446321452,0.751273312881147,0.5943396226415094,0.4783610937730321
T000223,0.4633541174264279,0.9206880918102397,1.8035714285714284,0.6021934236798967
T000224,1.637122345752265,1.7454879134028738,0.861744966442953,1.0871994940226508
T000225,0.3665204847346281,1.0747514234726019,1.1664676022693343,0.3501916237822858
T000226,0.5225848868278631,0.622890803913748,0.8179207352096496,0.44213677876848795
T000227,1.2034023944513443,0.2850381647676846,0.7592849049477528,0.7624134888325412
T000228,1.371107186639095,5.012038407842806,1.1771428571428573,1.019071568080357
T000229,1.0965813597626821,3.3839475241904107,1.2413793103448276,1.0527913323764144
T000230,0.2067694209390492,0.6727946432719595,1.456807140436109,0.42360644277482773
T000231,1.0376183851086243,1.4513008353923345,1.32434938327392,1.1745322450147275
T000232,0.550405726872349,0.6712728474372396,1.0973980540067785,0.7313671298479011
T000233,0.5115876473331927,0.44660983693164913,0.5699877055488293,0.5966282411942897
T000234,0.7340928824851243,0.7016895035165815,0.8351919156764991,0.686351711057818
T000235,0.9677825087579459,1.0674225639851656,1.5213576972603122,0.8491462196291519
T000236,0.9452622392984016,0.5073351406415387,0.2921894483585596,0.4138165811078883
T000237,0.866829006453548,0.6542769783264781,0.6348427994644888,0.6683106837803192
T000238,0.5668250483539281,0.6072031696265999,1.035806977998027,0.5314834333058887
T000239,3.194264629331133,2.8979547077536196,2.5195530726256985,3.09861223670542
T000240,0.7399513523999283,0.632774515156441,1.0883029362158443,0.731503416445019
T000241,0.6943092428195972,0.6321561546959257,1.1772233785228106,0.5500361988741215
T000242,0.8547376952553162,0.9563453764950125,1.171888111888112,0.7025846795213251
T000243,0.3542716660842273,0.363288401073475,0.39189189189189183,0.437646298795133
T000244,0.393943265894222,0.6223147049953583,1.0099667774086378,0.39563444524112334
T000245,0.6950565708192719,0.7521512841754686,0.6611570247933884,0.655822943064792
T000246,0.533011410633404,0.6082296689211839,0.5369649805447471,0.3945209191467048
T000247,1.5046435510847043,1.2621821691342745,1.2737483466684012,1.1375158080776766
T000248,1.0545306762501239,0.9698965695033345,0.8886382488616766,0.940384446648734
T000249,1.2824396486498664,1.1753638587959516,1.3806024466172666,1.5569779708875016
T000250,0.6855555694360039,0.6663586917221099,0.6797405264607909,0.7793995713472253
T000251,0.8918276240461493,1.2211114218357224,1.3013446983613786,0.8320837242082924
T000252,0.22565554531415047,0.5024566620728723,0.3566170456404384,0.20730406606565924
T000253,0.42644731298756106,0.6527002921307931,0.5491829229682667,0.4277920750561411
T000254,0.4308165650772446,0.31130523908258134,0.441017856429513,0.5091435880159023
T000255,0.37045378926966727,0.3723441695660977,0.7534672336622344,0.47848106580380045
T000256,0.9612832303738027,1.077563698795614,1.3255163452569516,0.9583657956613028
T000257,0.7043266937490066,0.5628714535078864,0.7407912846711925,0.4955364518022428
T000258,0.5452436720618979,1.1962255947859932,0.6350190589592086,0.45380314097802604
T000259,1.1811382645414068,0.9237063773992242,0.7573128324014728,0.47296829462929246
T000260,0.6376636934558153,1.8964884197959742,0.5269814502529512,0.6314806367253373
T000261,0.4845756950866889,0.42824250587940943,0.6052561008313221,0.8436512342244826
T000262,0.25667295882316005,0.46872716434476985,0.35182679296346414,0.4533407566619447
T000263,0.6346126728188202,0.596488387681433,0.8317407512268781,0.7641087982419663
T000264,0.35739613427270056,0.5486794415049173,0.4330571520987284,0.5396934679268705
T000265,0.6967328021496546,0.5107803043619867,0.8191593352883676,0.7256055815128984
T000266,0.329894067524115,0.3329092759587187,0.2859278639506633,0.3287908300643232
T000267,0.7948573817050003,0.7288328267058201,0.33121856424325563,0.8047917970768327
T000268,0.7844298198460544,0.7844298198460544,1.0770062469966362,0.6155784434086807
T000269,0.7021581354047332,0.3973132546818567,1.0265081269772007,0.3521620612166838
T000270,0.6045253125848029,0.6137312267107413,0.6777077765050276,0.7221659483975759
T000271,1.1307934714794667,1.1748953637311006,1.14475,0.7946018421649934
T000272,0.8850587774816915,0.8286673825062254,1.0612460401267159,0.7588398015990051
T000273,0.3893615731983564,0.40182431905111266,1.4357733023495998,0.5908894019320189
T000274,0.903878832157203,1.4365893389248334,1.066019417475728,0.9286548521333529
T000275,0.5586149381733067,0.5476778765741653,1.0708280790248006,0.5614457324855013
T000276,0.6631603166554494,1.2467395195291056,0.5798394290811775,0.6645998967533979
T000277,0.5947020127529362,1.1347611661861168,0.7829373650107992,0.6618650619835486
T000278,0.814728942246955,0.7716977842728429,1.0007147962830596,0.9220213443573414
T000279,1.1248589631227928,0.8721586471468101,0.9541443850267375,0.8931718270408914
T000280,0.821946778619894,1.1500792590014344,1.268768768768769,0.8279470304349756
T000281,0.5464293635260775,0.554581244170285,0.642706131078224,0.6021360635253387
T000282,0.4905156262716058,0.4533169716150154,0.4603756298671553,0.4930494927071237
T000283,0.9321358892958591,0.9262754064481215,1.0069444444444442,0.8012200995326442
T000284,0.523158777122794,0.501144460488062,0.6788553259141493,0.5095970299614125
T000285,1.2373040340577979,0.8110231385702106,0.7478997899789978,0.9116628666271721
T000286,0.960828510641074,0.8630882276947687,1.0552151155368312,0.6822644232120846
T000287,1.0836141860762434,1.4023931276381512,0.8371246587807099,1.0389741146098062
T000288,0.35860984192681455,0.4191459159559148,0.36674816625916873,0.35324382704258356
T000289,0.6621525119609456,0.7589977183598531,0.6720506006754138,0.6188964286212449
T000290,0.729396461171277,0.9823131827450438,0.6568909984743175,1.1287280837849731
T000291,0.5525259755130648,1.7003462906357973,0.9300656984785615,0.6154946367440547
T000292,0.7011037204186342,0.5758987836705807,0.6330091091554731,0.4558748754984585
T000293,0.5207496624567367,0.4320488117526809,2.369413031771675,1.3583121559089657
T000294,0.5786327968844405,0.6139105748757984,0.298083747338538,0.5582880110838804
T000295,0.9070845784984345,1.1439975314868611,0.8629965019183028,0.9332256784182964
T000296,1.3890679473307217,1.3830272962695538,1.5238740264138162,1.2937347484450399
T000297,1.4393653643218234,1.2318030373521085,1.9389480805005923,1.327709131548898
T000298,1.0426931219601858,1.0436566784684076,1.0970925181887285,1.0443559933740878
T000299,0.31006493414582453,0.3569998291904408,0.4559748427672956,0.29312545077177393
T000300,0.8211130916011351,0.8585899118354118,0.6579578139980825,0.7968417742997298
T000301,0.5969864337826073,0.6086508272427792,0.6384170006998791,0.5158150217767783
T000302,0.5600441102084226,0.4408626846224352,0.47908232118758437,0.6007507777246226
T000303,0.5292577981571472,0.526561607328254,0.5245376955903271,0.703722993137148
T000304,1.3638389822999812,1.4240255825409571,2.211959496442255,1.6007674686492435
T000305,0.6598069510988465,0.6627744600919092,0.6705359347987158,1.3608496570092539
T000306,0.5780257910570685,0.428099033736233,0.5624456251553568,0.3347342739109967
T000307,0.9424792140011792,1.0196814984310423,1.0260653702937528,0.809735008937345
T000308,1.3306389631825684,1.073794461816158,1.4313800101471335,1.215683133392876
T000309,0.511409908520814,0.5190011594453683,0.5939934399343993,0.5585829618672163
T000310,0.9781325942828174,0.7425361681148938,0.6505267000417189,0.5394747793351207
T000311,0.45721031884999674,0.4675044499109163,0.521097483494931,0.31771833515111914
T000312,0.7516779041405037,0.4442306229111453,0.5858585858585859,0.712334115898569
T000313,1.1509620818161597,1.1846001250883107,2.7063186717964713,1.5143399355766956
T000314,0.647432197770982,0.632475027298303,0.37276430842607317,0.40251931401239105
T000315,0.28271212269628065,0.7611096693756294,0.45154185022026433,0.42079182763456774
T000316,0.6221520547316057,0.978728738920497,0.7427526291723823,0.5656064745602567
T000317,2.999289511203615,2.9200392223567513,2.7202349172450617,3.126094999379547
T000318,0.7629954528907361,0.7982143761111724,1.3922669161209857,1.247683020443942
T000319,0.4876397224836456,0.5215783953719559,0.6423384168482198,0.5504882621349594
T000320,0.47913308297649504,0.5014876265321132,0.6829505551864856,0.6110532408004082
T000321,0.7608248372489459,0.7746503419064892,0.7428892636312534,0.928634567003427
T000322,0.32977022958007207,0.3296540904840439,0.35778175313059024,0.5669032289762558
T000323,0.5330738256061446,0.48319195363672657,0.6603773584905662,0.507581039044842
T000324,1.096658675028979,1.1701701875046584,1.2824542389210019,0.9682362489617631
T000325,1.3123012042317683,1.181077406421887,1.1687130513869939,0.8067372431804937
T000326,0.9345391047639937,1.0417054891176567,1.258007613035001,0.9404913870673602
T000327,1.1951761129056115,0.9655648163877059,0.9525959367945825,0.8428065269131512
T000328,0.8878401236271318,0.962868493010562,1.1025747508305648,0.9759380655530283
T000329,1.5191280213331277,1.493085854766928,1.362191908231282,1.6884688466228337
T000330,0.45867774941104783,0.6067869105219096,0.42194092827004215,0.5005324417808165
T000331,1.0193784278266131,0.6942541164036713,1.2662536331650602,0.7154816247754201
T000332,0.5644282524994375,0.6003844983241566,0.5636592413086029,0.5667756523554007
T000333,0.5301052420850382,0.58392470709021,0.6562310162284128,0.5353852099639037
T000334,1.5420862799265196,1.4337246554569782,1.5825829383886256,1.7441555330538636
T000335,0.728028634271141,0.728028634271141,0.56391824472936,0.7206507600381468
T000336,1.4334890725771468,1.0448495404953804,1.4384915879787183,1.1022498542154098
T000337,0.4348055903620076,0.4348055903620076,0.5888454011741682,0.5242236113128363
T000338,0.7334845426335898,0.7455519694751254,0.8348045125732001,0.6741733104247206
T000339,1.694035522616367,1.8250444886153785,1.1037479001332329,1.5831276365245273
T000340,0.2772984848388218,0.26684015430604674,0.41377904606604166,0.3187871635697235
T000341,0.30926532568202925,0.30926532568202925,0.4892196359295733,0.4766243255685056
T000342,0.7099522129299968,0.7099522129299968,0.9933934196709838,0.7886553599277826
T000343,0.47179587196763584,0.3653372868423302,0.6713992473486146,0.44221905131801686
T000344,1.438111937280862,1.9446795753535782,1.328783550241597,1.3877162999612032
T000345,0.4386549079051962,0.30329299792155584,0.46830692243536287,0.29157370502895064
T000346,1.286657301831266,1.2520196348320336,1.5549036043587594,1.3027820043571836
T000347,3.573734879061638,3.199290094033812,2.71042288288936,2.896387786102761
T000348,1.2676973553862285,0.582851810256078,1.0746561886051083,0.9097884702151635
T000349,0.7820078281563579,0.9487248181083312,0.9053497942386834,0.7979522540849311
T000350,0.9898198727355952,1.0018960509884784,1.9650917845320492,1.1100440838951824
T000351,0.388353837692085,0.388353837692085,0.5635969172981025,0.40805649922599857
T000352,0.6281059676040645,0.42257598699986704,0.8726393985500761,0.3116124145540589
T000353,0.5405067335110256,0.7063091648771341,1.0380457318879213,0.5868525392360494
T000354,0.5222223729850275,0.5424184630766241,0.7819618267065382,0.43226224982593703
T000355,0.697413180057415,0.7413260319842085,1.2996316655448357,0.4975222081969023
T000356,0.9356930670931264,1.1071927384538152,1.4826419234102182,0.6407913615100163
T000357,0.47798594673577155,0.5619736446570344,1.1174639691454091,0.455775971712396
T000358,1.5301307539181344,1.3179003520075179,1.0828153116309505,0.8264039160933708
T000359,0.6793194156640885,0.7751841956857765,1.2908480097729818,0.6850450980399955
T000360,0.6514064865576518,0.6301534659659418,1.133957775795421,0.6969168348536405
T000361,0.7577685292262244,0.7301679188852912,1.4913166855845632,0.8055897464817147
T000362,0.7455370081585497,0.738418036521972,1.2636932707355242,0.7216929643180262
T000363,0.4685315064845932,0.6498605590103669,1.2054040404040405,0.6034700120097459
T000364,0.4310124492322688,0.9027022134588586,1.3537010972006158,0.35719248462567765
T000365,1.3834397529105913,1.6153133602304326,1.734458151910982,1.6938917851446411
T000366,0.8296117362335802,0.7552605265211764,2.183439865559332,1.4405242681125885
T000367,0.9538474021136412,1.564471532961972,1.22130660777832,1.0872279185280964
T000368,0.7339833342254448,0.7989403475018623,1.183033180305239,0.7886650388274733
T000369,0.6622961313186294,0.7436663303958804,0.842003106532212,1.2460743365437705
T000370,0.7871696758119026,0.9195754297426506,0.36808167651800106,0.34689081797735594
T000371,0.41140893284623375,0.4577483537506854,0.8620702541106127,0.392096872001842
T000372,0.42953041810936016,0.4469226254541611,0.5163817663817665,0.4210234218173557
T000373,0.39061704141518494,0.31080664842566924,0.5602393849379697,0.4169620351943023
T000374,0.969418244429936,0.9741436555674609,1.1614376196788925,0.9177779533283965
T000375,1.0706970145048595,1.0587018152853302,1.101615482163533,1.0791615981832718
T000376,0.242570924429084,0.2568857490129384,0.9368679808005964,0.402393236004288
T000377,0.6674668072181009,0.9409074283315022,0.6790762034445369,0.8076627790497526
T000378,1.1221896597924939,0.6670755696075468,0.7452224019844108,0.8613914785399507
T000379,1.015938116836666,1.0113783273427426,1.1693305586728115,1.122515567743119
T000380,1.2575468359184518,1.052407343898257,0.6547422491286006,0.4522558246221353
T000381,0.7055759575793155,0.624406820692433,1.0915957792035071,1.041765700975902
T000382,0.6514292125518605,2.460516833672545,0.9365108795987206,0.18179867348706039
T000383,0.3842037819711354,0.4007077591748696,1.4641013608634443,0.32817891056914666
T000384,1.9710875648395014,1.2670234243802188,1.56105844959496,1.5780767463114116
T000385,0.5861316047203506,0.5980198565614253,0.8549599593460319,0.4736438928830366
T000386,1.8541693368960515,1.9301688319560169,1.9826338639652674,0.5151787853102953
T000387,0.6184534257750964,0.6948671114273843,0.5136192478849826,0.8054834194501409
T000388,2.0267243674855475,2.7430570454110073,4.731629058696334,0.34595159958301364
T000389,3.882015875942247,4.506683294855863,5.662882608615915,3.413877725570589
T000390,0.4569320477194498,0.4828408515502818,0.41605839416058477,0.3549090197486609
T000391,0.8340220105358499,0.9329187027987569,1.2244557974233679,1.300746398591367
T000392,1.6100809187396108,1.7300313970655345,0.9730371612182173,2.2639872275707136
T000393,1.3436802335565854,1.3436802335565854,1.725399278722308,1.3914796205887816
T000394,0.3296024579745336,0.4483442395399579,0.4281181836208604,0.48304291043800635
T000395,0.2816531374515887,0.44376696045447717,2.4030808729139923,0.4041706521030568
T000396,0.8951061243791345,1.6775869104465515,1.7739591691183025,1.0380572767683645
T000397,1.530052457201572,1.490296317334092,1.1949730190286851,1.9876847112313105
T000398,0.5914604190090114,0.33948957914695177,1.8662175168431183,0.537128833994714
T000399,1.2975036413002896,2.1904923086134365,2.8491620111731844,1.8910065123488782
T000400,1.2734574423895162,1.2734574423895162,2.526536312849162,1.363002169731609
T000401,0.34208033710032204,0.31976077112536605,2.5659574468085107,0.3665794859541224
T000402,0.32674791595179165,0.3450031906354496,1.1741540256709453,0.3465278340610073
T000403,0.4061378319193716,0.42811750092415674,1.1083934088568488,0.3921956063299052
T000404,0.4504649492423211,0.6292881414446023,0.8888888888888888,0.4116463131374783
T000405,0.37055275969863777,0.5588552778174228,1.002820874471086,0.4085126266156669
T000406,0.3874663959502984,0.3874663959502984,1.0422794117647058,0.29758572578430176
T000407,0.8164764535872182,0.7286167384457474,0.6996466431095407,0.8617937337383365
T000408,0.5903559446145618,0.6363629447258223,0.7824773413897281,0.6332999629916741
T000409,1.3847108905570484,1.7884663976656057,1.7128712871287128,1.7968255222433867
T000410,0.19612683376346324,0.293471590701168,1.1626481405803024,0.15737598264855562
T000411,1.68739841360272,1.4102239434340342,1.620578778135048,0.8993015155148277
T000412,0.2446226207492179,0.4006626357824756,0.45240437013211443,0.5649092881194508
T000413,0.8977916510910309,1.1693318885998167,1.3701923076923077,0.8715537878183218
T000414,2.083437585100053,2.2560532615950466,2.1840659340659343,0.5897853138682607
T000415,3.7758365169684365,3.7568920430841537,3.7833594976452116,2.5998923692448734
T000416,3.716577523032206,3.6932079207015995,3.6083916083916088,2.8711373922708154
T000417,0.980864117946153,0.8734609232994842,0.5534351145038168,0.7822234757983958
T000418,0.9920060036929872,0.6812340297642967,1.6936547047426498,0.5676100243012573
T000419,0.7978895815115461,0.6190255901310008,0.7503774909083176,0.43488753928804746
T000420,0.5245399346824757,1.1785983220957272,0.5989372339022193,0.9108816487404147
T000421,0.2874511660876492,0.26167105994013057,0.5028287004297449,0.2973097331348936
T000422,1.542917760354883,1.7211596842744383,1.0141165755919852,2.1145414550447725
T000423,1.3420459815808659,1.2785980629139189,1.2440535347512092,1.6021040859132687
T000424,1.3833279168975254,1.3144845741735602,0.9449335404798895,1.4929705812478482
T000425,0.9467646795937327,0.9297170862107371,1.7281502933095716,0.9798905612047331
T000426,1.611483271692765,0.8610432090634088,2.3240392854788743,1.476142193834042
T000427,1.4677972000347337,1.35070214338507,1.4055297990996438,1.3985757231191707
T000428,1.1045170294217415,1.127298245614036,1.8425263157894736,0.9295216728344298
T000429,0.15031368157741012,0.28813559322033905,0.23370998116760822,0.5062265543389902
T000430,0.5123596070652295,0.35690789473684187,0.374177631578947,0.4699045607918184
T000431,1.4601612768446561,1.290292470561777,1.0770243168713962,1.4020422234753969
T000432,0.9783415849287651,0.6489599149543467,0.4754186925985951,0.770893931582063
T000433,1.0133931263982574,0.4981670125108744,0.5329829526312243,1.0494803264210002
T000434,0.9191536545054013,0.6500727818492505,1.0646455413365834,0.6920363551285832
T000435,2.0995338049865775,1.6336298178737818,1.3438161795849217,2.0092906055183843
T000436,1.629067807597562,1.629067807597562,1.7266303643199794,1.735029031404119
T000437,1.2974870124647802,0.6208263851031205,2.020373514431239,0.9498097495838418
T000438,0.4161986272924988,0.6438197530071157,2.0992743716479128,0.5921250745592994
T000439,1.2961416835596484,1.0537068955168847,1.4713216957605986,1.4960739440156932
T000440,1.1492580820063785,0.8888029198088769,2.036697247706422,1.2026256596276519
T000441,1.4390031174099769,1.2466552058675773,1.2037037037037037,0.9899265148021557
T000442,2.8678082235763696,2.6228206783004278,2.9545973077800594,1.5821731037056048
T000443,0.6601912221684023,0.22471129902861017,0.3605357026575308,0.08739121874796506
T000444,0.3422773686274898,0.5323647932257448,0.486559359914357,0.16212503719918592
T000445,0.22686233315891868,0.16797813637009426,1.4654637150423864,0.18749685686385695
T000446,0.5094365475133389,0.46576129472867284,0.28744599135861737,0.41620145551413223
T000447,1.9896122167446153,2.019871605042256,1.4799245650322421,2.539750629614879
T000448,1.1876200520324434,1.1638751899723268,1.3612333173130244,0.4533112408286377
T000449,0.26802977425782915,0.21583540553399824,1.138932190179267,0.31404451011961
T000450,1.7392389370941435,1.7360885440315548,1.8361091575776545,1.826278360807253
T000451,0.7335090162715285,1.1847952936514952,1.1283065512978987,0.7646643111673364
T000452,2.1386250721704467,2.447164274002691,1.677235190022752,2.665145515119798
T000453,0.9979030753136213,1.2982859567798095,2.754677754677754,1.8504014679399199
T000454,2.1165865672444832,2.1983736011591777,1.029538549183441,0.6145692146553362
T000455,0.5512211661670778,0.5923088265762235,1.001105305466238,0.4183144891377047
T000456,2.319144587309998,2.3498294317089123,2.3605706874189365,2.3726497479862223
T000457,1.004149712388877,0.7672790288127808,0.732505175983437,0.580956344591329
T000458,0.44376604177326306,0.46298314911544525,0.45527704912723865,0.6259648293935249
T000459,0.32323820617355853,0.3411853336505833,0.8718695398951657,0.5064980002010568
T000460,0.22918908034907287,0.4350842665381666,1.041924959216966,0.969218026638809
T000461,0.42453439690690575,0.24057462666891613,0.31209735146743,0.1006324565999407
T000462,0.5174170430362796,0.6979597855648029,0.4305135951661631,0.34607381138796767
T000463,0.11087524624464667,0.1607295486972088,0.4447213411871318,0.16414980880444613
T000464,0.19638186830069157,0.3120420116074016,0.3643333622108638,0.2953716060952712
T000465,0.31815266460726643,0.33771929824561336,0.7236842105263158,0.42479592875430455
T000466,0.605418465816643,0.5591526489571884,1.3978219558544072,0.4785121632779381
T000467,0.39815648039524043,0.5128174443886949,1.9830889703432188,0.42785002858747606
T000468,1.0493063371379312,1.0539386850715824,0.6341161928306551,1.3036126229907439
T000469,0.8310139554557042,0.4494795499765439,0.8651840683502952,0.7435012780956504
T000470,0.22807005219804907,0.2819317470141173,0.26916357283249626,0.5421444754799423
T000471,0.7810484752519462,0.8089889377510959,0.7175816607634788,0.6849348442801243
T000472,0.5119913967446464,0.5744064188696911,0.42696629213483145,0.32571413990263637
T000473,0.34737115103242794,0.49767709723332293,0.3518518518518518,0.3532655451686948
T000474,1.2491748376634637,1.037865572031125,1.6534391534391533,1.76983314273792
T000475,0.5029291043705488,0.5964175613272109,1.0256813417190764,0.9984156210717411
T000476,0.667490748454169,0.725731789733364,0.6304410080183277,0.8611655262600788
T000477,0.47314186008081444,0.47314186008081444,1.2471599402092677,0.3428668958723812
T000478,0.47162668192772866,0.47162668192772866,1.015824412135945,0.6709522091987385
T000479,1.2535428882938005,0.9538111230234689,0.7330627234947329,0.8605327479007728
T000480,0.23625860632870216,0.2706026402223424,1.4955352902061365,0.4981355676475553
T000481,0.47820803941047996,0.6173793396006245,0.7313169286853496,0.4095781117263487
T000482,0.24380230434464598,0.24380230434464598,0.6116539698662604,0.31085654363830767
T000483,0.4287826773935817,1.1505748516522316,1.362115127175368,0.9554472493040195
T000484,2.0020543813975697,2.0020543813975697,2.062067072140565,2.645276508695433
T000485,0.28279673416600387,0.28279673416600387,0.4722100656455142,0.47868244762754547
T000486,0.4749514051602725,0.5789193278616902,1.3875276901389542,0.9118206984182009
T000487,0.5498661168485001,0.49015097442986005,0.730783395591098,0.9920709593628333
T000488,0.7668842243070597,0.7193110988096562,0.9535160905840283,0.5974262587646193
T000489,1.404068192026269,1.404068192026269,0.9513487475915224,1.6145483463256118
T000490,0.9927362345385152,1.4514884385649294,1.6582138919514884,0.853144972695011
T000491,0.9290403304168078,0.9893672778550544,1.2071778140293636,1.4083104592551998
T000492,0.7012520143624962,0.6354059017769216,0.7610619469026549,0.7845664235342921
T000493,0.4804089066764214,1.2410653455322214,0.9494505494505495,0.783127199948489
T000494,0.4540859041064476,0.7184054213291937,1.5960502692998204,0.38405147531944284
T000495,0.8506751389992061,0.8506751389992061,1.3256552819698173,0.6520167707544741
T000496,0.3104062723130254,0.30516814716905033,0.7001220256253813,0.4738906385550926
T000497,0.7374466688546111,0.7374466688546111,1.7623892353134227,1.6120699815840884
T000498,0.31794491109490497,0.14548755186722015,0.378890041493776,0.13454657273668494
T000499,0.46517837139574286,0.46517837139574286,1.1682795698924733,0.7776950467017388
T000500,0.8143896536781661,0.7061403508771928,1.7106387764282502,0.6923000783572796
T000501,0.1564642593065929,0.1630918423585407,0.6113090449373635,0.585287476638147
T000502,0.3787544368257718,0.3787544368257718,1.3387850467289721,0.5900872896446564
T000503,0.7353909678155681,0.3959340245220383,0.9851754550572343,0.4921622882083516
T000504,0.42726397874973443,0.31256039765803195,1.0231788079470199,0.7622797139308394
T000505,0.18550059626432283,0.18550059626432283,1.0407953376756944,0.7133783334569241
T000506,1.2791500608807131,0.988624204915731,4.090185676392573,1.9199917740151482
T000507,1.388695085666127,0.46447586042437555,1.8798441664957968,0.6176013144797566
T000508,0.718189036700064,0.305481778970351,1.1886106623586428,1.0386434841618206
T000509,0.2338079973648172,0.2338079973648172,1.481253497481813,1.621712785495615
T000510,0.5859590710295653,0.7797778762029584,0.5673828124999999,0.6913270056247711
T000511,0.5924188466701376,0.2612567586050222,0.7017543859649125,0.583023417721838
T000512,0.23396498962403972,0.21524190608091215,0.7281373643096277,0.252471885643742
T000513,0.6702403102624425,0.5662043297925512,1.6858805445761966,0.680519144211519
T000514,2.127551174706865,6.336274638679506,1.413937276961229,1.186705217642367
T000515,1.5720319350482543,1.5720319350482543,1.1987616539787176,0.7362211200247822
T000516,0.5282269144078128,0.4966607296521115,0.7378446115288222,0.4713671234914831
T000517,0.8095554238023902,0.9931146898492895,0.6900897851569457,0.7519185022764655
T000518,0.4851380791922455,0.46770686702233216,0.4363143631436314,0.5091016402412558
T000519,0.9221747054404964,0.9639886782793398,1.8328690807799444,0.8683462470576182
T000520,0.2762284264873052,0.2762284264873052,1.1983471074380165,0.3187414752550361
T000521,0.5094695485023379,0.49498121802229966,0.5138504155124655,0.5657298967778848
T000522,1.0146992336894691,1.0426096789032613,0.9154929577464789,0.2976488999917473
T000523,0.8110297816713083,0.6099307498379855,0.47902869757174393,0.3768345914929118
T000524,1.3530579871655009,1.1929443472962147,0.9396368780947884,1.195094840084149
T000525,1.156061625922715,1.156061625922715,0.7762237762237763,0.7812420504910129
T000526,0.4926928079399418,0.5579090454312896,0.8645363654185458,0.38029117131789403
T000527,0.43997781506469225,0.4185048396488185,1.8783830271203816,0.5599896891854804
T000528,1.0529777605278434,0.8844405269994435,1.6137038411579145,0.9954951523539972
T000529,0.1723842908739758,0.29924355501126826,0.6072734148493635,0.24015472798724344
T000530,4.201806567357336,3.9359589906427392,4.925289832367226,4.6602530705785
T000531,0.30725671461648574,0.523576810001953,1.363412909235174,0.39133153030985596
T000532,0.6075712243021097,0.7014988093570531,1.7963300182098332,0.18005085539159907
T000533,0.26652698012154985,0.23420299483018467,1.1507242477241133,0.23824884243688058
T000534,0.5394153149547886,0.5702311023808949,1.6140471428396135,0.5515371731474777
T000535,1.099967020041554,1.2015542855239898,1.6122004357298476,1.1315305733386383
T000536,0.3359104025537032,0.6455576837000537,1.303841099015548,0.3089074937386862
T000537,1.5517427199932778,1.11540097684144,1.2390323389320632,1.3757089350450065
T000538,3.2110722747822025,3.2623392266306492,3.834054834054834,2.7506151763563724
T000539,1.3496215800546798,1.4828749892694335,0.6416382252559727,1.2573397726464732
T000540,0.5092082087760919,1.319385672860058,2.426506282891204,0.45645087128128015
T000541,0.7878938940765086,1.928846562298113,1.2184132292827945,0.7977443200334303
T000542,0.5754207854657738,0.40394140690072555,0.48968845985081194,0.9515420782717765
T000543,0.29919232970348664,0.30596913801898756,1.3321554770318023,0.27578077552175356
T000544,2.212567519488723,2.3435178335423545,4.431965442764579,1.9078942251514408
T000545,0.1371428571428574,0.3096167266635307,0.8571428571428573,0.21376464843750004
T000546,1.4292378965722556,1.4282146870484989,1.4282146870484989,1.8404842125153844
T000547,0.966639443711935,1.0133253258064328,0.47984965546043035,0.912250701209702
T000548,1.0870636033112138,1.0870636033112138,0.9842105263157898,0.7183054422077383
T000549,0.9639296201986892,0.9598331477976884,1.042780748663102,1.0708210226048764
T000550,0.7547161818593421,0.7842976234503055,0.7248062015503873,1.0100672041722967
T000551,0.3391402825771496,0.3391402825771496,0.6460674157303371,0.4166633948851167
T000552,1.7648976227355404,1.9411144784639172,1.79554546853362,1.9461556825111013
T000553,1.6109592820577754,1.7847791684649685,1.7847791684649685,1.9209862013306311
T000554,0.755866892050772,0.8390895137818636,1.2049056222872718,1.4667874920845898
T000555,0.5374837865385622,0.7011865884201324,1.0799601857996017,1.2341897559285742
T000556,0.12245354100980618,0.13666132941935194,0.09798852491827338,0.1616277061580914
T000557,0.10294235964325014,0.1048986917942297,0.09791666666666667,0.17317266487081845
T000558,0.10870570820612452,0.10870570820612452,0.07935516699047089,0.2105794616042878
T000559,0.19585935340677685,0.19585935340677685,0.1777015739031038,0.32169082105961616
T000560,0.29200970649158386,0.04762349541228906,0.05619075539919867,0.06049292361085091
T000561,0.02250686411512366,0.021451907370039398,0.01129047756317863,0.020916780752396624
T000562,0.02522068485545358,0.015161788608782999,0.024663710273466373,0.03594637648757969
T000563,0.10447019620149132,0.10447019620149132,0.10675273830337263,0.12189644151604598
T000564,0.03807099600499512,0.05807796467279897,0.05895998983722233,0.06789651581366865
T000565,0.10894476795691192,0.10164289227544672,0.08612948161371906,0.24717754015722185
T000566,0.41900867289989224,0.42126710986275606,0.40939417896908054,0.30944105539443745
T000567,1.1658127074058566,1.2726883767379975,1.182914913672207,0.7180676816000204
T000568,1.2285983341480897,1.17829561752488,1.1199523091702326,1.0254979284770451
T000569,0.22755519422919152,0.41429720007074083,1.3075695063545707,0.27482480874090354
T000570,0.4704302666509244,0.7438719951087039,1.6038609364081062,0.10447512665967854
T000571,0.917741112450752,0.917741112450752,0.7846666666666666,0.6051552734375
T000572,0.21346012128931405,0.6037498785931728,1.5314587859163014,0.19211570582448662
T000573,0.5515020783049124,0.6137606846758346,0.39135315204403087,0.21386669244713402
T000574,0.1809327407154461,0.44196121916978104,1.263842460341579,0.2531298116858121
T000575,1.436222933082045,1.0895472762456078,0.6856781536515966,1.2102253472771103
T000576,0.557191696774893,0.6251938905456333,0.5329052969502408,0.45548108071806337
T000577,0.6115910854957383,0.5946099873718369,0.5897435897435896,0.5346037669059558
T000578,0.5597870469583707,0.5660377358490564,0.43773584905660384,0.32739936540711606
T000579,0.6500661753653382,0.5289746847516418,0.5617342130065975,0.278087720232792
T000580,0.566764422374988,0.566764422374988,0.608695652173913,0.4408256632827199
T000581,0.41127300351056656,0.41127300351056656,0.30215827338129503,0.3517031589572092
T000582,0.5616730961710347,0.5616730961710347,0.6360153256704979,0.47420469554448036
T000583,0.4621678097159813,0.4621678097159813,0.5825242718446603,0.27459361252275477
T000584,0.6463219652066645,0.7554819978814182,0.5608732157850546,0.4880327085403711
T000585,0.6077105747979434,0.6077105747979434,0.5714285714285713,0.45700127737862717
T000586,0.5455534329158553,0.5181711606096132,0.8956623681125441,0.3314126518938214
T000587,0.7898244634452548,0.7898244634452548,0.4468247895944912,0.5814529599902644
T000588,0.7611914638845033,0.7611914638845033,0.4876748834110594,0.5552731437098575
T000589,0.854947420692036,1.089686694605501,0.8741007194244604,1.1988095070818343
T000590,0.11550665222851078,0.1273825643127031,0.21176470588235294,0.12946159013735703
T000591,0.20139698987499632,0.3193829202588824,0.6914728682170542,0.12416254087936046
T000592,0.8489843602088164,0.36328953959567506,1.5232558139534884,0.5499766741612161
T000593,0.11809391692142901,0.11809391692142901,1.266296928327645,0.11631726860593203
T000594,0.16614022493491307,0.12468395302891959,2.4142707788813382,0.4054389630570439
T000595,0.34417440383219106,0.3634930754288307,0.15495973959225628,0.6343298254099655
T000596,0.37999367414055707,0.341225099504598,0.1370464997445069,0.7655715529140187
T000597,0.7695583639521297,0.3892783164067186,0.25259515570934254,1.0016697022329153
T000598,1.3284455718362889,1.2760312953370865,1.48828125,0.9071991741657257
T000599,1.0387261023020065,0.8113208894257469,0.7745789381665598,0.7891971551008217
T000600,1.1704138266372273,1.262652177885205,1.2534653465346532,1.1755446330155477
T000601,1.057572440767592,0.7764539749766117,1.2073349083136462,2.098599634203791
T000602,1.1204702516678555,1.1204702516678555,0.8148148148148148,1.0744635970504197
T000603,0.9607216171048581,0.9607216171048581,0.7843876958792803,0.9522358987889037
T000604,1.2575804380773166,1.2575804380773166,1.0892715756136184,1.723852838680844
T000605,0.9426745478939688,0.6715551626319893,0.18461538461538463,0.7794071361636246
T000606,1.03450390976942,1.2087887974371914,1.5148366094904218,0.7551787646135908
T000607,0.8486170450516151,0.8191714555997726,0.8726140448584881,0.7773074954076692
T000608,0.8624114226172601,0.6754607119827213,0.6777545813036419,0.6767572914854443
T000609,1.5920811440507414,1.4192083659077386,1.4313558237727642,1.3058840566623662
T000610,2.2751290359648695,2.090088980090965,2.231539782484259,2.3034580975310353
T000611,1.0375685962097072,1.3886126950250326,1.3263150364824265,0.9482815580719605
T000612,1.0667080143792798,1.112301500748465,1.0719880162636422,1.035938064245399
T000613,1.0856512476249964,1.0088324218649936,1.2838983050847457,0.9155284348180739
T000614,0.913328468580463,0.9047710506762943,0.7022292993630574,1.0081849978987574
T000615,1.1319280565835605,1.0533109910650835,1.6152924735476146,0.558048497323957
T000616,0.8136829798462702,0.8642912323473942,0.9156626506024096,0.7403628567615187
