unique_id,Meta-Regr,MetaARIMA,No-PCA,Reg-Chain,No-SH,MonteCarlo,MO-Regr,AutoARIMA
T000000,1.4066246440889405,1.0974044501972444,1.3946670514348873,1.3987995243581834,1.0974044501972444,1.4246931413648107,1.079258163237938,0.9495269714509343
T000001,1.6281590178338854,1.5214486706771875,1.6281590178338854,2.386986464059485,1.5214486706771875,1.5214486706771875,2.071294956265075,0.49748515319614145
T000002,2.020499287860433,2.051089416392087,2.0083043998224697,2.0056751340931864,2.051089416392087,1.878684247988017,2.0083043998224697,1.8529186801370467
T000003,1.5689390363545277,1.7689383018937754,1.4721338420739243,2.214773394682847,1.7689383018937754,1.7689383018937754,1.667292903931936,2.249830179581461
T000004,1.9172522940260313,2.0716277386193154,2.000187240610368,1.9500792491712093,2.0716277386193154,1.77520640205533,2.0760669362720594,1.8850736667432746
T000005,0.8376102408017726,1.2741772280412251,0.9043617891764025,1.2741772280412251,1.2741772280412251,1.0061490472503727,0.7721110989301935,1.0469124802279455
T000006,1.0216660843631185,1.0216660843631185,0.9317215319087508,1.3261968044611914,1.0216660843631185,0.9857371942956085,1.1982942233208556,1.0002807672896854
T000007,0.3533613722172072,0.4752782159377803,0.4939939648338336,0.5683812281963707,0.4752782159377803,0.4752782159377803,0.5683812281963707,0.6518672341182482
T000008,0.7148624690774452,0.7148624690774452,0.7065754670884002,0.704394812282728,0.7148624690774452,0.6654117084641604,0.7108821329063245,0.7139031044346115
T000009,0.5532895603861762,0.5515515408836874,0.4234020284771213,0.4218764443482661,0.5515515408836874,0.5515515408836874,0.5591777765021422,0.4078405802674096
T000010,5.198905237010156,5.221999553433016,5.1354562561937405,5.221999553433016,5.221999553433016,5.221999553433016,5.198905237010156,5.366506944612241
T000011,1.4421135483557923,0.4939590312087072,1.0497078289937412,0.5242272787363789,0.4939590312087072,1.1400024427272417,0.4520230534657628,0.7664053937883334
T000012,0.5262908621889876,0.5629035331005712,0.5487419729574927,0.5126225313456746,0.5629035331005712,0.505933485818376,0.5262908621889876,0.6303076217638398
T000013,2.0010013162299316,1.8991581481830146,1.9036839647579955,1.8741032556091908,1.8991581481830146,1.5974027807190567,1.9036839647579955,1.8985601707689481
T000014,0.9377637835386933,0.9269749707354401,0.8401859707106683,0.910033216708009,0.9269749707354401,0.9425242961069893,0.9473858112382062,0.97033760107578
T000015,0.5030815937434447,0.31780594922562233,0.5327942863764956,0.31445113714116535,0.31780594922562233,0.31780594922562233,0.3507395061292157,0.31780594922562233
T000016,0.30244170000891835,0.23792252577497155,0.3590411259329368,0.33884847570926263,0.23792252577497155,0.7606194355881617,0.23792252577497155,0.5981511853599276
T000017,0.7030149436908294,0.6507785506821177,0.6890571273254236,0.6433232271371493,0.6507785506821177,0.6433232271371493,0.6507785506821177,0.6511644712388674
T000018,1.0054464670110936,0.9507109169370659,0.7584538921125367,0.9514814472555839,0.9507109169370659,1.1724892986660516,1.0467711811002938,0.9582306836431521
T000019,1.6905251029275659,1.7479369291533338,2.4423917328673928,2.2645656870315607,66.16845538474388,2.780735958485635,2.363795646171757,2.4423917328673928
T000020,0.9048134182524602,1.1976981096315669,0.9417363296131357,1.1976683685618403,3.1733722860792373,1.311027122822098,1.2189140369021076,0.9266526962784057
T000021,1.102176225432305,1.102176225432305,1.1957559639249211,0.9321402852835502,1.102176225432305,1.1075731910953566,1.102176225432305,1.0515028093277807
T000022,1.0050345749542136,1.13261045862962,1.0866676432126032,1.166614857702516,1.13261045862962,1.2082990629190637,1.13261045862962,1.13261045862962
T000023,0.39887675386854626,0.48507633525589827,0.45241271082916595,0.46374599892793944,0.48507633525589827,0.48507633525589827,0.43694560340710475,0.47314123087869087
T000024,1.002219135976773,0.9767584284112071,1.0925226432347783,0.9767584284112071,0.9767584284112071,0.9767584284112071,1.2355512105028728,1.0759355579735679
T000025,2.0989589323747104,2.0989589323747104,2.5744906823402247,2.0989589323747104,2.0989589323747104,2.0205219753435903,2.0117125705287378,1.8638590993871984
T000026,1.583250818605831,1.4825107859945865,1.658730455763645,1.5826699689103172,1.4825107859945865,1.4825107859945865,1.583250818605831,1.5956484025397104
T000027,2.3910666810301606,1.6002363784549274,2.3910666810301606,1.6002363784549274,1.6002363784549274,1.6092874328117956,1.6002363784549274,1.5518867104085277
T000028,1.3092279316171243,0.49344294008560424,0.7986306497316671,0.49344294008560424,0.49344294008560424,0.5322987229956292,0.49344294008560424,0.5918845555496852
T000029,0.8976930936510991,0.8532371503391745,0.96570366662916,0.9844785743633525,0.8532371503391745,1.2465501730329978,0.8532371503391745,0.7890988475478491
T000030,1.4565892759224666,1.614045237452259,1.49471955772583,1.5683757283919724,1.614045237452259,1.356892248653013,1.614045237452259,1.5495730698356018
T000031,2.154393191516442,2.0211804635406114,1.8424581938250442,2.0447133004022517,2.0211804635406114,1.5874521520991471,2.0211804635406114,1.7625638576314167
T000032,0.9133474803236018,0.9133474803236018,0.9770574472896748,0.947674746867154,0.9133474803236018,1.1283800876084633,0.9460550693712135,1.0472675507165659
T000033,1.4892997796990561,1.4892997796990561,1.0880148775470846,1.481239667421961,1.7544237636844189,1.4892997796990561,1.6035262626058304,1.3208604451391623
T000034,2.528662970763969,1.9269889932539368,2.497932210312365,2.5432622651871846,1.9269889932539368,2.914612832233367,1.8182902881156866,2.6623747951132226
T000035,1.4794737214296692,1.4794737214296692,1.4794737214296692,1.2923596306604994,1.4794737214296692,1.1408568494336935,1.4794737214296692,1.4155331647471772
T000036,1.3734244567273737,1.3734244567273737,1.7530164387263003,1.428399575192752,1.3734244567273737,1.1245855955083852,2.1607229173608897,1.557948676373545
T000037,2.837357712083117,2.837357712083117,2.8851540606688904,2.837357712083117,2.837357712083117,2.7816682513119795,2.8851540606688904,2.8574994277288637
T000038,1.5471224543975128,1.9840804363592075,2.155553820448403,2.174914804782643,1.9840804363592075,2.1697813640012678,1.9840804363592075,2.154802645891734
T000039,3.3520426704337742,3.2509197564495538,3.2509197564495538,3.1264935305904946,3.2509197564495538,3.2509197564495538,3.2509197564495538,2.83656449867053
T000040,1.5532760432936676,1.4268348209048365,1.5532760432936676,1.2655608378955747,1.4268348209048365,1.4669478736601445,1.4268348209048365,1.4268348209048365
T000041,0.5593106429409312,0.4550430654892709,0.4550430654892709,0.5593106429409312,0.4550430654892709,0.47152282332088313,0.5593106429409312,1.309961373093241
T000042,0.588671668234565,0.4727997854506314,0.6402780877452687,0.588671668234565,0.4727997854506314,0.4727997854506314,0.588671668234565,1.27341315495531
T000043,0.5626439252842995,0.5626439252842995,0.5524798067843302,0.5546371508653765,0.5626439252842995,0.9777665535524402,0.5524798067843302,1.1990486808676635
T000044,0.5546688030880451,0.58694673088185,0.5772274092499755,0.58694673088185,0.58694673088185,0.5725765222132007,0.58694673088185,0.5865846811137437
T000045,0.33085607371568043,0.26733424661634514,0.5259515984812401,0.32876648323222957,0.4424528262897756,0.26733424661634514,0.33085607371568043,0.33085607371568043
T000046,1.7906990783562973,1.8040975241004154,1.5336435391980743,1.3729455549555485,1.8040975241004154,1.7893867807258201,1.8040975241004154,1.0532941587354347
T000047,1.732627706893483,1.8238653997546093,1.792456361315306,0.9350684482794368,1.8238653997546093,1.3522515481591288,1.0076827065199427,1.1502631959134106
T000048,0.8986500118867703,0.823091164212045,0.5954759700245685,0.7264067963487371,0.823091164212045,0.7461124907656919,0.7264067963487371,0.7264067963487371
T000049,0.40456061756775097,0.40124845427048533,0.3838408098667982,0.45636882073406443,0.40124845427048533,0.40124845427048533,0.3962158010433346,0.3811621492897839
T000050,0.36454598326296955,0.3361938459713911,0.25197314325917536,0.3658986390756624,0.3361938459713911,0.34370126230262954,0.37284544171081363,0.3347613893351866
T000051,0.2683020753150555,0.3299955721748855,0.3828956739684139,0.4866516366078379,0.3299955721748855,0.9183726402394444,0.2813099646130324,0.7032824117735982
T000052,0.5764126271389658,0.5153988903242389,0.4876582701667134,0.5153988903242389,0.5153988903242389,1.120621070536889,0.5368079332585315,0.5319769050892786
T000053,0.542922829861384,0.5358333375669542,0.5187481322481567,0.5806928461323307,0.5358333375669542,0.6976251716048776,0.45000142582496855,0.4241729800673659
T000054,0.23703722126525567,0.4331095207488829,0.4331095207488829,0.23703722126525567,0.4331095207488829,0.2661569088640091,0.4331095207488829,0.3509205372235503
T000055,0.7958646134342863,0.9580497558332403,1.087477347089511,0.7958646134342863,0.9580497558332403,1.1315551915215147,0.44843190673653843,0.7241516390543821
T000056,0.7500455388590327,0.7122042670846761,1.0458940801395589,0.7500455388590327,0.7122042670846761,1.1821009156792686,0.7122042670846761,1.0458940801395589
T000057,1.3311518483598996,1.3311518483598996,1.2904582893471184,1.3311518483598996,1.3311518483598996,0.6644901034885123,1.2904582893471184,1.2904582893471184
T000058,0.5407813801469791,0.3557190685824844,1.027522005195724,0.33556645531762175,0.3557190685824844,0.3557190685824844,0.3557190685824844,0.3557190685824844
T000059,0.5974700191998928,0.7373697149020217,0.793084960612316,0.609354388253572,0.7373697149020217,0.522181405489098,0.8650348646155722,0.6302094249370898
T000060,0.5570645348387847,0.4809712739930815,0.5930232607251961,0.40424928799104043,0.4809712739930815,0.5518504935688001,0.5731514065670639,0.4674688990196804
T000061,1.1276412117104282,1.227017426515334,1.228921696160224,1.0490550481213736,1.227017426515334,1.227017426515334,1.227017426515334,1.0855273653864939
T000062,3.581223564068172,3.942603403619788,3.4755501292896556,3.589264624954879,3.942603403619788,3.942603403619788,3.2183109444135867,3.3346161438914006
T000063,1.2557648801418448,0.9359566734557326,0.9359566734557326,1.0814659864965777,0.9359566734557326,0.939909673988577,0.9359566734557326,1.1425932372475298
T000064,0.9535717726810187,0.8372209583891765,0.8558354571180874,0.8372209583891765,0.707454986816441,0.707454986816441,0.8372209583891765,0.9535717726810187
T000065,0.5101184009664883,0.5090302133603187,0.5302372126906189,0.5090302133603187,0.5090302133603187,0.5268304259675708,0.5090302133603187,0.613998801619725
T000066,0.471076847886109,0.8437950407784276,0.46749041511013917,0.9016223575109003,0.8437950407784276,0.8481613737122409,0.8481613737122409,0.8887651175792747
T000067,0.9177171811717492,0.919512907454366,0.9862740651567603,0.9700330260855322,0.919512907454366,0.9479469513739585,0.9763828737201187,0.9779730127284767
T000068,0.7324805114268464,0.7352475161191206,0.7324805114268464,0.7272967666225172,0.7352475161191206,0.7876363866927552,0.7340461471850382,0.6919358152110994
T000069,0.8071526467534275,0.7758301779777499,0.8071526467534275,0.7758301779777499,0.7758301779777499,0.7946906141726059,0.7551165268684752,0.7873889992725572
T000070,0.7755154089901253,0.7101508979130484,0.7121265505288328,0.85224182812073,0.7101508979130484,0.9062591293000998,0.856811926726847,0.85224182812073
T000071,1.898093129806056,1.898093129806056,1.898093129806056,1.8979772301405438,1.898093129806056,1.898093129806056,1.898093129806056,1.829530594292686
T000072,0.32030111057830374,0.34240146688083556,0.4714041379923496,0.36858905447390183,0.34240146688083556,0.4634716677139758,0.36858905447390183,0.4226279935738808
T000073,0.6484152794722419,0.5075934194963233,0.5230160161761183,0.5590093362154189,0.5075934194963233,0.5076623124098794,0.5590093362154189,0.5230160161761183
T000074,0.7461776742735496,0.7596148337370452,0.7596139785982959,0.7369387112501153,0.7596148337370452,0.7596148337370452,0.7596148337370452,0.6986627248269165
T000075,0.447535927107461,0.5415121862145491,0.43667726153196773,0.6087773220659503,0.5415121862145491,0.7070694954751862,0.5415121862145491,0.40270332885607224
T000076,1.0861179951339348,1.0197399974297814,1.0681535073944257,1.122557493041227,1.0197399974297814,1.0197399974297814,1.1230341529697783,0.923278413659372
T000077,1.1314915996028374,1.1314915996028374,0.5617681597824415,0.9952000668278116,1.1314915996028374,0.5917913547723772,1.1314915996028374,1.118074760969773
T000078,0.4451396809607844,0.372805814308748,0.372805814308748,0.4451396809607844,0.372805814308748,0.372805814308748,0.372805814308748,0.5944985096520269
T000079,0.27905803074591407,0.41241568624843034,0.42441385290733724,0.27905803074591407,0.41241568624843034,0.48190839663635787,0.27742316025775793,0.4640078713213645
T000080,0.7404598855886976,0.6184866079546774,0.7404598855886976,0.6725358544337454,0.6184866079546774,0.7276171034433682,0.8322469690542744,0.7488332388372998
T000081,1.7301119732460852,1.7367468893176303,1.696000588389135,1.7298467138670441,1.7367468893176303,1.773805500468775,1.7367468893176303,1.7349686390959589
T000082,0.9081949495981401,0.602471519940648,1.1695122152580644,0.6906291220129219,0.602471519940648,0.602471519940648,0.667584400825436,0.3677761099430609
T000083,0.695850559868515,0.6771038564798433,0.6807205129565639,0.6771038564798433,0.6771038564798433,0.6771038564798433,0.6771038564798433,0.7876417293848181
T000084,0.5906132768537271,0.5909439194565177,0.5897502335805335,0.6660050057811985,0.5909439194565177,0.5909439194565177,0.5906132768537271,0.6675814549003461
T000085,0.713908011833732,0.9284851280037173,0.713908011833732,0.6684365084013016,0.9284851280037173,0.8602695644338649,1.0001712471529027,1.0177699764663284
T000086,1.06830413365153,1.3882011508044831,1.58255427811254,1.029454093086096,1.3882011508044831,1.7042351067070567,1.3882011508044831,1.3174986580661487
T000087,0.6463325926251766,0.6512216201254064,0.9612321937371223,0.6463325926251766,0.6512216201254064,0.7615405491142043,0.6512216201254064,0.9612321937371223
T000088,1.068467010524742,1.0144792713549269,1.0630323678999487,1.0630323678999487,1.0144792713549269,1.2279052725541815,1.0630323678999487,1.1145582801325202
T000089,0.5049807079366636,0.521311609978114,0.5340910325817108,0.521311609978114,0.521311609978114,0.44235573911181303,0.5400535893307828,0.4844454258213099
T000090,0.5661806430336358,0.5661806430336358,0.4892816069456972,0.5661806430336358,0.5661806430336358,0.5661806430336358,0.5661806430336358,0.8252357065915159
T000091,0.34135009156258883,0.3254519287236464,0.3497390106008078,0.3719996352941715,0.3254519287236464,0.35230679449317864,0.34135009156258883,0.5929195849514464
T000092,0.48661991209795546,0.48661991209795546,0.45193745292777765,0.611139155037539,0.48661991209795546,0.48661991209795546,0.48661991209795546,0.611139155037539
T000093,1.8826847770278303,0.8771778127381226,2.032963167587381,0.8771778127381226,0.8771778127381226,1.2230910063726845,0.9459227866914439,1.2238342654039036
T000094,0.3367077954184498,0.3367077954184498,0.3367077954184498,0.5492267684922391,0.3367077954184498,0.3367077954184498,0.3977758736297608,0.5482403787461682
T000095,0.42251533158630705,0.47054686255948175,0.41891678183595144,0.7274266127886663,0.47054686255948175,0.47054686255948175,0.47054686255948175,0.6085687469866133
T000096,0.4621598990123247,0.4002202683625238,0.4621598990123247,0.4002202683625238,0.4002202683625238,0.37395895511915545,0.4002202683625238,0.3650423362709522
T000097,0.2843727011725686,0.20063972967209082,0.2684937340541958,0.4692582369241174,0.20063972967209082,0.20063972967209082,0.21785169666441392,0.35503915674244574
T000098,0.7174610379701942,0.3295981103174536,0.6909773352445032,0.4570619877995184,0.3295981103174536,0.3637723658344609,0.3328328188393784,0.3294168536200455
T000099,0.9517822373028777,1.1477910174816452,0.9428711908014039,1.1657880054413787,1.1477910174816452,1.1530242713740446,1.0527512185531467,1.1477910174816452
T000100,0.3546938755132116,0.4119786013277566,0.4093743790492945,0.34990235072919007,0.34797088179574376,0.4274554864842138,0.37168033824316216,0.3546938755132116
T000101,0.4837408153619079,0.4889897134777954,0.4948529311388021,0.4889897134777954,0.4889897134777954,0.4889897134777954,0.4889897134777954,0.4639520941708331
T000102,1.1121268422694386,1.0931664483736838,1.0019705088849136,1.0456702462567347,1.0931664483736838,1.0931664483736838,1.0931664483736838,1.0028723556050954
T000103,1.255942630241507,1.300503864196477,1.9378723249733476,0.827018460633407,1.300503864196477,0.9818108755681024,1.255942630241507,1.9283576350384635
T000104,0.8079355625400885,0.6190292314855587,0.808379399981591,0.6478161846315614,0.6190292314855587,0.7449604167402407,0.6190292314855587,0.5971538607524695
T000105,0.8619469464024546,0.5465490608358518,0.8588719400957807,0.5661819723536855,0.5465490608358518,0.5465490608358518,0.5465490608358518,0.5661819723536855
T000106,0.3859153854562099,0.3951831075620646,0.4249936281223165,0.4238617231286019,0.3688319090945236,0.48218591615110495,0.3859153854562099,0.3859153854562099
T000107,0.44066479164301,0.4459571237041657,0.44367425165780194,0.45956882152349826,0.4459571237041657,0.5456163789503167,0.4480974468359331,0.45956882152349826
T000108,2.4237386470823035,2.180552625409316,2.4237386470823035,2.1588183626930144,2.180552625409316,2.337687647871281,2.1241749886151404,1.8960767085076027
T000109,0.5977854391838389,0.5895530860670459,0.5648542412544785,0.603485280301705,0.5895530860670459,0.5895530860670459,0.6210085129676061,0.5990292184130528
T000110,0.31871482336957596,0.31871482336957596,0.3028433209516993,0.6663288340345556,0.31871482336957596,0.31871482336957596,0.31871482336957596,0.20869341203448039
T000111,0.36113217168553946,0.786899299497007,0.8259927611536696,1.3075042320408885,0.786899299497007,0.4253536601962011,0.786899299497007,1.7921692458949003
T000112,1.4226213980198537,1.2608714690220217,1.182122443179566,1.4202012818054957,1.2608714690220217,0.8747471081317881,1.395848558155752,1.0101555435894596
T000113,0.43753525698749335,0.5282332115701232,0.4501995382194273,0.4752288436558357,0.5282332115701232,0.7390586175014502,0.5222351876758249,0.5907519675850038
T000114,1.528929063504857,2.604847066047509,2.449733930721793,1.9705316667630506,2.604847066047509,1.9025098554981918,1.9264472026781807,2.0857011896764295
T000115,0.3905609040869691,0.44538615169892243,0.4127556871485142,0.35154138943135155,0.41232867213934205,0.7164717918213916,0.38667889655571036,0.486625528772062
T000116,0.4154604628395543,0.4154604628395543,0.4154604628395543,0.7600897051520986,0.4154604628395543,0.4154604628395543,0.5590911219239185,0.5848327000855811
T000117,0.3440573527238901,0.46871951430958286,0.34309601557087277,0.48597413112143034,0.46871951430958286,0.4505287356049177,0.4928981200036231,0.4715233128215741
T000118,0.5077569381311086,0.5045810789724295,0.5084215735988417,0.5168516268629902,0.5045810789724295,0.6533765740647934,0.5087613856381519,0.6248942242707631
T000119,0.5153143738458157,0.6462170334355745,0.5565983493681095,0.6330705850681925,0.6462170334355745,0.6462170334355745,0.6483079559235428,0.4074235760541626
T000120,0.5068944612099778,0.5227638583365612,0.523746507184675,0.5181022628522781,0.5227638583365612,0.5227638583365612,0.521128330936986,0.6574463305770861
T000121,0.3599363189997893,0.3606809368731482,0.33554107872377636,0.4290014034392564,0.3606809368731482,0.6027443326378,0.35216670226255503,0.6658935170390083
T000122,0.6406186630678331,0.655962093263503,0.6359849867950657,0.655962093263503,0.655962093263503,0.6604086441133219,0.655962093263503,0.7010416646922714
T000123,0.3599363189997893,0.3606809368731482,0.33554107872377636,0.4290014034392564,0.3606809368731482,0.3606809368731482,0.35216670226255503,0.6658935170390083
T000124,0.864595222444878,0.7522746745788964,0.7935085144251477,0.5162207402656883,0.7522746745788964,0.3745538586425761,0.7935085144251477,0.6717461628398448
T000125,0.4712062883528197,0.4712062883528197,0.46867707913483114,0.43456944248544266,0.4712062883528197,0.48666233900281985,0.4712062883528197,0.5827543454303853
T000126,0.4415544697761777,0.41440741705156153,0.41440741705156153,0.4435036787352981,0.41440741705156153,0.5435382657522504,0.4435036787352981,0.5078440403501914
T000127,0.3079898085232758,0.31727886702208047,0.4368767816753803,0.6651129121210759,0.31727886702208047,0.31727886702208047,0.3079898085232758,0.30426209616398703
T000128,0.3704557909441398,0.3669323972437623,0.4026071882995322,0.3600801661251457,0.3669323972437623,0.6567844434243616,0.37056942294445994,0.4013402066446285
T000129,0.6239502633240613,0.5882534336438603,0.6325247800906217,0.6225968176350564,0.5882534336438603,0.7721855816411309,0.5882534336438603,0.7278541813597165
T000130,0.12372917263668513,0.24577473083588738,0.1628762699034477,0.12693688189134344,0.24577473083588738,0.24577473083588738,0.24577473083588738,0.11530333660525971
T000131,0.5555047233520503,0.5461448963321194,0.4645939881503502,0.4318297584795936,0.5461448963321194,0.4148318106014719,0.5461448963321194,0.3780095939875895
T000132,1.6116480557478512,1.4297033202191587,1.7312790896363432,1.2158876735667945,1.4297033202191587,1.3267999061399123,1.4181893880307812,1.2931445234328842
T000133,0.950081052804013,0.9111920206355949,0.9342955765191592,0.8780753304197546,0.9111920206355949,0.9207846379729822,0.9111920206355949,0.937352586704322
T000134,1.3165194045413056,1.1357425898709095,1.2310168490869946,1.2288843471752542,1.1357425898709095,0.8987086785533764,1.1357425898709095,0.8146423551012681
T000135,0.5237302726653249,0.5121220474438175,0.4548671846380838,0.4606434007848155,0.5121220474438175,0.4923230133961556,0.4606434007848155,0.4606434007848155
T000136,0.6906319628096736,0.7405700061407876,0.9032614572330078,0.7717721106887713,0.7405700061407876,0.9521380999180166,0.7405700061407876,0.854591259488436
T000137,1.04267676330803,0.7871948934578354,0.7485950684355043,0.8082665489229152,0.7871948934578354,0.7871948934578354,0.7871948934578354,1.0863366620205543
T000138,0.6415025416142974,0.6521633778645444,0.6375346032847979,0.874162001713035,0.6521633778645444,0.9098291798286795,0.8567519159741037,0.9189396258966519
T000139,0.457226033897235,0.457226033897235,0.4686503287492157,0.7132620720665496,0.457226033897235,0.6225905083420822,0.457226033897235,0.47550589103561436
T000140,1.0654519077569555,1.0534595941430989,1.0407401675934322,1.0165751717326794,1.0534595941430989,1.0534595941430989,1.0482450242805532,1.0829328212679943
T000141,0.5355226172079756,0.5355226172079756,1.8150875072113044,1.0303854721954466,0.5355226172079756,0.5357615418599111,0.5355226172079756,0.5494527668287155
T000142,0.4736469797810949,0.4736469797810949,0.5197164930181765,0.4915560356228342,0.4736469797810949,0.4736469797810949,0.4884016764932693,0.711803135488318
T000143,0.7647792767718758,1.6434527168783424,0.8482166649560562,0.6414292174296135,1.6434527168783424,0.6629232351223275,0.8170673741352864,1.0951118152593016
T000144,0.4959990430305972,0.4959990430305972,0.4686907812836929,0.45537751235517354,0.4959990430305972,0.4805409323900584,0.45122496450447236,0.4452424025667906
T000145,2.6502169584339152,2.3244262307201393,2.1977991398970618,2.291220064409369,2.3244262307201393,1.7239666907834077,2.3244262307201393,2.256324976409312
T000146,0.6751559956090117,0.7911553002109823,0.661683176032645,0.7911553002109823,0.7911553002109823,0.6685265810654819,0.7911553002109823,0.7911553002109823
T000147,0.42197182328155386,0.22705536141254368,0.42197182328155386,0.22705536141254368,0.22705536141254368,0.22705536141254368,0.22705536141254368,0.1712073247858015
T000148,0.31521044499397693,0.3249713602499982,0.32494823656932065,0.3412792834098258,0.3249713602499982,0.3249713602499982,0.3249713602499982,0.32494823656932065
T000149,0.711427686064244,0.711427686064244,0.711427686064244,0.7198673347759835,0.711427686064244,0.711427686064244,0.6917512478469098,0.8591287928390028
T000150,0.43314872386331155,0.755116583344724,0.4322217655917909,0.43314872386331155,0.755116583344724,0.7792972064306265,0.755116583344724,0.6129954211576097
T000151,0.3807085106893132,0.38467889856559356,0.6452238632432661,0.3664573048485255,0.5816544422977913,0.41764716858999795,0.381640521827572,0.49196112741489956
T000152,0.4395990010908324,0.5137763811524948,0.9889941992226146,0.5264849459447354,0.5137763811524948,1.2389274179892649,0.46441042196541,0.5034005910896661
T000153,0.7074218793175217,0.7074218793175217,0.5517788820660708,0.8950748072668506,0.7074218793175217,0.8950748072668506,0.5445279410097176,0.5445279410097176
T000154,0.3001544450163419,0.3674569698861445,0.3101845463017184,0.3001544450163419,0.3674569698861445,0.4284936546412621,0.250078340257083,0.8640428015519952
T000155,0.22207138830089648,0.22207138830089648,0.24207170083848534,0.22207138830089648,0.22207138830089648,0.22207138830089648,0.2273356783062862,0.22207138830089648
T000156,0.5020502314540155,0.5180593986447497,0.5356959930793678,0.5020502314540155,0.5180593986447497,0.36577957640129477,0.578673215725208,0.5035492017824058
T000157,0.7628829670996793,0.782652045340557,0.8423494610770396,0.7216973233017281,0.782652045340557,0.782652045340557,0.8431153848113716,0.7391689465640704
T000158,0.3108028924403353,0.3108028924403353,0.35450861864992456,0.26797821756946183,0.3108028924403353,0.26797821756946183,0.26797821756946183,0.3108028924403353
T000159,0.6050180488265601,0.7502036407148788,0.5968096253470621,0.6678141283801812,0.7502036407148788,0.7502036407148788,0.7502036407148788,0.9916131991529863
T000160,0.9587765524196845,0.7804638440890588,0.9340364493483226,0.9770430841222247,0.7804638440890588,0.7804638440890588,0.7804638440890588,0.3642777909107345
T000161,0.6143389984401406,0.6143389984401406,0.5734476170517908,0.72878320644705,0.6143389984401406,0.685995605063316,0.5734476170517908,0.7270025661763503
T000162,0.774738169665876,0.735624405949364,0.7178585136741344,0.735624405949364,0.735624405949364,0.4899007808068117,0.735624405949364,0.735624405949364
T000163,0.6485218705730451,0.6326056249219237,0.6326056249219237,0.6429759956787375,0.6326056249219237,0.7138571484242157,0.6485218705730451,1.2603286125265378
T000164,2.4355761185156832,2.2284869151500084,2.19773858508539,5.097658577384903,2.2284869151500084,2.3948527251526923,2.3273665985218366,2.3273665985218366
T000165,1.6035719141329423,0.9884552281109111,1.418324228670778,0.9427695332278414,0.9884552281109111,0.8110775781733202,0.9659010644515337,0.9911143681582925
T000166,1.3555372376980361,1.4455710900198189,1.3535001863400868,1.4090545103708854,1.4455710900198189,1.5004565954840323,1.4455710900198189,1.3699221617175177
T000167,0.8300306125318858,0.8300306125318858,0.8746508201344647,0.8614731390851937,0.8300306125318858,1.0247198260773909,0.8300306125318858,0.9702121764523562
T000168,0.5647796793297699,0.5495109018802043,0.5647796793297699,0.5330293270168611,0.5495109018802043,1.4509805626072518,0.5647796793297699,0.6086112620930076
T000169,0.9979717219865786,0.9979717219865786,1.0277886155120426,1.0838916509461511,0.9979717219865786,0.7206528936808287,1.0563559754049172,1.2008350265219427
T000170,1.7823566814632186,1.8758315889881199,1.8773767540243553,1.8965929772461159,1.8758315889881199,1.8758315889881199,1.7823566814632186,2.1952035733443935
T000171,0.8315606622559303,0.5548364370766659,0.4771681072322987,0.5521545419510057,0.6304793206715241,0.5548364370766659,0.5548364370766659,0.5135373799372217
T000172,2.5132864680815485,2.517964396999525,2.52939302069716,1.8314223677757069,2.517964396999525,2.517964396999525,2.517964396999525,2.7020452593428805
T000173,0.8894442520250784,0.579060272180666,0.8894442520250784,0.579060272180666,0.579060272180666,0.6369654905477803,0.579060272180666,0.6189310797950038
T000174,0.7692345769654515,0.7692345769654515,0.7692345769654515,0.7573432336752127,0.7692345769654515,0.7692345769654515,0.7692345769654515,0.8584686868396777
T000175,0.3071209031228258,0.46987478536963057,0.8010827241620814,0.471568551465717,0.4924521177941723,0.43719547008668636,0.3071209031228258,0.4845052146316105
T000176,0.6494028591945019,0.32945729593959233,0.39469970120319037,0.6431013328194558,0.522558014275365,0.3252581413820493,0.32945729593959233,0.4181835114798872
T000177,0.2726802847828157,0.6535587423926601,0.656486049871818,0.6434722356497615,0.6535587423926601,0.38407409841318363,0.6432872885148087,0.4243855233984464
T000178,0.429752362526927,0.429752362526927,0.4059801593988259,0.28633386127908156,0.429752362526927,0.429752362526927,0.429752362526927,0.4103665943819928
T000179,0.2539809967541403,0.2495520206511687,0.28256058695989067,0.24941507121246975,0.2495520206511687,0.2721032933789203,0.2537649997128558,0.2790292737964145
T000180,0.3524733050967594,0.33502726790181914,0.32358493641096014,0.571317830122245,0.33502726790181914,0.5381817001872624,0.33502726790181914,0.4424939184654177
T000181,0.5456182251029358,0.4548867341412447,0.6384385650676789,0.5456182251029358,0.4548867341412447,0.42709538089846966,0.5456182251029358,0.6007374080734303
T000182,0.7705987925049318,0.7040203807209519,0.7695454893980641,0.930008998758599,0.7040203807209519,0.7040203807209519,0.957641649645982,0.8812245974253934
T000183,1.1900536387923426,0.9539865756844527,1.3275018470859126,0.9704901838420249,0.9539865756844527,1.1429165143770903,0.9539865756844527,0.93836494187832
T000184,0.8124982298209069,0.8124982298209069,0.7842792446596638,0.789423677387452,0.8124982298209069,0.9325195265930423,0.8124982298209069,0.9630631502586372
T000185,0.6216155016872316,0.6736365825146383,0.6219049766310623,0.7692790264366575,0.6736365825146383,0.7464045070556699,0.6120615426763957,0.6120615426763957
T000186,0.3356052433354691,0.3439127903957023,0.3442990861041843,0.3439127903957023,0.3439127903957023,0.3671638105113186,0.33863228868595174,0.3220492704419291
T000187,0.3331983120372492,0.5278933869204236,0.39768374354220987,0.5232803759427954,0.5278933869204236,0.4112376750214558,0.5232803759427954,0.47727099690470637
T000188,0.5631446854841261,0.5063036854348658,0.6026177567771337,0.5118625397796551,0.5063036854348658,0.648310137528198,0.5063036854348658,0.648310137528198
T000189,0.7148038418624533,0.6953431543056732,0.6929858152249556,0.7148038418624533,0.6953431543056732,0.7466363438947885,0.6953431543056732,0.7041419421832986
T000190,0.5030473606781115,0.4890504507695252,0.6932837577753732,0.5314750580745639,0.4890504507695252,0.4890504507695252,0.4890504507695252,0.5314750580745639
T000191,0.3567526114790723,0.6811469113006957,0.2272364500583285,0.47747757142707625,0.6811469113006957,0.5479520176619864,0.3567526114790723,0.3511603231537246
T000192,1.0808357145090277,1.0853307343954526,1.4821527903846126,1.0808357145090277,1.0853307343954526,1.329425836402541,1.0853307343954526,1.4821527903846126
T000193,0.4771687736921557,0.4771687736921557,0.4797834564973208,0.7473655684257259,0.4771687736921557,0.4771687736921557,0.4797834564973208,0.6703851436025328
T000194,3.2228997147015424,3.1621705979430836,2.8284597386842214,3.1326739302957587,3.1621705979430836,2.5911168142248764,3.1621705979430836,3.335730162833985
T000195,0.34916170992462775,0.4907464225931219,0.2890304529925857,0.4907464225931219,0.4907464225931219,0.4907464225931219,0.3620979578542303,0.3138566358316824
T000196,0.7685352275753691,0.7754604760981757,0.8631298148557963,0.7519083033048628,0.7754604760981757,0.7754604760981757,0.7685352275753691,0.7403590304425788
T000197,0.3458903726153292,0.3762154057688725,0.37052581793780504,0.3751302341163139,0.3762154057688725,0.3762154057688725,0.3762154057688725,0.3762154057688725
T000198,1.3189760923739322,1.1744066480827005,1.3608243543043996,1.1744066480827005,1.1744066480827005,1.1744066480827005,1.1744066480827005,1.3189760923739322
T000199,0.7373431928983796,0.7452367024222716,0.727094039301138,0.7452367024222716,0.7452367024222716,0.6801488022422354,0.731771528583765,0.7898031450774432
T000200,1.2739663698137613,1.2075548474228985,1.187643625331112,1.225616284620835,1.2075548474228985,2.11922467999846,1.2181868266524178,1.6196252198280554
T000201,0.8197089554857973,0.8340513628116899,0.8625571102821619,0.8148680362338632,0.8305407189134715,0.8340513628116899,0.8148680362338632,0.7720244103844888
T000202,0.870918109072656,1.6283805482027913,1.5094055316361654,1.6283805482027913,1.6283805482027913,0.777383290704404,1.2237499710410904,1.0166859726577933
T000203,0.6277730059489405,0.6600137228979767,0.6277730059489405,0.6277730059489405,0.6600137228979767,0.6600137228979767,0.6269924776332177,0.6260288482798875
T000204,1.6816035225100134,1.7092628277303379,1.6816035225100134,1.485623731650587,1.7092628277303379,1.44812363813545,1.6816035225100134,1.5537588054462301
T000205,1.2659049276179246,1.3343717715722867,1.4852626552977124,1.7768037570595756,1.3343717715722867,1.3343717715722867,1.3343717715722867,1.1083119650466646
T000206,0.8279332268398296,0.44715950189591086,0.878530249356018,0.4560576279187963,0.44715950189591086,0.3811365309098231,0.44715950189591086,0.878530249356018
T000207,0.8584528620636822,0.9484189998998853,0.8415797672362463,0.9374963495319066,0.9484189998998853,1.3305762138827677,0.9104868781135724,0.9318803524761167
T000208,0.402712746338122,0.4064201620441003,0.5261788799682064,0.46355449509844665,0.4064201620441003,0.5532244339876392,0.46355449509844665,0.4026870251181135
T000209,3.8802148212537952,3.3594691755255797,3.2760554178684638,3.2760554178684638,3.3594691755255797,3.3594691755255797,3.2760554178684638,3.4491309232944283
T000210,2.546920483661724,2.7776041829116203,2.7701539066846026,2.7800579698799774,2.7776041829116203,2.5719471791677,2.7800579698799774,2.805337818340344
T000211,0.9477603266198469,0.7496557556279965,0.7496557556279965,0.7496557556279965,0.7496557556279965,0.7175978720756736,0.7066716352591134,0.9743647748583053
T000212,1.1534923184526882,1.2492760811998118,1.256637183706744,1.2373713462806324,1.2492760811998118,1.122399366232536,1.2373713462806324,1.2070201479092257
T000213,1.9076284407776467,2.5008963527329997,1.8037132927818769,1.8923065278646651,2.5008963527329997,1.6299513547533502,2.2758207968013506,1.2083093017730808
T000214,0.5818497041653204,0.5818497041653204,0.6956107388445802,0.5818497041653204,0.5818497041653204,0.7981699649356048,0.5818497041653204,0.5748735402979663
T000215,2.7032703068430717,2.9463277947361144,2.9494526719308265,2.9463277947361144,2.9463277947361144,2.2092904333691514,2.9097070911364797,2.2440279694013463
T000216,0.8230524378000309,0.8588164915662417,0.8566859597489518,0.8478410656752018,0.8588164915662417,0.7912498061969527,0.8588164915662417,0.7016949061999723
T000217,1.0182444187784576,1.0016507491795097,1.1226811613509462,0.8428944848979348,1.0016507491795097,0.9961506252854768,1.0016507491795097,1.0076767714480286
T000218,1.1740896551766489,1.2891180486222247,1.2062579545588294,1.2181101219375703,1.2891180486222247,1.156370531361439,1.2891180486222247,1.3195525621792876
T000219,0.31723778760432003,0.4295430594382147,0.40837732138783867,0.32834084289825666,0.4295430594382147,0.32834084289825666,0.42592120732406485,0.3025906189246007
T000220,0.43540521959940326,0.43540521959940326,0.4315901837656193,0.4699290837827944,0.43540521959940326,0.5582641494911604,0.43540521959940326,0.4315901837656193
T000221,0.39102205006563806,0.4315347655441184,0.35009159804084605,0.403217183661326,0.4315347655441184,0.40982017665179626,0.4315347655441184,0.4313144190190736
T000222,0.5527830584847794,0.5527830584847794,0.8548937044624055,0.583921917799029,0.5527830584847794,0.39950472003998927,0.5527830584847794,0.7512733128850954
T000223,0.43923404581751685,0.4633541226775693,0.32664889300800226,0.7988740127770712,0.4633541226775693,0.427807622453695,0.4633541226775693,0.9206880964669762
T000224,1.637122345623803,1.637122345623803,2.2452303840367875,1.0255064249879857,38.834899328859294,2.080881883595229,1.7235557356013116,1.7454879134028745
T000225,0.3498713391836397,0.366520484233537,0.38576808591983625,0.4484993871098209,1.2871448158902898,0.4758783132652573,0.379006018196006,1.0747513902340937
T000226,0.47713605980614016,0.5225848842087184,0.6311688702298498,0.3496126833932154,0.5225848842087184,0.6563390078882937,0.6114942703869264,0.6228908040096125
T000227,1.2299048359646458,1.2034023944513443,1.3842974918908644,0.5752691254500676,1.2034023944513443,0.5840909593742334,1.2299048359646458,0.2850381125906967
T000228,3.684491085904552,1.3711071377191577,1.1187570357507073,1.5426680048518802,1.3711071377191577,1.4959190557925883,3.684491085904552,5.012038391580564
T000229,1.0965813668205322,1.0965813668205322,1.589182421012654,0.8328053045908745,1.0965813668205322,3.382397349527474,1.3082175622061587,3.3839475160679737
T000230,0.23932556003370373,0.20676942100709844,0.21577960374053035,0.49192259016641476,0.20676942100709844,0.6913151306184359,0.20935489906257368,0.6727946441253632
T000231,1.037118428049025,1.0376183873417308,1.0250467813298962,1.026367499273147,1.0376183873417308,1.0248575710854455,1.026367499273147,1.4513008012246407
T000232,0.572450008776995,0.5504057201490653,0.5342998273542755,0.5378466475849644,0.5504057201490653,0.612679895368142,0.6279253124168154,0.6712728916713934
T000233,0.5893041656189435,0.5115877326838084,0.31010687369766404,0.5572558959415821,0.5115877326838084,0.6416125348333847,0.5115877326838084,0.44660981118785475
T000234,0.7149008728193409,0.7405225724841297,0.7843889207241259,0.7160810124180379,0.7405225724841297,0.7281113626187097,0.7451668406679676,0.7016895039846689
T000235,1.0255493722601314,0.9677824928122591,1.0674225542410698,0.5235013005842704,0.9677824928122591,0.8727554281767725,0.8937158192790976,1.0674225542410698
T000236,0.4790970687726779,0.9452622576255977,0.5409190276257293,0.5073351442308195,0.9452622576255977,0.5969160937920068,0.4790970687726779,0.5073351442308195
T000237,0.5430442003934413,0.8668291882778273,0.9103961450961804,0.5430442003934413,0.5717192899917691,0.6335533883322693,0.720594994197058,0.6542769702645325
T000238,0.5668250370871762,0.5668250370871762,0.735685864616246,0.5909641475767794,0.5668250370871762,0.5668250370871762,0.5648502443509374,0.6072031696265999
T000239,3.015042530363278,3.194264540690236,3.426058134492097,3.015042530363278,3.194264540690236,2.9596761270617646,3.29968754914209,2.897954667485733
T000240,0.7399513539101661,0.7399513539101661,0.6545614826507047,0.603992989927054,0.7399513539101661,0.5047581874706311,0.6635275992455487,0.6327745105597413
T000241,0.5589329454067208,0.6943092414004749,0.7739858069490673,0.58298388890038,0.6943092414004749,0.7058110836787059,0.6943092414004749,0.6321561575941191
T000242,0.8716321741031089,0.8547376802917206,0.8495801638214746,0.8716321741031089,0.8547376802917206,0.9480382739695555,0.8766338003935614,0.9563453737550339
T000243,0.3758659103400826,0.3542716647588145,0.3632884010577507,0.36746500205550753,1032944953.0030739,0.3803295632375098,0.3868528648002473,0.3632884010577507
T000244,0.5212591763613879,0.3939432660589264,0.5879349076444587,0.5138544267998099,0.3939432660589264,0.43953212759981675,0.3939432660589264,0.6223147107620655
T000245,1.0583661934724338,0.695056569435664,0.6892003773053237,0.7510722700759148,0.695056569435664,0.7293614215208273,0.695056569435664,0.7521512795760515
T000246,0.5487302872823073,0.5330114086122076,0.5487302872823073,0.6082296668076537,0.5330114086122076,0.2840119641532232,0.5330114086122076,0.6082296668076537
T000247,1.3577861499755297,1.504643540634657,1.2943426083988026,1.483531514743234,1.504643540634657,1.504643540634657,1.504643540634657,1.26218217461895
T000248,1.088231145013872,1.0545306496054463,1.0810609591375355,0.7403209582720033,1.0545306496054463,1.0545306496054463,1.088231145013872,0.969896383976658
T000249,1.3009844459534052,1.282439651813653,1.2734142889063464,1.3009844459534052,1.282439651813653,1.1674815146233106,1.3009844459534052,1.17536385180528
T000250,0.6814081917096277,0.6855552245535478,0.6059060367055672,0.6814081917096277,0.6855552245535478,0.6855552245535478,0.7083683260725949,0.6663586914247638
T000251,0.8726147238551003,0.8918276025873652,1.0633569367294584,0.8847981528361539,0.8918276025873652,0.8988917762038263,0.8551810708559445,1.2211115418767584
T000252,0.2781307351704936,0.22565554449139497,0.26932705304084864,0.22960496052294707,0.22565554449139497,0.26685627116783495,0.23320709551287216,0.5024568805506764
T000253,0.46824925619107916,0.42644731298756106,0.4568100959603557,0.42644731298756106,0.42644731298756106,0.4284690256694005,0.42590705053646494,0.6527003338672385
T000254,0.43081655616830133,0.43081655616830133,0.3806259809147656,0.43081655616830133,0.43081655616830133,0.39072100537889654,0.43081655616830133,0.3113051871776526
T000255,0.37045377491970605,0.37045377491970605,0.3081456604305381,0.37647772805607704,0.37045377491970605,0.37647772805607704,0.37011790575281756,0.3723441695660977
T000256,0.9650969911649441,0.9612808085851037,0.9755362958181785,0.9612808085851037,0.9560180607494777,0.9580957145403602,0.9630398699337352,1.0775637011181554
T000257,0.7006207629833758,0.7043267090153592,0.5428102768965086,0.719485638544139,0.7043267090153592,0.7043267090153592,0.7006207629833758,0.5628714475233257
T000258,0.5524502826756439,0.5377294002298111,0.5524502826756439,0.5377294002298111,2.13314675366192,0.5377294002298111,0.5157624477553642,1.1962255947859928
T000259,0.9984435015402869,1.181138253458054,1.010280714309269,0.5360919874954659,1.181138253458054,1.181138253458054,1.181138253458054,0.9237063944410379
T000260,0.5076447342717815,0.6373140022775563,0.6255702594239236,0.5117380009529292,0.6373140022775563,0.590206193513238,0.6373140022775563,1.8964898089708837
T000261,0.5349592103666271,0.48457569752184604,0.5177398466844015,0.5349592103666271,0.48457569752184604,0.48457569752184604,0.393383981672913,0.4282425081034464
T000262,0.46872714825041506,0.2566729402638816,0.4204883873185887,0.28761524563904506,0.2566729402638816,0.4317552323993508,0.5036212285170242,0.46872714825041506
T000263,0.5964883690027014,0.634612667436746,0.584791037517171,0.634612667436746,0.634612667436746,0.8310018037256949,0.5964883690027014,0.5964883690027014
T000264,0.35723810396687045,0.35739613466251857,0.35579448559303284,0.36075943471742883,0.35739613466251857,0.35739613466251857,0.3585487728822728,0.548679444003962
T000265,0.7839232241706146,0.6967328021426414,0.8774474891264701,0.9395506811056338,0.6967328021426414,0.5168174829136546,0.8774474891264701,0.5107802736462306
T000266,0.3329092763306568,0.3298940674922737,0.27670701983785634,0.3308367374851178,0.3298940674922737,0.3298940674922737,0.3298940674922737,0.3329092763306568
T000267,0.7243006653208547,0.7948573748932972,0.8138510008512876,0.7572914234598693,0.7948573748932972,0.7738654142381027,0.6899634430788495,0.7288328167595587
T000268,0.7844298181824495,0.7844298181824495,0.8628990598883703,0.7844298181824495,0.7844298181824495,0.7844298181824495,0.7862364323480837,0.7844298181824495
T000269,0.6910796359036727,0.7021581410209965,0.7827945250773527,0.6987965225873819,0.7021581410209965,0.4397939380754787,0.4524500312658775,0.39731325330288486
T000270,0.7039196156466321,0.604525313765831,0.6260685600750763,0.623330534369241,0.604525313765831,0.664384083212261,0.6260685600750763,0.6137312280797488
T000271,1.1748953523066328,1.1307934691575432,1.1917173566506645,1.174049006894362,1.1307934691575432,1.174049006894362,1.1944512079694327,1.1748953523066328
T000272,0.8286673859117684,0.8850587656692237,0.7558874812090715,0.7927893526814661,0.8850587656692237,0.830423200644829,0.8850587656692237,0.8286673859117684
T000273,0.38936156729829874,0.38936156729829874,0.4018243211135937,0.38936156729829874,0.38936156729829874,0.7979557247567134,0.38936156729829874,0.4018243211135937
T000274,0.9187011447616967,0.9038788344935977,0.9187011447616967,0.8916239561764129,0.9038788344935977,1.3496907090666654,0.9187011447616967,1.4365893451332807
T000275,0.7157931430335249,0.5586149358911043,0.9160378143097261,0.5586149358911043,0.5586149358911043,0.5586149358911043,0.5586149358911043,0.5476778787508
T000276,0.6631603146725983,0.6631603146725983,0.5290106704195567,0.7392614923477369,0.6631603146725983,0.5569088762209634,0.6631603146725983,1.2467395174462135
T000277,0.591535339492298,0.5948816043804284,0.7380173447517292,0.5948816043804284,0.5948816043804284,0.829768488330231,0.5948816043804284,1.1347611584907522
T000278,0.8287567563327859,0.8147289412405829,0.7920094655217567,0.8152495096005933,4.877264531734966,1.1400565840347707,0.8252394017990102,0.7716977812625606
T000279,1.0846128128484778,1.1450249079417294,0.9851211154900841,1.1450249079417294,1.1203909989013878,0.991611756286584,1.0846128128484778,0.8721586528630321
T000280,0.8219467851059102,0.8219467851059102,0.847266740381356,0.8697041684952259,0.8219467851059102,0.8219467851059102,0.8219467851059102,1.1500791594310598
T000281,0.5484501454766356,0.5553192511016138,0.8888900882777337,0.5583690497649277,0.5553192511016138,1.0099909273533028,0.7897708698443006,0.5545812448999821
T000282,0.44420185455847433,0.4905156264572288,0.549629419970071,0.4612829600342975,0.4905156264572288,0.4698436529216502,0.45331697850599867,0.45331697850599867
T000283,0.8542594219790695,0.8419038668880625,0.7454198759974966,0.8542594219790695,0.8419038668880625,0.8914577008665898,0.8542594219790695,0.9262753975199117
T000284,0.5231587823456995,0.5231587823456995,0.5258664533127384,0.5297997556833852,0.5231587823456995,0.4840223527005799,0.5231587823456995,0.5011444737078143
T000285,0.6598905649754065,1.2071400301676318,0.6772233197108763,0.6871806122368014,1.2071400301676318,0.7512026500328615,1.2071400301676318,0.8110231572631471
T000286,0.7301368998870774,0.9608285252587541,0.7528910392932331,0.8354267952099173,0.9608285252587541,0.7486216786329389,0.9608285252587541,0.8630882320205538
T000287,0.932633723724776,1.0836141752183404,0.932633723724776,0.9736033712814829,1.0836141752183404,0.9210911911487238,1.0836141752183404,1.4023931295003973
T000288,0.41023019482045536,0.3586098474611313,0.3231282753608389,0.38682543967819943,0.3586098474611313,0.30015325318794167,0.41023019482045536,0.4191459183277769
T000289,0.9534039130312619,0.662152550525954,0.9058589797319374,0.5916320250657947,0.662152550525954,0.5961217871122022,0.647961260899678,0.7589973151967064
T000290,0.5851928442521392,0.7293963822074281,0.6890941835229647,0.7293963822074281,0.8897146531435818,0.8916254464490325,0.7293963822074281,0.9823132432227448
T000291,0.6009409512765022,0.552525980939369,0.6013923777935641,0.6472770288862516,0.552525980939369,0.5819351081128216,0.6231407206324568,1.7003471989915067
T000292,0.49384822776949877,0.7011037183821468,0.46101764797869493,0.675336862999074,0.7011037183821468,0.6217824843282287,0.7012319009382276,0.5758987836705807
T000293,0.6494768836399315,0.520749657213524,0.516563141574923,0.9642264904615249,0.520749657213524,0.520749657213524,0.6494768836399315,0.43204882347617424
T000294,0.5540615489649721,0.5786328004773641,1.482454071440412,0.6325065124785582,0.5786328004773641,0.5786328004773641,0.5709467411514763,0.6139105748757984
T000295,0.9070845803768588,0.9070845803768588,0.9070845803768588,0.9888460533790823,0.9070845803768588,0.9070845803768588,0.9070845803768588,1.1439975474659891
T000296,1.4685078073972895,1.3890679485621547,1.46928563832764,1.3896798715216767,1.3890679485621547,1.3736278220649196,1.3896798715216767,1.3830272995568202
T000297,1.8479519336518866,1.4393653650743101,1.2342500922318556,1.3819325149859945,1.4393653650743101,1.4393653650743101,1.5065899450823645,1.2318030918108513
T000298,1.0426931237168584,1.0426931237168584,0.9485185163967873,1.0599777125401673,1.0426931237168584,1.0117598974686712,1.0725418550124206,1.0436566801661857
T000299,0.3141612914020806,0.31006493452680706,0.318100532041588,0.31837199715426223,0.31006493452680706,0.31006493452680706,0.31006493452680706,0.3569998292584821
T000300,0.7267135780651072,0.8211130916861049,0.7394652759626761,0.7083506411856554,0.8211130916861049,0.8211130916861049,0.8211130916861049,0.9238584652681439
T000301,0.4717330101344465,0.5969864323466442,0.7311840473803524,0.6149597721075879,0.5969864323466442,0.517456890062031,0.6149597721075879,0.6086508294758473
T000302,0.4960196526816361,0.5570130803404886,0.47853790241541266,0.48942934641651764,0.5570130803404886,0.5715566621922146,0.47853790241541266,0.44086268148921387
T000303,0.5485028023902406,0.5292577974450448,0.526561605361799,0.5485028023902406,0.5292577974450448,0.5262521498391837,0.5259158328168639,0.526561605361799
T000304,1.3165891390532647,1.363838978370631,1.3165891390532647,2.4412315906060296,1.363838978370631,1.8404190621774907,1.363838978370631,1.4240255741204948
T000305,0.660605357322983,0.6598069546501,0.7478192975812052,0.7039058028000845,0.6598069546501,0.7701635893815953,0.6607770163622053,0.6627744682893858
T000306,0.6218817090836832,0.5780257882480254,0.6281132069615993,0.5023159302765062,0.5780257882480254,0.5780257882480254,0.6055429284259637,0.428099033736233
T000307,0.9725354659187411,0.942479244335953,1.0452369117194409,0.9259038527610559,0.942479244335953,0.9470850370741434,0.9725354659187411,1.0196814984851232
T000308,0.9827912364469239,1.3306389700054977,1.0945636046748914,1.3306389700054977,1.3306389700054977,1.3306389700054977,1.3306389700054977,1.073794461816158
T000309,0.6042285653734798,0.5561833599254918,0.6042285653734798,0.603507161850122,0.5561833599254918,0.5561833599254918,0.6042285653734798,0.519001150485085
T000310,0.9781325948118721,0.9781325948118721,0.9721910892741108,0.7267389399704589,0.9781325948118721,0.9781325948118721,0.9781325948118721,0.74253616720934
T000311,0.4675044506032681,0.45721032039670556,0.3275394121182719,0.547946296494335,0.45721032039670556,0.45721032039670556,0.4681467577838844,0.4675044506032681
T000312,0.742074420413841,0.7516779070741677,0.7516779070741677,0.742074420413841,0.7516779070741677,0.7516779070741677,0.742074420413841,0.44423062258927487
T000313,1.1022644627928309,1.1509620154568516,1.1863579731036258,1.1393394275721094,1.1509620154568516,1.9837034903370707,1.1863579731036258,1.184600126771771
T000314,0.6324750310378089,0.6474321933053997,0.6474321933053997,0.6474321933053997,0.2978599163938703,0.6474321933053997,0.6474321933053997,0.6324750310378089
T000315,0.2822182517646744,0.2822182517646744,0.3254076160602523,0.6115821283435248,0.2822182517646744,0.2822182517646744,0.2822182517646744,0.7611096645761097
T000316,0.9698090687715291,0.6221520650431964,0.8591128261436322,0.5241849632033059,0.6221520650431964,0.5027631477717505,0.6221520650431964,0.978728738920497
T000317,2.495573968003258,2.999289547781729,2.7172153485061514,2.9481806285015435,2.999289547781729,2.999289547781729,2.999289547781729,2.9200392043801275
T000318,0.7629954495645513,0.7629954495645513,0.7664123299615646,1.4304046436617324,0.7629954495645513,1.4304046436617324,0.7629954495645513,0.7982143769111798
T000319,0.5153679795481655,0.5153679795481655,0.5092900737287683,0.5153679795481655,0.5153679795481655,0.5251238498834411,0.5153679795481655,0.5215784004132026
T000320,0.5415817607123331,0.4791330821320332,0.5230166727312507,0.46618367458776644,0.4791330821320332,0.4791330821320332,0.5230166727312507,0.501487632811774
T000321,0.7522838732491195,0.7608248425095832,0.7522838732491195,0.6880003530853505,0.7608248425095832,0.7608248425095832,0.6739583955172712,0.774650341640126
T000322,0.5113737373741777,0.3297702295193264,0.5794367892356886,0.3297702295193264,0.3297702295193264,0.3297702295193264,0.3297702295193264,0.3296540896635093
T000323,0.47008629461368245,0.5330738249230577,0.7324744810709064,0.5316478180057733,0.5330738249230577,0.5330738249230577,0.5330738249230577,0.48319195354456396
T000324,0.9889851866187651,1.0966586708947745,1.2612995030734653,1.0966586708947745,1.0966586708947745,1.0849656803131014,0.9889851866187651,1.1701701905955415
T000325,1.2461240482149738,1.3123011908234667,1.5761421323858562,1.0205726430277289,1.3123011908234667,0.8891276029581756,1.14889481537171,1.18107748159743
T000326,1.1237593224560856,0.9345391068532591,1.097087332511867,1.0519062382071085,0.9345391068532591,1.0417054852346446,0.9345391068532591,1.0417054852346446
T000327,1.388354447212558,1.195176099459345,1.388354447212558,0.6934818704933067,1.195176099459345,0.9681556018297104,1.195176099459345,0.965564813468851
T000328,0.8952533400545744,0.8878401230021012,0.9538674290512131,0.8530837301510369,0.8878401230021012,0.8878401230021012,0.8878401230021012,0.9628779355597954
T000329,1.554714873304832,1.5191280246088061,1.4892581222601717,1.5077711206271287,1.5191280246088061,1.8503886076956078,1.5191280246088061,1.4930858530086704
T000330,0.4510748805617123,0.45867774867849653,0.4510748805617123,0.45867774867849653,0.45867774867849653,0.45867774867849653,0.4717391190557484,0.606786732834622
T000331,0.9948009045362928,1.019378417227272,0.8069326187290772,1.019378417227272,1.019378417227272,1.019378417227272,1.019378417227272,0.6942541086192694
T000332,0.4572659872171338,0.5644282491750112,0.4936462026066964,0.4331857136944173,0.5644282491750112,0.5519461172858604,0.5644282491750112,0.6003845012400768
T000333,0.5181528334220666,0.5301052607654223,0.6106414751312448,0.5464507269063723,26.168895908800412,0.41268907982863584,0.5695662970621029,0.5839247111939824
T000334,1.6919671788567678,1.5420862712729724,1.430326868832363,1.43444539578664,1.5420862712729724,1.4227249853099593,1.5420862712729724,1.4337246565161663
T000335,0.6943962309024238,0.7280286336005571,0.6597875589394522,0.7307847695839019,0.7280286336005571,0.7280286336005571,0.7280286336005571,0.7280286336005571
T000336,1.414689894076622,1.4334888662035656,0.7815680524555815,1.2532137462803932,1.4334888662035656,1.3436595236433275,1.3329349116995675,1.0448495404969318
T000337,0.43480559047524286,0.43480559047524286,0.45774535912655756,0.43480559047524286,0.43480559047524286,0.42881033997989493,0.43480559047524286,0.43480559047524286
T000338,0.9579902603848006,0.7334845247086327,0.9579902603848006,0.7983046835272739,0.7334845247086327,0.7334845247086327,0.7750027426567122,0.7455519666143398
T000339,1.692821262852865,1.6940355202567516,1.4913249355732385,1.6637076398193307,1.6637076398193307,1.692821262852865,1.6637076398193307,1.8250444886153785
T000340,0.5057760758168964,0.2772984854595949,0.5638814730810737,0.5027421281010367,0.2772984854595949,0.2509272321716487,0.2386574054030938,0.2668401533057342
T000341,0.30926532671057433,0.30926532671057433,0.427701066757029,0.2993249414095461,0.30926532671057433,0.30926532671057433,0.30926532671057433,0.30926532671057433
T000342,0.6925506960953599,0.7099522055694923,0.86718571906008,0.6779200565204989,0.7099522055694923,0.6845708466937304,0.6779200565204989,0.7099522055694923
T000343,0.3653372895441559,0.47179588857990207,0.764507616500914,0.4513646320145438,0.47179588857990207,0.3510599143372966,0.764507616500914,0.3653372895441559
T000344,1.315677643979582,1.438111914566169,1.2594003355472534,1.2966161652210557,1.438111914566169,1.438111914566169,1.2594003355472534,1.9446795753535782
T000345,0.43865490766502335,0.43865490766502335,0.9680993225818703,0.40293793657016214,0.43865490766502335,0.43865490766502335,0.2959756446082907,0.3032929972169676
T000346,1.343301737493445,1.2866572994761494,1.252019633532404,1.252019633532404,2.700902741956446,1.2516771682493262,1.2866572994761494,1.252019633532404
T000347,3.733138948193192,3.573734869967537,3.573734869967537,3.2191823037127985,3.573734869967537,3.040086392520868,3.573734869967537,3.199290105939678
T000348,1.1950641071519497,1.2676973792209358,0.7123575031266284,0.6187645805081303,1.2676973792209358,0.8176151255441776,1.353088771181489,0.5828518081836522
T000349,0.787586068559371,0.782007828045284,0.7908041081865764,0.7919354041602404,1.957955345710947,0.782007828045284,0.787586068559371,0.9487247889669773
T000350,1.00189605762224,0.9898198699950462,0.9337335997382483,0.9337335997382483,0.9898198699950462,1.2607872992697213,0.9337335997382483,1.00189605762224
T000351,0.3722339200710314,0.3883538323127815,0.4108612817487623,0.5752399309366019,0.3883538323127815,1.5294841360155633,0.4006529065712945,0.3883538323127815
T000352,0.5076587227266239,0.6281060087317569,0.6265983663013257,0.6281060087317569,0.6281060087317569,0.3857125818180629,0.6281060087317569,0.42257598237431565
T000353,0.6872152089417796,0.5405067327268266,1.2095682045312817,0.36254434914006595,4.852976702620635,1.217924324059527,1.217924324059527,0.7063091457641968
T000354,0.5222224182896198,0.5222224182896198,0.5158712007548187,0.4961975307963074,0.5222224182896198,0.5222224182896198,0.5222224182896198,0.542418441236418
T000355,0.7413260324875425,0.6974131139103593,0.8445864403806399,0.6974131139103593,0.6974131139103593,0.6974131139103593,0.6974131139103593,0.7413260324875425
T000356,0.9234374039943205,0.9356930875471339,1.0893480800748978,0.9356930875471339,0.9356930875471339,1.2923325363539413,0.9356930875471339,1.1071927384538152
T000357,0.5029521486205283,0.4779859481730581,0.47967431709422637,0.47967431709422637,0.4779859481730581,0.5190881978301092,0.45747661230590914,0.5619736587957141
T000358,1.182301278545202,1.5301307190976765,1.6212222683782775,1.268361063255896,1.5301307190976765,1.0897239371476657,1.4306928433931996,1.3179003520075208
T000359,0.6793193788278858,0.6793193788278858,1.6230711712328265,0.6793193788278858,0.6793193788278858,1.0960903211417687,0.6885876589327047,0.775184241672263
T000360,0.6514064887728618,0.6514064887728618,0.6432258957145702,0.6432258957145702,0.6514064887728618,1.156013846971692,0.6168272723593475,0.6301534673948909
T000361,0.7577685417783969,0.7577685417783969,0.662049901856864,0.7514597932560679,0.7577685417783969,0.8570151601342549,0.7514597932560679,0.7301679161846908
T000362,0.745526860432832,0.7455370074889247,0.99657880327897,0.7406652355262604,0.7455370074889247,0.7455370074889247,0.7417627136897488,0.7384180320538276
T000363,0.45733691132454946,0.4685315046563489,0.45947726317918186,0.4285753515159195,0.4685315046563489,0.7377795018678779,0.4285753515159195,0.6498605654917151
T000364,0.4310013059893019,0.43101244245296644,0.5393228556870326,0.43101244245296644,0.43101244245296644,0.41793351102837983,0.5393228556870326,0.9027022134588586
T000365,1.3865626119674974,1.3834397698161922,1.4051846559434502,1.3798689319043993,1.3834397698161922,1.6079795021895524,1.3798689319043993,1.615313356403636
T000366,0.7552605465542145,0.8296117158095825,0.7790171602021765,0.8296117158095825,0.8296117158095825,1.0411683626241048,0.8296117158095825,0.7552605465542145
T000367,1.0166994639351963,0.953847412358117,1.132849484181626,0.9870417477196453,0.953847412358117,0.953847412358117,0.953847412358117,1.564471482829617
T000368,0.7339833348249146,0.7339833348249146,0.7165834157117048,0.7339833348249146,0.7339833348249146,0.8484163473807487,0.7168304966684454,0.7989403396935516
T000369,0.6635305284482387,0.6622960763427197,0.6899054093459429,0.6622960763427197,0.6622960763427197,0.4652061995812609,0.692059087114392,0.7436663376753075
T000370,1.3603997412451057,0.787169731652482,0.587834706508573,0.6550224190005279,0.787169731652482,1.1229182534641222,1.1141321368188166,0.9195754352317562
T000371,0.43489230522595385,0.4114089376489979,0.42775655203795904,0.42178440387322946,0.4114089376489979,0.32924357204378374,0.42178440387322946,0.4577483559084056
T000372,0.4295304196836303,0.4295304196836303,0.6196780378683797,0.4295304196836303,0.4295304196836303,0.5639326577489779,0.42096636071412724,0.4469226211607244
T000373,0.4015809616748843,0.3906170302728252,0.3136029569221885,0.3159119563485028,0.3906170302728252,0.34739248464818806,0.3125947266656061,0.3108066471539836
T000374,0.974985500244053,0.9694182304244212,0.9782826985904625,0.9688903679029942,0.9694182304244212,0.9679202050295864,0.9642791313272735,0.9741436576906853
T000375,1.1093439718366904,1.0706969964801318,1.1496450107923757,1.0924829465776325,1.0706969964801318,0.9662112853061958,1.0390859461605977,1.0587018152853302
T000376,0.25688575174002515,0.2425709170729366,0.2546464015964705,0.24958202813511765,0.2425709170729366,0.33351302257100923,0.24958202813511765,0.25688575174002515
T000377,0.6674668055220201,0.6674668055220201,0.6674668055220201,0.7771423708652828,0.6674668055220201,0.6674668055220201,0.6674668055220201,0.9409074271424078
T000378,1.525844382855446,1.1289972172531317,0.8168504961119625,0.40396433400883225,1.1289972172531317,1.1289972172531317,1.525844382855446,0.6670755848668154
T000379,1.1248803082672725,1.0159380974667476,1.1248803082672725,1.0382427283403808,1.0159380974667476,1.0785284206463703,1.0159380974667476,1.0113783284076674
T000380,1.3462020701167794,1.2578305714453633,0.25626477377725626,0.8664914896608269,1.2578305714453633,1.2578305714453633,1.2578305714453633,1.0524073692139488
T000381,0.7503377273044024,0.7055759471534412,0.7681693804236693,0.7055759471534412,0.7055759471534412,0.7055759471534412,0.7598656441689043,0.6244068310587932
T000382,0.9880161337677911,0.6514292177902766,0.9880161337677911,0.6088335840888421,0.6514292177902766,0.6925532509981299,0.9880161337677911,2.460516842489598
T000383,0.38003588125621995,0.3842037815758387,0.399117064274538,0.3844227269647646,0.3842037815758387,0.41059545307268414,0.3812524090511894,0.4007077606682908
T000384,1.845614624167682,1.971087572434965,1.987677909628429,1.3956622653387902,1.971087572434965,1.6271345170405098,1.9504022342113956,1.2670234167791585
T000385,0.58613161704941,0.58613161704941,0.6439382573777114,0.3840645861623755,0.58613161704941,0.45742852322308886,0.58613161704941,0.5980198292118689
T000386,1.854169308693418,1.854169308693418,1.6622905921004654,1.8666026109166964,1.854169308693418,2.547273856465325,2.1147633599606253,1.9301688526418355
T000387,0.8472492295066363,0.6184534680696075,0.44556560017053215,0.5558315884074762,0.6184534680696075,0.6184534680696075,0.539124770184523,0.6948671106164103
T000388,0.6635406717445236,2.0267242433618615,2.1179600839455404,2.0267242433618615,2.0267242433618615,2.0267242433618615,1.8999410441286404,2.7430570440928586
T000389,3.8640688557497147,3.8820158215735097,3.87639122611432,3.8337852175327356,3.8820158215735097,4.45167065485372,3.901831994601416,4.5066832736051525
T000390,0.4612627788478282,0.4569320428523883,0.4615144991710827,0.45847225948201004,0.4569320428523883,0.34692619829863086,0.4612627788478282,0.4828408515502818
T000391,0.8407625730202927,0.8340220162074236,1.0275565403254034,0.8411718913909971,0.8340220162074236,0.8340220162074236,1.3201084794595817,0.9329187027987569
T000392,2.0552757610977292,1.6100809354161867,1.376481007045352,1.2289566556828304,1.6100809354161867,1.5950127096694315,1.664105436615217,1.7300313974999646
T000393,1.6708975560445103,1.3436802335565854,1.6708975560445103,1.3436802335565854,1.3436802335565854,1.3436802335565854,1.3436802335565854,1.3436802335565854
T000394,0.5687012867518749,0.329602457979167,0.5687012867518749,0.454693535203545,0.329602457979167,0.329602457979167,0.329602457979167,0.4483442395399579
T000395,0.3894942265329212,0.28165314559974675,0.4021234977150917,0.30833526571790876,0.28165314559974675,0.3313133520851258,0.30855195803113666,0.4437669582620907
T000396,0.5829330905459372,0.8951061222605387,0.7210824053407638,1.0578203253471132,0.8951061222605387,0.8951061222605387,0.8951061222605387,1.6775869205744771
T000397,1.9953101438540572,1.5300524549901195,2.2156094818284324,1.5300524549901195,1.5300524549901195,1.5008801851996518,1.7167569650885055,1.490296317334092
T000398,0.538382965351184,0.591460411990069,0.476910524592735,0.3387620494364961,0.591460411990069,0.46819928311754705,0.5678602251441485,0.339489579306203
T000399,1.324869558368181,1.297503600835443,1.2980813353794463,2.190492316231781,1.297503600835443,1.297503600835443,1.4900947081830995,2.190492316231781
T000400,1.2776741238353595,1.2734574349176455,1.2745523617254495,1.3219282913453816,1.2734574349176455,1.5563960794203002,1.4006113746750315,1.2734574349176455
T000401,0.32297902513459,0.34208033512080793,0.3259649083438557,0.30195875346234585,0.34208033512080793,0.537532421085402,0.30195875346234585,0.31976076187814667
T000402,0.34279412963117234,0.32674788414147365,0.3265126487331362,0.32674788414147365,0.32674788414147365,0.33932400013944464,0.3455079405567079,0.3450031902852331
T000403,0.40613783156199434,0.40613783156199434,0.40613783156199434,0.3828617630147425,0.40613783156199434,0.40613783156199434,0.40613783156199434,0.4281174971021302
T000404,0.38912990971777045,0.4504649410521386,0.4108956193143867,0.3847055783782232,0.47283247533084466,0.49168860227638095,0.4469998731811881,0.6292881522567565
T000405,0.3688490763424257,0.3705527633715191,0.39546643622474736,0.3644475283406083,0.3705527633715191,0.40464315103165943,0.3644475283406083,0.5588552927548089
T000406,0.3874663995829284,0.3874663995829284,0.43426290368822484,0.4330147273853513,0.3874663995829284,0.3420768976394645,0.41627472149355615,0.3874663995829284
T000407,1.1393865859747718,0.816476437062454,1.127250487160023,1.1050943113851233,0.816476437062454,1.1329607351144042,0.8826656725144063,0.7286167269089915
T000408,0.5903559431523051,0.5903559431523051,0.5549509992614303,0.5170936640643345,0.7565729842454256,0.6169397321430459,0.5924469166166354,0.6363629545858283
T000409,1.6934075573377434,1.3835108949300419,1.3835108949300419,1.7926898059673637,1.3835108949300419,1.3835108949300419,1.3835108949300419,1.788466418416477
T000410,0.20787431675380064,0.19612683083253676,0.18782666785259078,0.12325050699650998,0.3861871679607683,0.26477001122586014,0.23537949208535575,0.2934715911493266
T000411,1.6873986290571616,1.6873986290571616,1.3739922690052686,1.317261190483601,1.6873986290571616,1.8079991949356813,1.317261190483601,1.410223804414774
T000412,0.1604161078002858,0.24462263480278976,0.2248110643576043,0.21799928919874925,0.24462263480278976,0.9440209185958184,0.24462263480278976,0.4006626350158934
T000413,0.8881026096427626,0.8977916087020384,0.9449808492668366,0.8843378649855305,0.8977916087020384,1.379372160555147,0.8977916087020384,1.1693318692887391
T000414,2.083437628406763,2.083437628406763,1.9339714485882011,1.9339714485882011,2.083437628406763,1.3334481127343276,1.9339714485882011,2.2560532960634685
T000415,3.7758364280768584,3.7758364280768584,3.8058260101985586,3.855568203870872,3.7758364280768584,3.7758364280768584,3.7724066350667296,3.7568920417953335
T000416,3.6932079358345025,3.7165775441728788,3.7229005050779174,3.7165775441728788,3.7165775441728788,3.2637044919966813,3.7165775441728788,3.6932079358345025
T000417,1.1356682705989447,0.9808641350413307,1.0938610578242045,1.121277835169565,0.9808641350413307,0.6963422305218311,0.888405097086273,0.8734609349243794
T000418,0.5530007812454318,0.992006010450819,0.9860291738783432,0.9889341650400253,0.992006010450819,0.395857155150302,0.5568323769575586,0.6812340297642967
T000419,0.619025590023241,0.7978895718320562,0.631430304804053,0.6123528769056551,0.7978895718320562,0.6123528769056551,0.619025590023241,0.619025590023241
T000420,0.8468352554419857,0.5245396230660573,0.29923068893770527,1.367495430615495,0.5245396230660573,0.8504566319166303,1.1713251742331425,1.1785982876290768
T000421,0.22171843009948186,0.2874511667322964,0.5160814716647469,0.2611216320291036,0.2874511667322964,0.2874511667322964,0.2611216320291036,0.2616710605926474
T000422,1.6345551747530456,1.5429177616201935,1.681933421560514,1.5105828997069308,1.5429177616201935,1.5429177616201935,1.6740386429260863,1.7211596842744383
T000423,1.1605873305339722,1.3420459815808659,1.1605873305339722,1.3420459815808659,1.3420459815808659,1.3420459815808659,1.3420459815808659,1.278597958041201
T000424,1.3267274744567679,1.3833279168975254,1.1507002204531058,1.6216579285344006,1.3833279168975254,1.3833279168975254,1.41788940675528,1.314484565297442
T000425,0.7325125142335728,0.9467646775280514,0.7363591886231015,1.0372847094218176,0.9467646775280514,0.9467646775280514,0.9467646775280514,0.9297170862107371
T000426,1.7766926445572218,1.6114832740420542,1.7595446724734969,1.616680344790179,1.6114832740420542,1.6114832740420542,1.7798399589648328,0.8610432075910612
T000427,1.925044602804311,1.4677971992027814,1.9222993887641273,1.9337164117488579,1.4677971992027814,1.4677971992027814,1.832933510898829,1.35070214338507
T000428,1.2622266610736126,1.1045170381519689,0.7182546129190855,0.726756261844338,1.1045170381519689,1.2697580460905515,1.0913385602882522,1.127298245614036
T000429,0.3611283560606699,0.15031368247649948,0.2957104305396299,0.25868608626559403,0.15031368247649948,0.15031368247649948,0.15031368247649948,0.28813559322033905
T000430,1.0074833740074385,0.5123596070652295,0.4986546331475036,0.6587522079500024,0.5123596070652295,0.5123596070652295,1.0074833740074385,0.35690789473684187
T000431,1.7338598333146158,1.4601612768446561,1.7257199731798158,1.3320203954311844,1.4601612768446561,1.4601612768446561,1.4442223308284965,1.2902924681105814
T000432,1.1476689050150928,0.9783415886363529,1.105060427694989,0.8153047515525884,0.9783415886363529,0.9575904916261447,1.5286144243646924,0.6489599128395463
T000433,1.0980093397007655,1.013393127668535,1.2225215377319893,1.013393127668535,1.013393127668535,0.7408287288362023,1.0564927000682818,0.4981670137681656
T000434,0.8148021315953068,0.9191536240403794,1.1668548745704177,0.6790039943099857,0.9191536240403794,0.7946676765070052,0.7340411644553728,0.6500727797937805
T000435,2.1038756833701036,2.0995338023592334,1.6462989505900727,1.6668517684412916,2.0995338023592334,1.7581891053691003,1.8012414687293632,1.6336298178737818
T000436,2.1890901671784575,1.629067807597562,2.347684093615117,1.616093531258627,1.629067807597562,1.629067807597562,1.6569853661101697,1.629067807597562
T000437,0.9948560072640608,1.2974870465538713,1.206451273030603,1.1802731445569545,1.2974870465538713,1.1241415983690766,1.2030292638839382,0.6208263785831096
T000438,0.4161986295237603,0.4161986295237603,0.9635550275143889,0.5909422860605446,0.4161986295237603,0.4161986295237603,0.5587917873008537,0.6438197382961254
T000439,1.0786496461478774,1.2961416619447328,1.0949160601638246,1.2890597799295065,1.2961416619447328,1.2961416619447328,1.2961416619447328,1.0537069021407346
T000440,1.347972574755552,1.1492581098911772,1.1400628953782352,1.1811454314090204,1.1492581098911772,1.1492581098911772,0.9164053644980878,0.8888029394276744
T000441,1.438550269480839,1.439003114458134,1.3571141115070657,1.439003114458134,1.439003114458134,1.4424511028627984,1.3924692869377642,1.2466552235262784
T000442,2.8678082384859627,2.8678082384859627,2.84990779800819,0.960686266738973,2.8678082384859627,3.055299701421121,3.055299701421121,2.6228206752797156
T000443,0.6413041660595259,0.6601912127557967,0.6877903601996769,0.6471098330069731,0.6601912127557967,0.6601912127557967,0.6721885324333315,0.22471129902861017
T000444,0.35280391766644065,0.3422773808382506,0.2497778247202631,0.3422773808382506,0.3422773808382506,0.3422773808382506,0.3422773808382506,0.5323647932257448
T000445,0.23160912797256886,0.22686232853511293,0.22686232853511293,0.14678005126606608,0.22686232853511293,0.2601900002738188,0.14678005126606608,0.16797813668222783
T000446,0.43776675764727196,0.5094365519152114,0.623720519391957,0.5051429555940172,0.5094365519152114,0.5094365519152114,0.6840066962385103,0.4657612835332786
T000447,1.993922485331912,1.993922485331912,1.8702519631772925,1.8702519631772925,1.9686626421026485,0.9924755115385154,1.993922485331912,2.01987160213295
T000448,1.0940954955836424,1.1876200454985508,1.1763719931533212,1.0934281560606365,1.1876200454985508,1.1876200454985508,1.1876200454985508,1.1638751903157643
T000449,0.2248700866074904,0.26802979482016787,0.5309894141627398,0.2248700866074904,0.26802979482016787,0.2350551867903352,0.2350551867903352,0.2158354147708745
T000450,1.782510669438982,1.7392389414044696,1.7758375339776926,1.7392389414044696,1.7392389414044696,1.845960647438477,1.7392389414044696,1.7360885233979573
T000451,0.8260962415278666,0.7335090216420097,0.822411561706998,1.0950112225517845,0.7335090216420097,0.7335090216420097,0.7562194335766291,1.184795319346361
T000452,2.1229079079683975,2.138625074277428,2.549957588016857,2.0460941839136866,2.138625074277428,2.138625074277428,2.754303942072695,2.44716431790892
T000453,2.231270453959381,0.997903077933412,1.0081646511270543,1.8711853533239624,0.997903077933412,0.997903077933412,0.997903077933412,1.2982859320192799
T000454,2.0409316408137177,2.1412794061536373,1.9562470944398178,1.8078410672137686,2.1412794061536373,1.9527319427209917,1.7092460316959508,2.1983736041136206
T000455,0.5330523962206906,0.5512211584832263,0.5493671295774717,0.505448910597576,0.5512211584832263,0.372944226401455,0.6374523847124824,0.5923088180338155
T000456,2.1002939319717724,2.3191445828665564,2.303736502993202,2.253238248953423,2.3191445828665564,2.3823415590805075,2.4758362413647554,2.349829428106296
T000457,0.8937544113582024,1.000207811432734,0.5699200684583688,0.7672790283582981,1.000207811432734,0.9809404016100658,0.7729045542341109,0.7672790283582981
T000458,0.49919806598416316,0.4437660415483931,0.519867201085714,0.39660772306691794,0.4437660415483931,0.42051637034878064,0.3923154236030919,0.46298315012577684
T000459,0.551394240434435,0.32323820617355853,0.658029465846988,0.32323820617355853,0.32323820617355853,0.32323820617355853,0.32323820617355853,0.3411853337532127
T000460,0.644533922367346,0.22918908276240949,0.45346195528656885,0.27810089488206957,0.22918908276240949,0.38907014681892355,0.22918908276240949,0.4350842637206499
T000461,0.4720841984087945,0.42453439238684176,0.27608427419971954,0.11881402230827547,0.42453439238684176,0.42453439238684176,0.42453439238684176,0.24057465458433286
T000462,0.5677581456359918,0.5174170256427949,0.5766277191300148,0.2775035761869185,0.5174170256427949,0.43807703559697186,0.4803847861041634,0.6979597817244613
T000463,0.31967661017405746,0.11087524662197015,0.31818445219266694,0.16072954671324244,0.11087524662197015,0.11870587536337703,0.16072954671324244,0.16072954671324244
T000464,0.39790017833903935,0.1963818690569444,0.698471746300639,0.13996659124978797,0.1963818690569444,0.1963818690569444,0.39790017833903935,0.3120420152593196
T000465,0.3530502435849058,0.31815266633334993,0.3380359993792434,0.3207446664673079,0.31815266633334993,0.43459129159286924,0.31815266633334993,0.33771929824561436
T000466,0.5891350914658546,0.6054184584670304,0.5810803917875798,0.5891350914658546,0.6054184584670304,0.5570793342388988,0.6024979313856738,0.5591526311036126
T000467,0.5055620778326377,0.39815648044847524,0.39815648044847524,0.5128174832727828,0.39815648044847524,0.5584179051503562,0.6623970465412368,0.5128174832727828
T000468,1.038371174660566,1.0948747593636479,1.0726423298963148,1.051992304933436,1.0948747593636479,0.9244481416255614,1.0726423298963148,1.0539386845036993
T000469,0.7182960541985032,0.8310139313019778,0.758270696845394,0.8310139313019778,0.8310139313019778,0.5298803912279195,0.6583748626158615,0.449479519434528
T000470,0.2819317341343018,0.22807005246872838,0.3326165459690888,0.21420658995497807,0.22807005246872838,0.22807005246872838,0.29703630785384766,0.2819317341343018
T000471,0.45650739929430695,0.7810485011673113,0.706610758038488,0.8365639879374774,0.7810485011673113,0.7810485011673113,0.7810485011673113,0.8089889483398492
T000472,0.1977920522612834,0.5119913925462863,0.5270579022087024,0.1817964134511928,0.5119913925462863,0.36464402023945824,0.5251184063211469,0.5744064188696911
T000473,0.1326559716343696,0.3473711509755576,0.606246846531293,0.4361450898918253,0.3473711509755576,0.2725601903844979,0.3473711509755576,0.4976770987782282
T000474,0.9536811628080715,1.2914393815113894,1.006678409415075,1.1261755236874416,0.8327019328043231,1.8208179851784834,1.2914393815113894,1.0378655749263237
T000475,0.5029291359356717,0.5029291359356717,0.5077700009072226,0.44698439023266284,0.5029291359356717,0.8768886269317068,0.5029291359356717,0.5964175609543853
T000476,0.6698100336911044,0.6674907728550462,0.6812398927422111,0.7257317891035069,0.6674907728550462,0.6674907728550462,0.6698100336911044,0.7257317891035069
T000477,0.4731418608870852,0.4731418608870852,0.4729184756848289,0.4527065667602725,0.4731418608870852,0.3898924034708405,0.5830390263884678,0.4731418608870852
T000478,0.19506816415278028,0.47162668192772866,0.18376280402593695,0.4349805442337007,0.47162668192772866,0.47162668192772866,0.47162668192772866,0.47162668192772866
T000479,1.1991766254392977,1.2535428902087598,1.233773140919151,0.47570698857152793,1.2535428902087598,1.2332482584005595,1.2348600386149808,0.953811142698526
T000480,0.23829842795393252,0.23625860638992616,0.24390819458873192,0.2365168686374572,0.23625860638992616,0.2795794488373504,0.23625860638992616,0.2706026416204355
T000481,0.4782080451009683,0.4782080451009683,0.4142494651945755,0.5276401275867613,0.4782080451009683,0.31971238188748285,0.4782080451009683,0.6173793231239704
T000482,0.24322585061581076,0.24380230335854733,0.2290788966470219,0.25618910553947205,0.24380230335854733,0.3606790280430063,0.2290788966470219,0.24380230335854733
T000483,0.35353628265471093,0.42878267675760817,0.3414340438607136,1.0470836607738214,0.42878267675760817,1.2203610330542167,2.0745813197332255,1.1505748967284972
T000484,2.0322599413797304,2.0020543876881143,1.2754384187885208,1.894409883111384,2.0020543876881143,2.0535235112702495,1.8374027083795803,2.0020543876881143
T000485,0.28279673446024195,0.28279673446024195,0.28279673446024195,0.28279673446024195,0.28279673446024195,0.2635634516657571,0.28279673446024195,0.28279673446024195
T000486,0.4500882712498866,0.47495141374302224,0.5789193278616902,0.47495141374302224,0.47495141374302224,0.4674641411980764,0.4510400020271443,0.5789193278616902
T000487,0.7441161476879874,0.5498661769850596,0.7683909528270813,0.33921268371589275,0.5498661769850596,0.4512073770097818,0.5275500739454487,0.4901509654633262
T000488,0.7225382218188179,0.76688426569347,0.7027094641881387,0.6688244638430629,0.76688426569347,0.730192794516403,0.6951815103231005,0.7193110992615123
T000489,1.4040681607050003,1.4040681607050003,1.0091284851848352,1.208752598627101,1.4040681607050003,1.4040681607050003,1.208752598627101,1.4040681607050003
T000490,0.9770280387763082,0.9927362478423084,0.9728433225026161,0.9927362478423084,0.9927362478423084,1.4561717205933498,0.9927362478423084,1.4514884367063092
T000491,0.8648327961318019,0.9290403209360768,0.9848260660787248,0.9762300965498071,0.9290403209360768,1.2021379825783456,0.9290403209360768,0.9893672725321473
T000492,0.7316065156490678,0.7012520231766096,0.7209475563244419,0.7287052392166413,0.7012520231766096,0.679877378222192,0.7209475563244419,0.6354059009129199
T000493,0.4490482016647463,0.4804089071784132,0.5592582672557743,0.6153036059339054,0.4804089071784132,0.4751190015708414,0.4490482016647463,0.6886822641820153
T000494,0.5540905733480422,0.5236321087523003,0.4419996694173523,0.6071674511214932,0.5236321087523003,0.5588997215033835,0.5451182845060567,0.7184054342554688
T000495,0.7735401857834504,0.8506751389992061,0.7529518638217714,0.8239499482857097,0.8506751389992061,0.8506751389992061,0.8506751389992061,0.8506751389992061
T000496,0.5672711451300827,0.31040627238692675,0.6405535984136932,0.31233296483436457,0.31040627238692675,0.31040627238692675,0.31040627238692675,0.30516814716905033
T000497,0.7374466688546111,0.7374466688546111,1.3817888537711451,0.7374466688546111,0.7374466688546111,0.7374466688546111,0.7374466688546111,0.7374466688546111
T000498,0.31794491509256634,0.31794491509256634,0.3322150579713129,0.31794491509256634,0.31794491509256634,0.27413592016995036,0.31794491509256634,0.14548755186722015
T000499,0.5468914484463062,0.4651783717739701,0.3654403547275765,0.4651783717739701,0.4651783717739701,0.4822580645161289,0.4651783717739701,0.4651783717739701
T000500,0.6500309717802211,0.8143896887967162,0.5724071859759848,1.3751950480564825,0.8143896887967162,1.3751950480564825,1.3751950480564825,0.7061403508771928
T000501,0.25011913466539365,0.15646425888416501,0.25011913466539365,0.10191525552486902,0.15646425888416501,0.15646425888416501,0.16309184235874125,0.16309184235874125
T000502,0.3787544375204709,0.3787544375204709,0.7627546706116242,0.404736110658317,0.3787544375204709,0.4295727636849135,0.3787544375204709,0.3787544375204709
T000503,0.726625360131545,0.7353909668754881,0.5319523510700906,0.7147943091880505,0.7353909668754881,0.7353909668754881,0.7147943091880505,0.39593403151903067
T000504,0.4272639688971784,0.4272639688971784,0.39900078300850905,0.28457728390958936,0.4272639688971784,0.4272639688971784,0.46537100496404593,0.3125603926161
T000505,0.41678651450083964,0.1855005972562181,0.36250665855795344,0.17203732027344257,0.1855005972562181,0.21443263627014078,0.1855005972562181,0.1855005972562181
T000506,0.9886241909906568,1.2791500609215642,0.9682057382679421,1.0344608284994552,1.2791500609215642,1.312813426286637,1.2791500609215642,0.9886241909906568
T000507,1.3700345024459202,1.388695090536871,0.6584933673165048,1.33382503211678,1.388695090536871,1.388695090536871,1.388695090536871,0.4644759011551235
T000508,0.7551041664790535,0.7181890379853624,0.7285807184170014,0.7697326581307975,0.7181890379853624,0.7181890379853624,1.0011044256059631,0.30548177898044454
T000509,0.2338079973648172,0.2338079973648172,0.4382174029116404,0.2338079973648172,0.2338079973648172,0.2451035254616674,0.2338079973648172,0.2338079973648172
T000510,0.6177250022074204,0.5859590778029289,0.7861418698896531,0.7672955884076336,0.5859590778029289,0.5859590778029289,0.6294106254596746,0.7797778764617067
T000511,0.6408406426426889,0.5924188459723106,0.6408406426426889,0.2922935050815912,0.5924188459723106,0.5924188459723106,0.2922935050815912,0.26125677055766905
T000512,0.26215023933186826,0.23396499053564143,0.23486451392719918,0.29175949286014924,0.23396499053564143,0.3593292665068495,0.26215023933186826,0.21524190474871524
T000513,0.6641924306580314,0.6702403178721298,0.615888171146639,0.620164876397137,0.6702403178721298,0.6938776250382408,0.6702403178721298,0.5662043297925512
T000514,5.740459556322562,2.127551174706865,2.2059855486104882,3.874155494333915,2.127551174706865,2.597300006339894,2.828712050713382,6.336274700436475
T000515,1.5720319350482543,1.5720319350482543,1.5501851000027738,1.3694154408093462,1.5720319350482543,1.2056002996926896,1.3694154408093462,1.5720319350482543
T000516,0.4966607301380976,0.5282269150484848,0.5282269150484848,0.4796939809705474,0.5282269150484848,0.5282269150484848,0.525077166746167,0.4966607301380976
T000517,0.7375215707953936,0.8095554224525757,0.8178342822731944,0.6283787758429273,0.8095554224525757,0.8095554224525757,0.7375215707953936,0.9931146898492895
T000518,0.445093832943751,0.4851380833127686,0.4522806892848563,0.45160796313752455,0.6439584631515545,0.440817849389362,0.4851380833127686,0.46770686171810905
T000519,1.0286999968384885,0.9221747142357567,0.8843191160227893,0.708233014769723,0.9221747142357567,0.8960353441551161,1.0332728173234063,0.9639886486222002
T000520,0.2656695381095762,0.276228426704189,0.2924819863903264,0.2697122520117923,0.276228426704189,2.8263592826167137,0.30140104319595695,0.276228426704189
T000521,0.5296400430543986,0.509469550492189,0.5160835448585662,0.5296400430543986,0.509469550492189,0.509469550492189,0.509469550492189,0.494981201366356
T000522,0.9818214970990905,1.014699240005639,0.9848999974774261,0.9534099388137066,1.014699240005639,0.9069732870046479,0.9534099388137066,1.0426096501924231
T000523,0.6699213539340927,0.8110297781068928,0.6726411402445756,0.6977191336386658,0.8110297781068928,0.5659073845502625,0.6699213539340927,0.6099307547417873
T000524,1.493936243350353,1.353057981401406,1.7091902848612268,1.1084674688759182,1.353057981401406,1.1671394168987335,1.1489474163487114,1.1929443495466872
T000525,1.0822046927579598,1.1560616289332095,1.1687827797335528,1.0846678855260468,1.1327211316850707,1.207822174102136,1.1560616289332095,1.1560616289332095
T000526,0.7826000808373038,0.49269275832172926,0.6709020953578306,0.7900124147358464,0.49269275832172926,0.49269275832172926,0.7523676859901567,0.5579090512419944
T000527,0.4259585319040099,0.43997781506469225,0.43565113770801395,0.43997781506469225,0.43997781506469225,0.26355950487962426,0.4451440802087269,0.4185048447943492
T000528,1.0197909388179918,1.052977758494924,1.0871559089755536,0.9202240169252297,1.052977758494924,1.052977758494924,1.1490021144029436,0.8844405269994435
T000529,0.17180045841514388,0.1723842923589104,0.16971207321573595,0.29924354966880584,0.1723842923589104,0.1723842923589104,0.17750046523991608,0.29924354966880584
T000530,3.8049430584336275,4.2018065748714175,3.779358681756251,4.036182019929882,4.2018065748714175,4.240301326881175,4.127611023395409,3.9359589708343643
T000531,0.30220846584605643,0.3072567136903872,0.23366197516731022,0.2994465718773362,0.3072567136903872,0.3730618383270875,0.3072567136903872,0.5235768104910422
T000532,0.1131927441744543,0.6075712296378508,0.1838449581946764,0.6160104197242032,0.6075712296378508,0.6763398116373938,0.6187672006102923,0.7014988093570531
T000533,0.25799644305392916,0.2665269691472217,0.26292036157014675,0.2665269691472217,0.2665269691472217,0.18274596731671264,0.5033620045393212,0.23420296270832655
T000534,0.5004375212197242,0.5394153229885871,0.5018293483991885,0.5081634191916801,0.5394153229885871,0.5969943928432213,0.5071844774099836,0.5702310810635121
T000535,1.1602268313707735,1.0999669702962271,1.3376760630456535,1.2690882208669032,1.0999669702962271,1.0853613475300616,1.0999669702962271,1.2015542806429238
T000536,0.3359104025537032,0.3359104025537032,0.33331036143832377,0.3359104025537032,0.3359104025537032,0.5207008243255328,0.3475779433268423,0.6455576837000537
T000537,1.7491110096676912,1.551742603778135,1.7835554200297101,1.551742603778135,1.551742603778135,1.3868916580500705,1.627427520059626,1.1154009977497892
T000538,3.2745961699772543,3.2110722692263463,3.2623392271798344,3.2110722692263463,3.2110722692263463,3.272708586632243,3.2933309426702815,3.2623392271798344
T000539,1.32886055073084,1.349621570546783,1.2800925587439953,1.315903037759556,1.349621570546783,1.0045854155636256,1.315903037759556,1.482875002243039
T000540,0.5576241745290353,0.5092082200058033,0.5067678654119878,0.5844189464818343,0.6892134120854495,1.3470936381675849,0.5844189464818343,1.319385672860058
T000541,0.7498492952491966,0.7878938934605425,0.8315394846945434,0.7462789816741806,0.7878938934605425,0.7662988376545097,0.7878938934605425,1.9288464658661062
T000542,0.5754207876001692,0.5754207876001692,0.5620512500706708,0.5754207876001692,0.5754207876001692,0.5754207876001692,0.5754207876001692,0.40394140371462556
T000543,0.6126162167873396,0.2991923076207165,0.6565106070717591,0.15307559723839298,0.2991923076207165,0.1537230728954676,0.2991923076207165,0.3059691694056702
T000544,2.193111323132544,2.2125675039685313,2.3479663521681986,2.2029770954857644,2.2125675039685313,2.2125675039685313,2.4009269071015873,2.3435178482372843
T000545,0.13714285714285693,0.1371428571428574,0.09725369117561286,0.1324552618349738,0.13717143698854087,0.24816858467409283,0.163635050845747,0.3096167266635307
T000546,1.402471350166885,1.4563411047994308,1.409213421374832,1.4627469685414356,1.4563411047994308,1.4808984221551946,1.402471350166885,1.4282146870484989
T000547,0.961970529062201,0.9666394356943282,0.9976036328292723,0.82508056591037,0.9666394356943282,0.5294803580258794,0.9666394356943282,1.013325325118234
T000548,1.0870636046656674,1.0870636046656674,1.0870636046656674,1.0870636046656674,1.0870636046656674,0.8418654558315755,1.1106465137267623,1.0870636046656674
T000549,0.9639296193818188,0.9639296193818188,0.6016300746243552,0.9639296193818188,0.9639296193818188,1.0169910607411785,0.9537400583737264,0.9598331478154054
T000550,1.115806170259525,0.7547161829111998,0.8268281348382677,0.7612939743435408,0.7547161829111998,0.8124484780875675,0.7697470803791993,0.7842976230318396
T000551,0.3391402731110253,0.3391402731110253,0.5609759936142473,0.527936775927617,0.3391402731110253,0.3391402731110253,0.3391402731110253,0.3391402731110253
T000552,1.9330406045550095,1.7648976035998996,1.7648976035998996,1.680696600193234,1.7648976035998996,1.9458457331448964,1.7648976035998996,1.9411144758218706
T000553,1.6082861590541973,1.6109592912425506,1.4869134918246976,1.7610399631795686,1.6109592912425506,1.9673283597807276,1.6109592912425506,1.7847791684649685
T000554,0.8419398627835724,0.7593628087472735,0.6624160017517746,0.7681231637619371,0.7593628087472735,1.0521847487420208,0.7593628087472735,0.8390895508812907
T000555,1.0327985674573574,0.5374838031263084,0.4824749955224205,1.0485029109111612,0.5374838031263084,1.0186605599882452,0.5374838031263084,0.7011865888741912
T000556,0.13992694799122254,0.1224535429064189,0.0653207617094553,0.13666132941935194,0.1224535429064189,0.1224535429064189,0.13992694799122254,0.13666132941935194
T000557,0.1029423600046447,0.1029423600046447,0.10565355471088056,0.11037621321814434,0.1029423600046447,0.1029423600046447,0.1048986917942297,0.1048986917942297
T000558,0.10870570820612452,0.10870570820612452,0.1081242765667391,0.10873765805930898,0.10870570820612452,0.10870570820612452,0.10800283439751635,0.10870570820612452
T000559,0.14551967437735328,0.1958593534064172,0.06970401291099985,0.19112612719201547,0.1958593534064172,0.1958593534064172,0.19112612719201547,0.1958593534064172
T000560,0.5165327955385586,0.29200964675474816,0.040973098026864926,0.06695915771059109,0.29200964675474816,0.01691906193351154,0.29200964675474816,0.047623496641660865
T000561,0.022061645831976128,0.022506864926196603,0.019336635708881448,0.022506864926196603,0.022506864926196603,0.019547689211687685,0.023817651360720636,0.021451907370039398
T000562,0.024590058839779317,0.02522068485545359,0.18198756090559176,0.0351362987948519,0.02522068485545359,0.02522068485545359,0.028431382554867657,0.015161788757240932
T000563,0.10447019620149132,0.10447019620149132,0.21020177204826423,0.09675965388749994,0.10447019620149132,0.10447019620149132,0.09675965388749994,0.10447019620149132
T000564,0.03807099278472435,0.03807099278472435,0.09700145045793832,0.0715325966253087,0.03807099278472435,0.03807099278472435,0.03807099278472435,0.05807796467279897
T000565,0.10125401188300076,0.10894476795691192,0.20103648830356965,0.13010491047798528,0.10894476795691192,0.10894476795691192,0.10894476795691192,0.1016428973370694
T000566,0.42126710965205577,0.41900867455537255,0.38450820880186076,0.41900867455537255,0.41900867455537255,0.41900867455537255,0.4216305582225486,0.42126710965205577
T000567,1.1534944421283893,1.1658127479338407,1.3160768725353216,1.1884443235191553,1.1658127479338407,1.0724773930733276,1.179683176709172,1.2726883762598022
T000568,1.2015501891969207,1.2285981834142483,1.5387225666043247,1.1554440910599535,1.2285981834142483,1.3098368084486363,1.2285981834142483,1.1782956210168
T000569,0.22755519267141763,0.22755519267141763,0.20056688766722347,0.20056688766722347,0.22755519267141763,0.15429297967256964,0.19388425913385346,0.4142971951899259
T000570,0.4691045175492903,0.47043026486609985,0.47043026486609985,0.47043026486609985,0.47043026486609985,0.23584905660377295,0.47043026486609985,0.7438720059292808
T000571,0.9177411003515817,0.9177411003515817,0.8625074298215822,0.6000632566948476,0.9177411003515817,0.7825637248284593,0.9177411003515817,0.9177411003515817
T000572,0.4243672304960141,0.21346012399838177,0.6037498764231122,0.4128785405215141,0.21346012399838177,0.2046905803164933,0.3909013565563437,0.6037498764231122
T000573,0.4841429653213016,0.5515020905214866,0.6137606714299935,0.6369020788682955,0.5515020905214866,0.941508447287854,0.538103450079626,0.6137606714299935
T000574,0.17879462501893084,0.18093274201665308,0.20125030034658442,0.22337920188077384,0.18093274201665308,0.18093274201665308,0.18256735719362696,0.44196121916978104
T000575,1.2179491524819506,1.4362229352256466,1.3507013171082662,1.2951079576687492,1.4362229352256466,1.4362229352256466,1.2951079576687492,1.0895472762456078
T000576,0.5844271284328451,0.5571916954324447,0.6251938904307024,0.5934877104913402,0.5571916954324447,0.6251938904307024,0.5571916954324447,0.6251938904307024
T000577,0.6520014590075426,0.6115910994097189,0.6349765946139515,0.6213943149874418,0.6115910994097189,0.6349765946139515,0.6115910994097189,0.5946100004906517
T000578,0.5608084588206902,0.5597870473827362,0.5597870473827362,0.5597870473827362,0.5597870473827362,0.5597870473827362,0.5660377358490564,0.5660377358490564
T000579,0.6500661705533622,0.6500661705533622,0.6548662833758477,0.5652784672401002,0.6500661705533622,0.6500661705533622,0.6442146561058049,0.5289746847057465
T000580,0.5842404989267453,0.5667644164448775,0.5386161514105383,0.5779107712641712,0.5667644164448775,0.5667644164448775,0.5667644164448775,0.5667644164448775
T000581,0.4112730027476291,0.4112730027476291,0.4838330232074532,0.45612563038480625,0.4112730027476291,0.4112730027476291,0.4112730027476291,0.4112730027476291
T000582,0.5346760044534203,0.5616731048425733,0.5616731048425733,0.5600616816025653,0.5616731048425733,0.5616731048425733,0.5616731048425733,0.5616731048425733
T000583,0.2667851106114978,0.4621678102292029,0.4647011025870342,0.24339611936441277,0.4621678102292029,0.4621678102292029,0.4647011025870342,0.4621678102292029
T000584,0.7450398374310132,0.6463219664327924,0.6463219664327924,0.7361163049663814,0.6463219664327924,0.6463219664327924,0.6540771484970611,0.7554819982961211
T000585,0.5817998277931788,0.607710575203973,0.607710575203973,0.6615282536138769,0.607710575203973,0.607710575203973,0.607710575203973,0.607710575203973
T000586,0.8264024829618747,0.5455534321480986,0.836478420524831,0.47909683709590906,0.5455534321480986,0.5455534321480986,0.7950861968966157,0.5181711606096132
T000587,0.7048761968897594,0.7898244625249348,0.7898244625249348,0.7898244625249348,0.7898244625249348,0.7898244625249348,0.7898244625249348,0.7898244625249348
T000588,0.7611914635033469,0.7611914635033469,0.7611914635033469,0.7470721893130299,0.7611914635033469,0.7611914635033469,0.7470721893130299,0.7611914635033469
T000589,0.8549474279487221,0.8549474279487221,0.6850669914157657,0.8607946563517687,0.8549474279487221,0.8607946563517687,0.8549474279487221,1.0896865156133695
T000590,0.1713487622360374,0.11550665212848174,0.20242365899521825,0.11550665212848174,0.11550665212848174,0.140678350125212,0.19108835842109548,0.12738256272115633
T000591,0.19744472844055871,0.2013969906894721,1.0160028257998357,0.15982670917221375,0.2013969906894721,0.2013969906894721,0.2768380766122158,0.3193829392339876
T000592,0.18958624887758527,0.8489844063581277,0.291561428730436,0.13070359266438628,0.2684350989778124,0.8489844063581277,0.29131760893339037,0.36328954128164825
T000593,0.39493196510747647,0.11809392243765905,0.2897512970327702,0.11809392243765905,0.11809392243765905,0.07780376273018032,0.3993772609610791,0.11809392243765905
T000594,0.2359945159554879,0.16614025625364637,0.31591585149104934,0.18402443036768185,0.16614025625364637,0.3957644954941009,0.47988749823509796,0.12468397428818956
T000595,0.34417440384555886,0.34417440384555886,0.3546257879261554,0.5162400231561065,0.34417440384555886,0.34417440384555886,0.34417440384555886,0.36349307438009293
T000596,0.10315456591144749,0.3799937083590858,0.3412251012000671,0.25587605286050896,0.3799937083590858,0.16363332154133356,0.6312026170880772,0.3412251012000671
T000597,0.8126294696846654,0.8909768337702318,0.6723366733724605,0.6308776446413984,0.7695583719868934,0.286483276235059,0.8909768337702318,0.3892783073635949
T000598,1.2728221896166294,1.3284455728805968,1.243585279032031,1.2793999470610837,21.530624853260225,1.2887675684178537,1.3328454602839797,1.2760312886458243
T000599,0.8999352937425167,1.0443847257497285,0.8530303563171262,0.7698233896497261,1.0443847257497285,0.8043575467979619,0.789791970085104,0.8113208894257469
T000600,1.2426685535005912,1.1703238659347,1.3579610238806095,1.2111064850229791,1.1703238659347,1.1703238659347,1.2282893079414818,1.2626521790015814
T000601,1.2819693015913767,1.0575724425211153,0.7897553247975571,0.7091203054384564,1.0575724425211153,1.0783339222864714,1.030170204154719,0.7764539706479991
T000602,1.298560062817025,1.1204702506928053,1.191944828008788,1.3119068348041782,1.1204702506928053,1.2854438776225934,1.1204702506928053,1.1204702506928053
T000603,0.9607216041383071,0.9607216041383071,0.62523563121888,0.947695471282083,0.9607216041383071,0.9607216041383071,0.9607216041383071,0.9607216041383071
T000604,0.9889380097824686,1.2575804380773166,1.0074336814182456,1.2575804380773166,1.2575804380773166,1.2575804380773166,1.2575804380773166,1.2575804380773166
T000605,0.9150849653926243,0.9426745439894747,0.9371754713294833,0.6677489355272843,0.9426745439894747,0.849412939599802,0.9426745439894747,0.6677489355272843
T000606,0.8426328328051499,1.0345039863030183,0.8062720848249717,0.8821545275070015,1.0345039863030183,0.9411176381768163,0.9971558799632264,1.2087888013728338
T000607,0.6621091455106731,0.8486170402768228,0.6497721460259746,0.8223484576348654,0.8486170402768228,0.7654563704541892,0.6621091455106731,0.8191714455866015
T000608,0.6885933882846521,0.8624114191451389,0.6885933882846521,0.6415288218755971,0.8624114191451389,0.6704777165774845,0.6956120427099891,0.6754607119827213
T000609,1.5651343232060488,1.5920477373215802,1.5919545512254287,1.4154985238553124,1.5920477373215802,1.4549597629372253,1.5920477373215802,1.4192083659077386
T000610,2.308965414341316,2.2867936159676883,2.16829841636058,2.2183055375579617,2.2867936159676883,2.099632699525811,2.1813941228128066,2.0900889684155435
T000611,1.0375685956148926,1.0375685956148926,1.019205448398036,1.1156713125687068,1.0375685956148926,1.0002034206171289,1.019205448398036,1.3886126950250326
T000612,1.1021992756720371,1.0667080084339453,1.1088686755273778,1.0976593427041594,1.0667080084339453,1.0452372450368987,1.1021992756720371,1.1123014970073106
T000613,1.0050382753070646,1.0857195630296395,1.00883241907805,1.2842581707216054,1.0857195630296395,1.120721444881134,1.0050382753070646,1.00883241907805
T000614,0.9047710437097726,0.9133284831120847,0.8576972488055282,0.9133284831120847,0.9133284831120847,0.9133284831120847,0.9133284831120847,0.9047710437097726
T000615,1.1319280593393588,1.1319280593393588,1.136443280966215,0.961382245390584,1.1319280593393588,1.1340110307372049,1.1319280593393588,1.0532972710635782
T000616,0.861267797469,0.8136829924710243,0.9233458770719192,0.8642912346698494,0.8136829924710243,0.7559259641297117,0.8896694981850328,0.8642912346698494
