unique_id,MetaARIMA(0.0),MetaARIMA(0.1),MetaARIMA(0.2),MetaARIMA(0.3),MetaARIMA(0.4),MetaARIMA(0.5),MetaARIMA(0.6),MetaARIMA(0.7),MetaARIMA(0.8),MetaARIMA(0.9),MetaARIMA(1.0),AutoARIMA
T000000,0.4950337280148093,0.4950337280148093,0.4950337280148093,0.43807689564959196,0.43807689564959196,0.43807689564959196,0.43807689564959196,0.6515323000208264,0.6515323000208264,0.6515323000208264,0.6515323000208264,1.2848735197409042
T000001,8.029411764705882,8.029411764705882,8.029411764705882,8.029411764705882,8.029411764705882,8.029411764705882,8.029411764705882,8.029411764705882,8.029411764705882,8.029411764705882,8.029411764705882,8.029411764705882
T000002,1.9329173414195577,2.982244589090193,1.9329173414195577,1.9329173414195577,1.9329173414195577,2.093136424945562,2.093136424945562,1.8062447830222759,1.8062447830222759,1.8062447830222759,1.8062447830222759,1.768661421432537
T000003,2.408016851903039,2.408016851903039,2.408016851903039,2.408016851903039,2.408016851903039,2.408016851903039,2.408016851903039,2.0867111349380063,2.0867111349380063,2.331282521578626,2.331282521578626,1.4478094260993062
T000004,1.226483450446271,1.226483450446271,4.094224034815495,4.094224034815495,1.7490032998011678,1.8279072786080595,1.6293658377709672,1.6293658377709672,1.6293658377709672,1.6293658377709672,1.6293658377709672,1.6293658377709672
T000005,1.1476947969838192,1.1476947969838192,1.1476947969838192,1.1476947969838192,1.1577630029791284,1.1476947969838192,0.9603070082359277,0.9603070082359277,0.7599627925193386,0.7599627925193386,0.7599627925193386,0.7599627925193386
T000006,0.807800751879699,1.1080827067669174,1.1080827067669174,1.1080827067669174,1.1080827067669174,1.1080827067669174,0.9629917261857126,0.9629917261857126,0.9629917261857126,0.9629917261857126,0.9629917261857126,1.1080827067669174
T000007,0.8283447542062957,0.7859897417979808,0.7340276812898572,0.8887043127440043,0.8342321620859307,0.7756912011871255,0.8144506883661223,0.8144506883661223,0.8144506883661223,0.8144506883661223,0.7490037325611876,1.3481052533393314
T000008,1.1636643375286646,1.1636643375286646,1.1636643375286646,1.1636643375286646,1.2159816894721862,1.2159816894721862,1.2159816894721862,1.1861854942467966,1.2097230887905903,1.2097230887905903,1.2097230887905903,1.165147845436772
T000009,2.288900659682894,2.288900659682894,2.288900659682894,2.288900659682894,2.288900659682894,2.288900659682894,3.4237820497602773,3.4237820497602773,3.4237820497602773,3.4237820497602773,3.4237820497602773,3.5156535704578418
T000010,0.8283837809370335,0.7859958564234989,0.734016203703163,0.8888369813405129,0.8342524619535209,0.7756919970433243,0.8144760832869326,0.8144760832869326,0.8144760832869326,0.8144760832869326,0.7490567382000848,1.3480362551969811
T000011,3.39168611676772,3.39168611676772,0.8015735836220419,0.8015735836220419,0.8015735836220419,0.8015735836220419,0.8015735836220419,0.8015735836220419,0.8015735836220419,0.8015735836220419,0.8015735836220419,0.5997273690999858
T000012,3.348643006263048,3.348643006263048,3.461204743756769,3.461204743756769,3.461204743756769,3.461204743756769,3.446679307946971,3.461204743756769,3.425886546327451,3.425886546327451,3.425886546327451,3.4501334935927095
T000013,1.1789151938943019,1.1789151938943019,1.1789151938943019,1.7434674351622979,1.5734374713483292,1.5734374713483292,1.5734374713483292,1.5734374713483292,1.5734374713483292,1.5734374713483292,1.5734374713483292,2.3161743194974647
T000014,1.0296228046091482,1.0296228046091482,1.0296228046091482,1.0296228046091482,1.0296228046091482,1.0296228046091482,1.0296228046091482,1.0296228046091482,0.9168249826245988,0.9168249826245988,0.9168249826245988,1.2970420258057458
T000015,1.2865749477080877,1.2865749477080877,0.7027818721031684,0.7027818721031684,0.8050725840962994,0.966181725754029,1.0143037384487705,0.4536210688777901,0.4536210688777901,0.6517268234221177,0.6517268234221177,0.6540952828102281
T000016,0.607602429279945,0.607602429279945,0.9032966575941039,0.9032966575941039,1.1121070279952778,1.1170981381010294,1.1170981381010294,0.8298142085206716,0.8243292241772514,0.8243292241772514,0.8243292241772514,0.8243292241772514
T000017,0.8330349915945459,0.8330349915945459,1.367099872578906,1.367099872578906,1.2166475896102793,0.7703551495167942,0.679455883929315,1.2166475896102793,1.2706270042667565,1.2706270042667565,1.1984734555458336,1.388145196438578
T000018,6.229290032908932,6.229290032908932,6.229290032908932,1.0053982513379744,0.6627269867993691,0.7017652313692917,0.7017652313692917,0.45996315438999585,0.45996315438999585,0.45996315438999585,0.45996315438999585,0.45996315438999585
T000019,0.7514039507580066,1.1476396150351764,1.1476396150351764,1.1476396150351764,1.1577620708368113,1.1476396150351764,0.9602841614441889,0.9602841614441889,0.759941624107031,0.759941624107031,0.759941624107031,0.759941624107031
T000020,3.3407521912608544,3.3407521912608544,3.3407521912608544,1.2648281555197731,1.2648281555197731,1.2648281555197731,1.2648281555197731,1.2648281555197731,1.14815594169587,1.14815594169587,1.14815594169587,1.14815594169587
T000021,1.6274828460811122,1.6274828460811122,1.1790712341221352,1.2241660118104332,1.1790712341221352,1.3178564726745456,1.3178564726745456,1.3178564726745456,1.2820796463314008,1.2820796463314008,1.2078542265708083,1.1707334019064168
T000022,1.5788637901363494,1.5788637901363494,1.5788637901363494,1.5788637901363494,1.5788637901363494,1.5047597372856225,1.5047597372856225,1.5047597372856225,1.5047597372856225,1.5047597372856225,1.5047597372856225,1.4804768285311072
T000023,1.10646200146309,1.10646200146309,1.10646200146309,1.0969918201333841,1.10646200146309,1.10646200146309,1.10646200146309,1.10646200146309,1.10646200146309,1.10646200146309,1.10646200146309,1.10646200146309
T000024,5.3983707077785565,1.0964396898946474,1.0964396898946474,1.0964396898946474,1.0964396898946474,1.0964396898946474,1.1898182986579084,1.1898182986579084,1.3834666150302048,1.3834666150302048,1.3834666150302048,0.6170195109001209
T000025,4.928646833013436,0.982834896033829,0.982834896033829,0.982834896033829,0.982834896033829,0.982834896033829,1.3565251906924065,1.3565251906924065,1.227616662697425,1.227616662697425,1.227616662697425,0.5484048629710704
T000026,1.5521154116459455,1.5521154116459455,1.5521154116459455,0.8158379255198809,0.9394531168710799,0.9218494576569175,0.9218494576569175,0.8935330121775128,0.8935330121775128,0.8935330121775128,0.8935330121775128,0.8935330121775128
T000027,1.7155824508320732,1.7155824508320732,1.7155824508320732,1.2692668500281572,1.2692668500281572,1.3090124342327392,1.3090124342327392,1.3090124342327392,1.3090124342327392,1.3090124342327392,1.3090124342327392,1.2326695441511828
T000028,1.4487731335042058,1.077816940559911,1.077816940559911,1.5679491480499128,0.631375951565183,0.631375951565183,0.631375951565183,0.5105375114223468,0.5105375114223468,0.5105375114223468,0.5105375114223468,0.5105375114223468
T000029,0.45251893164896706,0.7007263151534434,0.5104454352836558,0.7068557017440111,0.5080199373748046,0.45251893164896706,0.44550332630981265,0.47798053867746026,0.47798053867746026,0.47798053867746026,0.47798053867746026,0.51124412454931
T000030,1.6638118217053859,1.6638118217053859,1.6638118217053859,1.6638118217053859,1.3342723153798175,1.3342723153798175,1.3892741456145183,1.3892741456145183,1.3892741456145183,1.3892741456145183,1.3892741456145183,1.3851721519968219
T000031,2.6674296989354067,2.6674296989354067,0.34204258122903963,0.34204258122903963,0.2545895360864852,0.40346503830904845,1.4175744340016674,1.2182037911835186,1.4175744340016674,1.4175744340016674,1.4175744340016674,0.40346503830904845
T000032,2.862855606355963,0.6730611306932187,0.7128536701148216,0.6730611306932187,0.6730611306932187,0.6730611306932187,0.6858204253686736,0.6858204253686736,0.6858204253686736,0.826688133589123,0.826688133589123,0.7831138538324715
T000033,0.8385238868622806,1.1376611136952974,0.8385238868622806,1.1376611136952974,1.1376611136952974,0.8385238868622806,0.926062154138676,1.1022190655616435,1.1022190655616435,1.1022190655616435,1.1022190655616435,0.8613338192419825
T000034,3.4687531122148467,3.4687531122148467,3.4687531122148467,3.4687531122148467,2.108333470750364,2.0599696728103973,2.108333470750364,2.4649910417720675,2.4649910417720675,2.4649910417720675,2.4649910417720675,2.463246907473826
T000035,0.34032366743616915,0.34032366743616915,0.34032366743616915,0.34032366743616915,0.42750525648913507,1.1046356120649565,1.1004232099818685,1.1004232099818685,1.1004232099818685,1.1004232099818685,1.1004232099818685,0.40376380785391186
T000036,2.560333231963521,2.7353402429858553,2.582504569847277,2.582504569847277,2.582504569847277,2.7353402429858553,2.521238966790935,2.5206758974681374,2.5252181847950363,2.5201714043805734,2.5201714043805734,2.5201714043805734
T000037,6.105199525570198,2.7419432063293807,2.7419432063293807,2.7419432063293807,2.7419432063293807,2.7419432063293807,2.7419432063293807,2.7419432063293807,2.7419432063293807,2.7419432063293807,2.7419432063293807,3.612109320009346
T000038,2.524787194543379,2.524787194543379,1.5035349545309395,1.5035349545309395,1.5779535090409893,1.6287117626634477,1.5779535090409893,1.19889391257223,1.19889391257223,1.2429225334167917,1.2429225334167917,1.2429225334167917
T000039,1.1286512080134843,1.1286512080134843,1.1286512080134843,1.1403277695707519,0.829839030633574,0.829839030633574,0.4721566140480717,0.33648585180630874,0.33648585180630874,0.33648585180630874,0.33648585180630874,0.2873093005661057
T000040,1.2875413677818455,1.28433179382055,1.28433179382055,1.022519739439137,0.31573894112458634,0.3346626852814233,0.3346626852814233,0.4132441666060914,0.4132441666060914,0.4132441666060914,0.4132441666060914,0.4675269218478517
T000041,0.626624699431676,0.6238406281411183,0.626624699431676,0.626624699431676,0.626624699431676,0.6238406281411183,0.5293030950928971,0.5433603698241642,0.6289117162586093,0.6289117162586093,0.6289117162586093,0.19439428678748982
T000042,2.5184755067567566,2.6420282452205646,2.6420282452205646,2.6420282452205646,2.6420282452205646,2.744065315096432,2.744065315096432,2.8209133748458335,2.8209133748458335,2.8209133748458335,2.8293731007833416,2.6682661832580243
T000043,2.9365303533914666,2.9365303533914666,3.201979502730348,3.317458774245415,3.6217450563097926,3.317458774245415,3.6217450563097926,3.3875570861764195,3.3875570861764195,3.3875570861764195,3.3875570861764195,3.3875570861764195
T000044,1.3917645584817069,1.3917645584817069,1.3917645584817069,1.3917645584817069,1.5327487507800153,1.134905557192712,1.134905557192712,1.134905557192712,1.4947315436839546,1.4947315436839546,1.4947315436839546,1.4947315436839546
T000045,2.3863957652399854,2.3863957652399854,2.3863957652399854,2.3863957652399854,2.218624959453709,2.218624959453709,2.3438298048284496,1.9605306787596433,1.9605306787596433,1.9605306787596433,1.9605306787596433,1.9605306787596433
T000046,1.411206411869259,1.411206411869259,1.411206411869259,1.204157388379278,1.204157388379278,1.4176393911840897,1.4176393911840897,1.4463487079711723,1.4463487079711723,1.4463487079711723,1.4463487079711723,1.4463487079711723
T000047,1.058974358974359,1.058974358974359,1.745047282829005,1.3035756962008804,1.3035756962008804,1.3035756962008804,1.3035756962008804,1.3035756962008804,1.3035756962008804,1.3035756962008804,1.3035756962008804,1.4460579593280447
T000048,1.6069182389937138,1.6069182389937138,1.9906868048532098,1.9906868048532098,3.024709982317129,2.3451779177887855,2.3451779177887855,2.168787152788126,2.168787152788126,2.168787152788126,2.168787152788126,2.9045414041072113
T000049,1.1994213533868054,1.1994213533868054,1.1994213533868054,1.1994213533868054,0.9035511696466899,0.9740808498075706,0.7454318008651082,0.7454318008651082,0.7454318008651082,0.7454318008651082,0.7454318008651082,1.1864528874686298
T000050,1.8694458992080683,1.8694458992080683,1.8694458992080683,4.586028375831398,3.086575275490971,3.086575275490971,3.086575275490971,2.9047063082147977,1.800477880442489,1.800477880442489,1.800477880442489,1.6944444444444444
T000051,0.8,0.8,1.2188676368484377,1.2188676368484377,1.902895457905087,1.902895457905087,1.902895457905087,1.902895457905087,1.902895457905087,1.902895457905087,1.902895457905087,1.1320704622655473
T000052,4.64957264957265,4.64957264957265,4.64957264957265,4.64957264957265,2.210189122306343,2.210189122306343,2.210189122306343,2.210189122306343,1.815785312843711,0.922462870694242,1.4586872245643716,2.986780222374395
T000053,3.2606635071090047,3.25910681084593,3.2606635071090047,3.2606635071090047,2.6226210807293104,2.2794021932516806,2.2794021932516806,2.2794021932516806,2.2794021932516806,2.2794021932516806,2.2794021932516806,3.2606635071090047
T000054,1.7757847533632298,1.7757847533632298,1.7757847533632298,1.862903219621783,1.8310360721145422,0.6767189622871823,0.6767189622871823,0.6767189622871823,1.5530186623277713,1.5530186623277713,1.5614459262890013,1.8383126263568992
T000055,4.622575832918946,4.622575832918946,2.159297331416727,2.347998160293709,2.411372264991931,2.4973511374970103,2.4973511374970103,2.4973511374970103,2.4973511374970103,2.4973511374970103,2.4973511374970103,4.060485113680893
T000056,1.9357468184591453,1.5518197292991722,1.5518197292991722,1.9357468184591453,1.6766438291992596,1.6766438291992596,1.6766438291992596,1.5242281983180443,1.5242281983180443,1.5242281983180443,1.5242281983180443,1.8585865512857382
T000057,0.6075920813645401,0.6075920813645401,0.9033047999344267,0.9033047999344267,1.1121638149883921,1.1171533336349373,1.1171533336349373,0.8298554814480933,0.8243174487366569,0.8243174487366569,0.8243174487366569,0.8243174487366569
T000058,3.061213502861283,3.061213502861283,2.329671587587419,0.8519702987742984,0.9371493117324862,0.7011904232701978,0.7011904232701978,0.7550605163050539,0.7550605163050539,0.7550605163050539,1.1724313011853094,1.1737729961801837
T000059,1.6273462855536531,1.6273462855536531,1.1792071955498749,1.2243001574258165,1.1792071955498749,1.3179947882548433,1.3179947882548433,1.3179947882548433,1.2822210251630373,1.2822210251630373,1.2079894999282008,1.1708699624338759
T000060,7.137858137416136,7.137858137416136,7.867068639674516,7.867068639674516,8.547191903709525,9.702903010324968,9.729185054845107,8.526470002860199,8.526470002860199,8.526470002860199,8.526470002860199,7.0724580389188985
T000061,1.1741803185957858,1.1741803185957858,1.1741803185957858,1.1741803185957858,1.1741803185957858,1.1741803185957858,1.1741803185957858,1.1741803185957858,1.1741803185957858,1.1741803185957858,1.1741803185957858,1.3654830817763939
T000062,0.8904703218354482,0.8904703218354482,0.8904703218354482,0.8904703218354482,0.8904703218354482,0.8675672379477283,0.6690411049163029,0.6690411049163029,0.6690411049163029,0.6766280598717509,0.6766280598717509,1.0030310389185724
T000063,1.7865235591224016,1.7865235591224016,1.7865235591224016,1.7865235591224016,2.493616976558394,2.238178210357528,2.2400381287766615,2.1812859295942513,2.1812859295942513,2.1812859295942513,2.1812859295942513,2.29381729103113
T000064,1.3983050847457654,0.8723632509682031,0.8723632509682031,0.8723632509682031,0.8905810240993879,0.8905810240993879,1.5239097900541951,1.5239097900541951,1.5239097900541951,1.5239097900541951,1.5239097900541951,0.8913127420666646
T000065,0.747220288321791,0.747220288321791,0.747220288321791,0.747220288321791,0.747220288321791,0.747220288321791,0.807248764415156,0.807248764415156,0.807248764415156,0.807248764415156,0.807248764415156,0.807248764415156
T000066,1.9256227682352747,1.9256227682352747,1.9256227682352747,1.9256227682352747,1.9256227682352747,1.9256227682352747,1.9256227682352747,1.9256227682352747,1.0243902439024397,1.0243902439024397,1.0243902439024397,1.0243902439024397
T000067,0.625799327808655,0.7566935948423894,0.7566935948423894,0.7566935948423894,0.6846095526914318,0.6846095526914318,0.6846095526914318,0.6846095526914318,0.7543846480291717,0.7543846480291717,0.7543846480291717,1.2104757088027216
T000068,0.4583893181054754,0.4583893181054754,0.4583893181054754,0.4583893181054754,0.4583893181054754,0.4583893181054754,0.20065063890399948,0.20065063890399948,0.17558097059098854,0.17558097059098854,0.3608000625151985,1.172019763101809
T000069,0.6289679437060204,0.6289679437060204,0.6289679437060204,0.6289679437060204,0.6289679437060204,0.6289679437060204,0.4476820313228366,0.4476820313228366,0.3211630810377809,0.3211630810377809,0.3211630810377809,0.8506314315936248
T000070,0.4514593518698428,0.4514593518698428,1.2584908641258843,0.4514593518698428,0.4514593518698428,1.2584908641258843,1.2584908641258843,1.2584908641258843,1.2584908641258843,1.2584908641258843,1.2584908641258843,0.7555145670495779
T000071,1.4283806012425595,1.4283806012425595,1.4283806012425595,1.4283806012425595,1.4283806012425595,1.4283806012425595,1.4283806012425595,1.452207826430398,1.452207826430398,1.452207826430398,1.452207826430398,0.6777607242424829
T000072,0.4439060545430033,0.4439060545430033,0.4439060545430033,0.4439060545430033,0.4439060545430033,0.4042611415168039,0.29931826448069626,0.4042611415168039,0.2605657487322728,0.2605657487322728,0.2605657487322728,0.3443060860543773
T000073,1.0523076923076928,1.0523076923076928,1.0523076923076928,1.0523076923076928,1.0523076923076928,1.0523076923076928,0.27266174588559633,0.27266174588559633,0.12469807471075092,0.22953470439978027,0.22953470439978027,0.3415288986603257
T000074,1.756654676258993,1.756654676258993,1.756654676258993,1.756654676258993,0.1611126562135176,0.8678057553956839,0.4822982949691522,0.4822982949691522,0.4822982949691522,0.15408745685217234,0.15408745685217234,0.15408745685217234
T000075,0.32192125345120126,0.32192125345120126,0.32192125345120126,0.32192125345120126,0.32192125345120126,1.0765086206896548,0.4009026138476566,0.34590517241379176,0.21906331393341819,0.21906331393341819,0.21906331393341819,0.38066164065058133
T000076,2.3772803197954087,2.3772803197954087,2.3772803197954087,2.3772803197954087,2.3772803197954087,2.4884748046600227,1.6924395583469765,2.224152723943717,2.224152723943717,2.224152723943717,2.224152723943717,2.224152723943717
T000077,1.1557994130407043,1.1557994130407043,1.1557994130407043,1.0749180735248807,0.7505730177632249,0.7505730177632249,0.7505730177632249,0.7505730177632249,0.7221441368926182,0.7221441368926182,0.5011757767266992,0.46465477498951496
T000078,2.6336513443191674,0.9991110311356934,1.0889298025502168,1.0889298025502168,1.0889298025502168,1.1283977504723073,1.1283977504723073,1.2069898240912296,1.2069898240912296,1.1283977504723073,1.1283977504723073,1.645729464912378
T000079,0.2901730952705465,0.30909744766895153,0.30909744766895153,0.30909744766895153,0.30909744766895153,0.32185628081072215,0.32185628081072215,0.32185628081072215,0.32185628081072215,0.32185628081072215,0.32185628081072215,0.2943204112218718
T000080,0.19637847157964153,0.19637847157964153,0.19637847157964153,0.38120043432667117,0.3497032083605877,0.3497032083605877,0.3497032083605877,0.42563936337458225,0.42563936337458225,0.42563936337458225,0.42563936337458225,0.22436518942430506
T000081,0.9999200350052329,0.9604138077466557,0.8482930178420832,0.8482930178420832,0.8482930178420832,0.8482930178420832,0.8827368869698632,0.8827368869698632,0.8599674537692967,0.8599674537692967,0.8599674537692967,0.8069977042320612
T000082,0.37986655343928183,0.37986655343928183,0.37986655343928183,0.3313532232668987,0.37986655343928183,0.6412845956962714,0.13995800199674927,0.13995800199674927,0.6980671410411288,0.6980671410411288,0.6980671410411288,0.7868890048239434
T000083,1.6653933865450399,2.140625863971221,2.140625863971221,2.140625863971221,0.33558697918378033,0.33558697918378033,0.9678818853268293,0.36670276185927775,0.36670276185927775,0.36670276185927775,0.36670276185927775,1.0313458739596364
T000084,0.4635275824284521,0.4635275824284521,0.4635275824284521,0.4635275824284521,0.3387096774193548,0.4635275824284521,0.4635275824284521,0.4635275824284521,0.4635275824284521,0.4635275824284521,0.4635275824284521,0.5052437167428753
T000085,2.915211970074813,2.915211970074813,2.915211970074813,2.270111813667152,2.766863772883872,1.6411640748196645,1.4521175575980694,1.4521175575980694,1.4521175575980694,1.4521175575980694,1.4521175575980694,2.130395812080698
T000086,4.352459016393443,4.352459016393443,4.352459016393443,9.951689787644737,9.951689787644737,9.28987428756753,9.28987428756753,9.28987428756753,9.94098256432105,5.175864936442409,5.175864936442409,3.6009731606046005
T000087,0.31908453281369886,0.31908453281369886,0.31908453281369886,0.31908453281369886,0.31908453281369886,0.31908453281369886,0.38258707905715433,0.35800774967775356,0.35800774967775356,0.35800774967775356,0.35800774967775356,0.35039612676870296
T000088,0.48493975903614484,0.48493975903614484,0.48493975903614484,0.5039766504543751,0.5039766504543751,0.5039766504543751,0.5112281190817373,0.5112281190817373,0.5112281190817373,0.5112281190817373,0.5112281190817373,0.5781641013603829
T000089,0.6599182833210434,0.826512608586756,0.826512608586756,0.6599182833210434,0.7917477351820851,0.8139712192729139,0.8139712192729139,1.3015212651787316,1.3015212651787316,1.3015212651787316,1.3015212651787316,1.3015212651787316
T000090,1.1686963477401846,1.1686963477401846,1.1686963477401846,1.116473618117754,1.1590387095612698,1.106207958206645,1.106207958206645,1.106207958206645,1.161663227250075,1.161663227250075,1.161663227250075,1.161663227250075
T000091,1.4744318181818183,1.5204545422072222,1.4744318181818181,1.809256357960072,1.809256357960072,1.8314634268339038,1.5215087738154156,1.9397337606546474,1.9397337606546474,1.9397337606546474,1.9397337606546474,1.4744318181818181
T000092,2.48992272550787,2.48992272550787,1.3473758711024524,1.3473758711024524,1.3473758711024524,3.07885539053783,2.8605589557172837,3.07885539053783,2.8871964587876215,2.8871964587876215,2.8871964587876215,2.7990359042553195
T000093,1.4140158000023946,1.4140158000023946,1.4140158000023946,1.4140158000023946,1.4140158000023946,0.6261680478631161,2.0223410739981396,0.6261680478631161,1.3812667403631764,1.3812667403631764,1.3812667403631764,1.5509054612861828
T000094,4.100707482568348,4.100707482568348,1.4439728353140922,1.4439728353140922,1.4439728353140922,1.4439728353140922,1.4439728353140922,2.0248882992303856,2.0248882992303856,2.0248882992303856,2.0248882992303856,2.9108658743633296
T000095,3.2494834710743805,3.2494834710743805,3.721641066790192,3.721641066790192,3.721641066790192,3.273135254629002,3.273135254629002,3.273135254629002,3.273135254629002,3.273135254629002,3.2048396402754014,3.2494834710743805
T000096,2.5074142613725714,2.5074142613725714,2.5074142613725714,0.5953972681800701,0.550163524432474,0.550163524432474,0.550163524432474,0.5526222740798677,0.5526222740798677,0.5526222740798677,0.5526222740798677,0.5526222740798677
T000097,0.9956376728365064,0.9956376728365064,0.9956376728365064,0.9956376728365064,0.9956376728365064,0.9956376728365064,0.17733267945259903,0.19729431823120644,0.19729431823120644,0.19729431823120644,0.19729431823120644,0.4451892918672965
T000098,2.157358768878516,2.157358768878516,2.157358768878516,2.157358768878516,0.9155838580423583,0.35185934545364694,0.35185934545364694,0.35557441343119955,0.35557441343119955,0.35557441343119955,0.35557441343119955,0.5445026979914952
T000099,0.3149581633005904,0.3149581633005904,0.3149581633005904,0.3149581633005904,0.6890208767887529,0.41157594655140706,0.41157594655140706,0.1744028661729707,0.1744028661729707,0.1744028661729707,0.1744028661729707,0.24608627603632574
T000100,2.3435169244813543,2.707110075422485,2.707110075422485,2.838600378739246,2.707110075422485,2.707110075422485,2.6506847632497688,2.6506847632497688,2.707110075422485,2.938169873185032,2.938169873185032,2.938169873185032
T000101,1.6060605132882322,1.6060605132882322,1.6060605132882322,1.6060605132882322,1.6060605132882322,0.425963931408236,0.7115900624671949,0.621798218180302,0.39802494022788626,0.39802494022788626,0.39802494022788626,0.3892170368119658
T000102,0.6555375558780959,0.7590735491581425,0.502878223010774,0.502878223010774,0.7454526173487473,0.8501946177985001,0.8501946177985001,0.6267445251263698,0.6267445251263698,0.6267445251263698,0.6267445251263698,0.5963792689837379
T000103,1.0112866817155757,1.0112866817155757,0.8729642657993283,0.8818398608696223,0.7291705062202278,0.7291705062202278,0.7291705062202278,0.7291705062202278,0.7291705062202278,0.7291705062202278,0.7291705062202278,0.739921123687442
T000104,1.407585791691752,1.407585791691752,1.407585791691752,2.4353537450195875,2.4353537450195875,1.287615956823516,1.287615956823516,1.1973680390639938,1.1973680390639938,1.1973680390639938,1.1973680390639938,1.4487233686206817
T000105,0.9182509505703422,0.9182509505703422,1.1972308504665417,1.1972308504665417,1.1972308504665417,1.568839393590747,1.1972308504665417,1.2833750390076157,1.2833750390076157,1.2833750390076157,1.2833750390076157,1.4584111148019057
T000106,2.937854107648725,2.937854107648725,2.937854107648725,2.3324777210468186,2.2250107604031815,2.2250107604031815,2.2250107604031815,2.2250107604031815,2.2250107604031815,2.2705948728904395,1.7235494210727103,2.418186619867667
T000107,2.9812262611693097,2.9812262611693097,2.9812262611693097,2.9812262611693097,2.9812262611693097,2.326215864355464,2.958962190728765,2.958962190728765,2.958962190728765,2.958962190728765,2.958962190728765,2.963053854087235
T000108,6.370663420572124,6.370663420572124,6.370663420572124,3.619800554871383,3.619800554871383,5.524688464386454,4.90099343182438,4.90099343182438,5.607934477662726,5.607934477662726,5.607934477662726,5.607934477662726
T000109,20.250956402816538,20.250956402816538,20.250956402816538,20.250956402816538,22.901019801229076,13.743429024272814,16.504780462782502,18.109219875561354,18.109219875561354,18.109219875561354,18.109219875561354,18.109219875561354
T000110,1.2501855399028432,1.2207758040123544,1.2207758040123544,1.2207758040123544,1.2235666810358456,1.2235666810358456,1.2235666810358456,1.2391262760771704,1.2391262760771704,1.2391262760771704,1.2391262760771704,0.7154614147451942
T000111,0.6695342009620402,0.6695342009620402,0.5638637693760578,0.5798532977822589,0.5616043362369246,0.5389270231213873,0.5389270231213873,0.5847270558588332,0.5847270558588332,0.5847270558588332,0.5847270558588332,0.5828161722527607
T000112,2.3258008522838587,2.3258008522838587,2.3258008522838587,4.425158362840899,2.703231442688775,2.703231442688775,2.9426458574981327,2.9426458574981327,2.9426458574981327,2.9426458574981327,2.9426458574981327,2.0870142468706843
T000113,0.9403737981113965,0.9403737981113965,0.8118309815463363,0.7138100771458343,0.7138100771458343,0.7138100771458343,1.252883399127614,0.9283095453304202,0.9283095453304202,0.9283095453304202,0.9283095453304202,0.9283095453304202
T000114,1.992911615174032,1.992911615174032,1.992911615174032,0.7344018447518845,0.7344018447518845,0.7594441343888412,0.7594441343888412,0.7594441343888412,0.7594441343888412,0.40400996430624336,0.40400996430624336,1.0957428619437042
T000115,0.9475138121546961,0.9475138121546961,0.9475138121546961,1.0686782899830487,1.0686782899830487,0.4950910881113576,0.4950910881113576,1.3519727427777914,1.3519727427777914,1.3519727427777914,1.3519727427777914,1.6662040295952403
T000116,1.2045123235192228,1.2045123235192228,1.2045123235192228,1.2045123235192228,1.2045123235192228,1.2045123235192228,1.1678998346143719,1.1678998346143719,1.1678998346143719,1.1678998346143719,1.1678998346143719,1.051085269407405
T000117,0.8799361551194079,0.4396946987351871,0.4396946987351871,0.4396946987351871,0.4396946987351871,0.4396946987351871,0.3657964626197989,0.3551798256803533,0.3657964626197989,0.3551798256803533,0.3551798256803533,0.5013861265836891
T000118,1.3796130536587545,1.3796130536587545,1.3796130536587545,1.3796130536587545,1.3796130536587545,1.3796130536587545,1.3796130536587545,1.385501206976669,1.385501206976669,1.385501206976669,1.385501206976669,1.322461427719426
T000119,2.4724931368759036,2.4724931368759036,2.506863430687097,3.275314496568864,2.702120273336922,2.613610389205485,2.613610389205485,2.613610389205485,2.3956172257610744,2.3956172257610744,2.7828067751245973,1.6281852532961918
T000120,1.2298044217916921,1.0315695664411044,0.9311935158577429,0.9311935158577429,0.9311935158577429,0.9311935158577429,0.9311935158577429,0.9311935158577429,0.8903668703907709,0.8903668703907709,1.0843558063332615,0.9002310528420625
T000121,1.882017113936116,1.882017113936116,1.882017113936116,0.9766077155255934,0.8968997638837523,1.882017113936116,0.8968997638837523,0.8968997638837523,1.633007330055963,1.633007330055963,1.633007330055963,1.9186286523590999
T000122,0.9373519324227579,0.9373519324227579,0.9373519324227579,0.7433087899434024,0.7433087899434024,0.6982781536824191,0.7433087899434024,0.7181727441409023,0.7181727441409023,0.7159851657336582,0.7159851657336582,0.5280595173808722
T000123,1.3002808482683013,1.3002808482683013,0.6228494039905997,0.6208378426350875,0.5747123240162393,0.5650337479585167,0.5650337479585167,0.5650337479585167,0.5650337479585167,0.6688754997488021,0.6688754997488021,0.7049489260429149
T000124,0.6435331230283909,0.6435331230283909,0.5378843371138528,0.37132182112184553,0.5378843371138528,0.2649842271293377,0.3448860008099151,0.2649842271293377,0.2649842271293377,0.2649842271293377,0.2649842271293377,0.2649842271293377
T000125,1.5811518324607285,1.5811518324607285,1.5811518324607285,1.5811518324607285,1.5811518324607285,1.2410077829988526,1.2410077829988526,1.2410077829988526,1.2410077829988526,1.2410077829988526,1.2410077829988526,1.5811518324607285
T000126,2.5376884422110564,2.5376884422110564,2.5376884422110564,2.513949206999591,2.467449934919926,2.467449934919926,2.0296220081728276,2.1936531021950327,2.1936531021950327,2.1936531021950327,2.2225754331294976,1.9456096806504215
T000127,1.1694684562096325,1.1694684562096325,0.7217539356463364,0.8212037011347288,0.9667260010610366,0.4844797905005111,0.4844797905005111,0.4844797905005111,0.4844797905005111,0.4844797905005111,0.4844797905005111,1.0111156808045676
T000128,0.8074691266180627,0.8074691266180627,0.9122638029273522,0.9122638029273522,0.8554328744078814,0.9123773508179842,0.9146034353170809,0.9123773508179842,0.9123773508179842,0.9123773508179842,0.9123773508179842,0.7770974093851215
T000129,6.331837127284381,6.331837127284381,6.331837127284381,4.542049125247734,4.542049125247734,4.285993804695556,4.770273909671352,4.770273909671352,4.770273909671352,4.770273909671352,4.770273909671352,5.683870241856809
T000130,1.327743346700692,1.327743346700692,1.327743346700692,1.327743346700692,0.36393919618898085,0.2709258844290564,2.230247908364776,2.230247908364776,2.230247908364776,2.230247908364776,0.2709258844290564,0.29343884826638134
T000131,0.17978051099892248,0.028313833850140357,0.009604707345817148,0.025022665835261856,0.01291137468244972,0.025022665835261856,0.010707721076749513,0.010707721076749513,0.010707721076749513,0.010707721076749513,0.010707721076749513,0.02794935262175597
T000132,0.39191501767561426,0.39191501767561426,0.39191501767561426,0.39191501767561426,0.39191501767561426,0.39191501767561426,0.4434335568012989,0.4434335568012989,0.4434335568012989,0.4434335568012989,0.4434335568012989,0.7187315419190748
T000133,1.241938539724358,1.241938539724358,1.241938539724358,1.241938539724358,0.9731018363260564,0.9731018363260564,0.9731018363260564,0.9731018363260564,0.9731018363260564,0.9731018363260564,0.9731018363260564,0.6354007259549318
T000134,2.294726165203304,2.294726165203304,2.294726165203304,2.294726165203304,2.2746443890367503,2.163258386159866,2.238519405731585,2.7087250959113076,2.7087250959113076,2.7087250959113076,2.5677158881690243,2.187804070960121
T000135,2.48709315375982,2.48709315375982,2.48709315375982,2.1997878176648933,1.6638706425179386,1.6638706425179386,1.7078038434950549,1.6638706425179386,1.6638706425179386,1.6638706425179386,1.6638706425179386,2.921903532761966
T000136,1.5790363482671137,1.5790363482671137,1.5790363482671137,0.5382948132202703,0.24770020733444967,0.24770020733444967,0.24770020733444967,0.24770020733444967,0.24770020733444967,0.24770020733444967,0.24770020733444967,0.5251648969834649
T000137,2.956230796020328,2.956230796020328,2.956230796020328,3.3209194519937046,3.3209194519937046,3.3209194519937046,3.572563001032666,3.572563001032666,3.572563001032666,3.572563001032666,3.572563001032666,2.4509811076834636
T000138,3.0805793303717612,3.0805793303717612,3.0805793303717612,2.9217958998541116,2.9217958998541116,3.7350028883403104,3.7350028883403104,2.9217958998541116,3.5260417007348224,3.5260417007348224,3.5260417007348224,3.5260417007348224
T000139,1.915022603970142,1.915022603970142,1.915022603970142,1.915022603970142,1.915022603970142,1.5771312778711157,1.942387580197624,1.942387580197624,1.942387580197624,2.0156378530830263,2.0156378530830263,2.048501324521167
T000140,0.9649140099811315,0.9649140099811315,0.9649140099811315,0.9683176002516931,0.9683176002516931,0.9651586541864995,0.9651586541864995,0.9651586541864995,1.2429008703293523,0.9651586541864995,0.9651586541864995,1.254051650605118
T000141,1.8925816020294521,2.5781593440586157,2.6276598268259663,2.3048141353432903,2.3786368794923094,2.3786368794923094,2.445165402417854,2.332190762503391,2.44384569606416,2.44384569606416,2.44384569606416,2.157658961465039
T000142,2.36012078225595,2.36012078225595,2.36012078225595,2.36012078225595,2.36012078225595,2.36012078225595,2.36012078225595,2.3975350671613254,2.3975350671613254,2.3975350671613254,2.3975350671613254,2.226479457537281
T000143,1.801923681125899,1.801923681125899,2.3726906818889724,2.4578812373650947,3.283060720058174,2.4578812373650947,2.5317451687863577,2.5317451687863577,2.6511743587197443,2.6511743587197443,2.6511743587197443,2.3168332497510757
T000144,1.8977015110229554,1.8977015110229554,1.6233132675682096,2.324211944318039,2.162134487328531,2.681404582497574,2.681404582497574,2.549884369789243,2.549884369789243,2.549884369789243,2.549884369789243,1.6233132675682096
T000145,1.3677051037307466,1.3677051037307466,1.3677051037307466,1.3677051037307466,1.7348027143595592,1.7348027143595592,1.7348027143595592,1.7348027143595592,1.7348027143595592,1.7348027143595592,1.7348027143595592,0.7842286551902926
T000146,1.573659772055715,1.573659772055715,1.573659772055715,0.5313733600162152,0.2430042137264933,0.2430042137264933,0.2430042137264933,0.2430042137264933,0.2430042137264933,0.2430042137264933,0.2430042137264933,0.5205973623532972
T000147,0.7211848036059229,0.7211848036059229,0.7211848036059229,0.30357377613307435,0.21116614759111405,0.20669986826493122,0.20669986826493122,0.20669986826493122,0.14516640132591221,0.14516640132591221,0.14516640132591221,0.6397099687252276
T000148,1.290428197738416,1.290428197738416,1.290428197738416,0.30262442253649463,0.20884834913640743,0.30262442253649463,0.30262442253649463,0.30262442253649463,0.30262442253649463,0.30262442253649463,0.30262442253649463,0.5578728045781481
T000149,1.0353813127537366,1.0353813127537366,0.5615359203713868,0.5615359203713868,0.6613888456647378,0.23249015392401493,0.23249015392401493,0.14456772747893898,0.15239772043981978,0.1678720179882366,0.1678720179882366,0.505158197777284
T000150,0.8151631803692851,0.8151631803692851,0.8151631803692851,0.8151631803692851,0.8151631803692851,0.8151631803692851,0.8151631803692851,0.8151631803692851,0.8151631803692851,0.8151631803692851,0.8151631803692851,1.471923712519796
T000151,0.35841021188352795,0.35841021188352795,0.7444491385431782,0.7444491385431782,0.26105299290224127,0.3506649572340531,0.4119447958905216,0.4119447958905216,0.4119447958905216,0.4119447958905216,0.4119447958905216,0.657871758107422
T000152,1.0932534283746915,1.0932534283746915,1.0932534283746915,1.0932534283746915,1.0932534283746915,1.0932534283746915,0.733482698495763,0.733482698495763,0.733482698495763,0.733482698495763,0.733482698495763,0.733482698495763
T000153,2.076004852336874,2.076004852336874,2.3182415723713485,2.076004852336874,2.2739195160369143,2.2739195160369143,1.4303675573409271,2.2739195160369143,2.2739195160369143,2.2739195160369143,1.4303675573409271,2.2739195160369143
T000154,1.997706422018352,1.997706422018352,1.997706422018352,2.490396039798112,2.328073926714217,2.518634566571648,2.328073926714217,2.328073926714217,2.328073926714217,2.328073926714217,2.328073926714217,2.091376485269297
T000155,1.1772892295280366,1.1772892295280366,1.1772892295280366,1.1772892295280366,1.919366975206998,1.9943986481224139,1.0665984175049819,1.0665984175049819,2.2830565917013232,2.2830565917013232,2.2830565917013232,2.0490336077907183
T000156,2.5376884422110564,2.5376884422110564,2.5376884422110564,2.513949206999591,2.467449934919926,2.467449934919926,2.0296220081728276,2.1936531021950327,2.1936531021950327,2.1936531021950327,2.2225754331294976,1.9456096806504215
T000157,2.034941131788834,2.034941131788834,2.034941131788834,1.4353258509489148,1.4353258509489148,1.3901846836667402,1.3901846836667402,1.3901846836667402,1.373056153028051,1.373056153028051,1.373056153028051,1.2180034312283867
T000158,2.282020444978953,2.282020444978953,2.282020444978953,2.141182650466247,2.141182650466247,2.141182650466247,2.168201527499616,2.168201527499616,2.168201527499616,2.168201527499616,2.168201527499616,1.7708955551534356
T000159,0.29190064372326,0.597090255416753,0.597090255416753,0.6194220414332455,0.19381534276964638,0.3041161494280626,0.3424961169027145,0.3041161494280626,0.3041161494280626,0.3041161494280626,0.3041161494280626,0.25859334861140654
T000160,1.2300551531061399,1.712133038956752,1.2300551531061399,2.2162814274620457,2.2162814274620457,2.2162814274620457,2.034308352248776,2.034308352248776,2.034308352248776,2.034308352248776,2.034308352248776,0.9160595502058909
T000161,0.33330148556506184,0.33330148556506184,0.9751812000862864,0.7264584149512954,0.9751812000862864,0.9746519249061074,0.9684682208078309,0.9684682208078309,0.9154380295670957,0.9154380295670957,0.9154380295670957,0.7417243314007717
T000162,1.0717703349282297,1.0717703349282297,1.0717703349282297,0.858966508192108,0.9303220912417245,0.9303220912417245,1.0323081570761186,1.0323081570761186,1.0323081570761186,1.0323081570761186,0.9303220912417245,1.098190977131704
T000163,1.5435684647302905,1.5435684647302905,1.5435684647302905,1.574982056375663,1.574982056375663,1.574982056375663,1.574982056375663,1.574982056375663,0.9368002663028457,0.9368002663028457,0.9368002663028457,1.6141564723843211
T000164,2.4069103584988234,2.4069103584988234,2.4069103584988234,2.4069103584988234,2.4069103584988234,0.9719021851897337,0.8191009218278438,0.8191009218278438,0.8191009218278438,1.053036094049734,1.053036094049734,1.053036094049734
T000165,1.122443037585178,1.122443037585178,1.122443037585178,0.7721204926561168,0.9689093510039052,0.8446868691908751,0.8232617206586327,0.8232617206586327,0.8232617206586327,0.8232617206586327,0.8525828075725418,1.0061296026267872
T000166,0.26620095840375696,0.26620095840375696,0.26620095840375696,0.26620095840375696,0.5358600968784681,0.36770121167874814,0.6519217515888907,0.29800189379589526,0.29800189379589526,0.29800189379589526,0.29800189379589526,0.41349291174050384
T000167,4.438452657604523,2.7624309392265194,2.7624309392265194,2.328215459808079,2.2249808210826774,1.4624769551774575,1.893332861841743,2.078226519131963,0.34488067553826185,0.6345953048268403,0.6345953048268403,5.165722618724513
T000168,1.1464863483610939,1.1464863483610939,1.1464863483610939,1.1464863483610939,1.1464863483610939,1.1464863483610939,1.058861325789724,1.058861325789724,1.058861325789724,1.6191047916661327,1.6191047916661327,1.1774928371426052
T000169,2.8669354838710106,2.8669354838710106,0.9798387096774132,0.9798387096774132,0.9798387096774132,0.9798387096774132,0.9798387096774132,1.305701808091135,1.305701808091135,1.305701808091135,1.305701808091135,2.8669354838710106
T000170,0.43814652762187617,0.43814652762187617,0.2343124165554054,0.43814652762187617,0.43814652762187617,0.2343124165554054,0.2343124165554054,0.2343124165554054,0.2251619701137696,0.2251619701137696,0.2251619701137696,0.2343124165554054
T000171,0.43239942502948514,0.43239942502948514,0.15676229508196704,0.43239942502948514,0.43239942502948514,0.15676229508196704,0.15676229508196704,0.15676229508196704,0.15676229508196704,0.15676229508196704,0.15676229508196704,0.41739486652912067
T000172,0.16331041053215575,0.16331041053215575,0.09825359650744245,0.16331041053215575,0.09596456692913032,0.09596456692913032,0.09596456692913032,0.09825359650744245,0.09825359650744245,0.09825359650744245,0.09825359650744245,0.07327979316407734
T000173,4.268032705152162,3.523121697233765,3.523121697233765,3.523121697233765,3.608668315538532,3.608668315538532,3.608668315538532,3.608668315538532,3.608668315538532,3.278756307117779,4.030237103593174,4.030237103593174
T000174,7.786216119839373,7.786216119839373,7.786216119839373,7.786216119839373,7.58145490829682,7.632367387449403,7.4942238948522855,7.4942238948522855,7.4942238948522855,7.4942238948522855,7.491576933203905,7.838298655811926
T000175,0.5490113254180212,0.5490113254180212,0.5490113254180212,0.5490113254180212,0.5490113254180212,0.5490113254180212,0.5490113254180212,0.5490113254180212,0.5791396751063854,0.5490113254180212,0.548930972271501,0.642621635999116
T000176,3.4823529411764707,0.29633758117762277,0.29633758117762277,0.28748836460387744,0.28748836460387744,0.28748836460387744,0.28748836460387744,0.63834090069836,0.7492150770806228,0.7492150770806228,0.7492150770806228,0.7492150770806228
T000177,9.389188920165088,9.389188920165088,9.389188920165088,9.389188920165088,9.389188920165088,9.389188920165088,9.078599379733172,9.078599379733172,9.190486787207014,9.078599379733172,9.078599379733172,9.068401592718999
T000178,0.3497213060477884,0.3497213060477884,0.9000688099394647,0.9000688099394647,0.17371948923795932,0.8436300374996163,0.8436300374996163,0.8436300374996163,0.8436300374996163,0.8436300374996163,0.8436300374996163,0.21821687854354507
T000179,0.6880072810584575,0.6880072810584575,0.6880072810584575,0.6880072810584575,0.6292572346786963,0.5372987870782342,0.5372987870782342,0.5372987870782342,0.5372987870782342,0.6310592537537111,0.6310592537537111,0.46682678284588325
T000180,1.0399492828656782,1.0399492828656782,0.31774300920491483,1.0298034730323833,1.0298034730323833,0.33091956750697743,0.33091956750697743,0.26533382042066306,0.26533382042066306,0.26533382042066306,0.26533382042066306,0.30437429720337933
T000181,6.865671641791043,6.865671641791043,2.4827283334702903,2.4827283334702903,1.6427920208899276,6.19788466165226,1.963732556244441,1.963732556244441,3.1484120906686406,3.1484120906686406,3.1484120906686406,6.865671641791043
T000182,2.9634175628830492,2.015056169925832,1.9997041256937016,1.9997041256937016,2.449211594414844,2.449211594414844,2.449211594414844,2.449211594414844,2.449211594414844,2.449211594414844,2.878722765277934,1.1257446825183652
T000183,2.6268207747386922,2.6268207747386922,2.6268207747386922,2.6268207747386922,2.6268207747386922,2.6268207747386922,2.6268207747386922,2.2148847065768815,3.064683303759378,3.064683303759378,3.064683303759378,3.1887052297225904
T000184,4.377358490566038,4.377358490566038,2.9135958125620225,2.9135958125620225,2.9135958125620225,3.4354639115740593,3.4354639115740593,3.4354639115740593,3.4354639115740593,3.4354639115740593,3.4354639115740593,4.598790645346755
T000185,0.5195067914572123,0.5195067914572123,0.6037003687934049,0.5195067914572123,1.141379626489611,0.5195067914572123,1.2291871303844522,1.2291871303844522,0.4986139398516794,1.2291871303844522,1.2291871303844522,1.0278058739902634
T000186,0.40322267056131317,0.40322267056131317,0.40322267056131317,0.39534883720930497,0.39534883720930497,0.39534883720930497,0.39534883720930497,0.4265578030060148,0.4746694656987899,0.4746694656987899,0.4746694656987899,0.39534883720930497
T000187,0.8624999999999995,0.8624999999999995,1.166473925707478,1.166473925707478,1.166473925707478,0.58692958630476,0.58692958630476,0.58692958630476,0.58692958630476,0.58692958630476,0.58692958630476,1.1510145524691529
T000188,1.2014134275618378,1.2014134275618378,1.2014134275618378,0.9567122336208935,0.9567122336208935,0.9567122336208935,0.9567122336208935,0.9567122336208935,0.9567122336208935,0.9567122336208935,0.9567122336208935,0.9778034288587772
T000189,0.7779240354165784,0.7779240354165784,0.7779240354165784,0.7779240354165784,0.895522388059704,0.895522388059704,0.9156471990998208,0.7933005779305877,0.7933005779305877,0.7933005779305877,0.7933005779305877,0.9731533478407305
T000190,0.1959569752044091,0.1959569752044091,0.1959569752044091,0.1959569752044091,0.12935323383084577,0.1897861707555092,0.23655017747827958,0.1897861707555092,0.23655017747827958,0.23655017747827958,0.23655017747827958,0.8341767067308061
T000191,0.9508196721311475,0.9508196721311475,0.9508196721311475,0.9508196721311475,0.9508196721311475,0.7228132737478193,0.7228132737478193,0.7228132737478193,0.7281511036734452,0.7281511036734452,0.7281511036734452,0.9508196721311475
T000192,2.0963675517346227,2.0963675517346227,2.111483151441285,2.2709176797647945,2.2709176797647945,2.2709176797647945,2.0877853402883755,2.0416244705384647,2.0416244705384647,2.0416244705384647,2.0877853402883755,1.606185702351176
T000193,4.025865773653879,4.055500495540138,2.7002943497339778,2.7002943497339778,2.7002943497339778,2.7002943497339778,2.7002943497339778,2.7002943497339778,2.7002943497339778,2.7002943497339778,2.7002943497339778,3.325295526626152
T000194,1.927828868237866,1.927828868237866,1.927828868237866,1.927828868237866,2.290537323188022,2.5952232614933504,1.65055949269126,2.540162415183475,2.540162415183475,2.540162415183475,2.540162415183475,1.0770485639197906
T000195,3.3396877141963652,3.3396877141963652,3.3396877141963652,2.363632831777109,2.363632831777109,2.363632831777109,2.339333330660919,2.339333330660919,2.339333330660919,2.339333330660919,2.339333330660919,2.9790259696094403
T000196,1.5948148932136668,1.5299428050902424,1.5948148932136668,1.5948148932136668,1.5420840988673041,1.6084969744866597,1.6084969744866597,1.6084969744866597,1.6084969744866597,1.6084969744866597,1.567510690264617,1.7577447258921177
T000197,1.7633587786259544,1.7633587786259544,1.7108630461035574,1.600593441480177,1.600593441480177,1.8203589026771534,2.0210441030998703,2.0210441030998703,2.0210441030998703,2.0210441030998703,2.0210441030998703,1.792746126193506
T000198,3.115665584415581,3.115665584415581,3.115665584415581,3.115665584415581,1.8918384221915119,1.8918384221915119,1.8918384221915119,1.8918384221915119,2.3309243207702823,2.3309243207702823,2.3309243207702823,2.3309243207702823
T000199,8.719341354319928,10.022927675302636,10.022927675302636,10.022927675302636,10.022927675302636,10.022927675302636,9.356248462916604,9.356248462916604,9.356248462916604,9.356248462916604,9.356248462916604,9.580707972391478
T000200,9.302492875927765,2.7745317668786265,1.2195882365159447,1.2195882365159447,1.2195882365159447,3.7641677134853575,3.7641677134853575,3.7641677134853575,4.53689245009338,3.7641677134853575,3.7641677134853575,0.7680191827598722
T000201,2.0463313147266655,2.0463313147266655,1.9584799216958957,1.3492177508583045,1.3048250457796011,1.3048250457796011,1.3382786615163347,1.4024301477730299,1.4024301477730299,1.4024301477730299,1.4024301477730299,1.214296478001043
T000202,1.891185208147134,0.9812499999999998,0.9811316960921193,0.9811316960921193,0.9811316960921193,0.9640503695174951,0.9640503695174951,0.9640503695174951,0.9026403276253716,0.9026403276253716,0.9026403276253716,1.3273397228107933
