MetaARIMA(0.0),MetaARIMA(0.1),MetaARIMA(0.2),MetaARIMA(0.3),MetaARIMA(0.4),MetaARIMA(0.5),MetaARIMA(0.6),MetaARIMA(0.7),MetaARIMA(0.8),MetaARIMA(0.9),MetaARIMA(1.0),unique_id,AutoARIMA
0.0608940421004655,0.0608940421004655,0.0608940421004655,0.0608940421004655,0.0608940421004655,0.0855409818377526,0.088564510546466,0.0596947398255388,0.0596947398255388,0.0596947398255388,0.0596947398255388,"Tourism,Monthly,m101",0.1118381727154895
0.0774289395248077,0.0622797479060753,0.0622797479060753,0.0622797479060753,0.0699691319256399,0.0699691319256399,0.0578664816996732,0.0582330299897356,0.0582330299897356,0.0582330299897356,0.0582330299897356,"Tourism,Monthly,m100",0.2483116404519458
0.092863855897043,0.092863855897043,0.092863855897043,0.092863855897043,0.0633748366769825,0.0603041222273055,0.0590370808069229,0.0590370808069229,0.0603041222273055,0.0603041222273055,0.0603041222273055,"Tourism,Monthly,m102",0.1723376770226874
0.0977271795727568,0.0977271795727568,0.0977271795727568,0.0977271795727568,0.1086346136746247,0.0972529803990115,0.0972529803990115,0.0970116883510596,0.0970116883510596,0.0970116883510596,0.0970116883510596,"Tourism,Monthly,m112",0.1241294186236666
0.1259077129742317,0.1259077129742317,0.1147876238417317,0.1147876238417317,0.1256186223332449,0.1252739777583013,0.1261792758580606,0.1261792758580606,0.1261792758580606,0.1261792758580606,0.1261792758580606,"Tourism,Monthly,m111",0.1510549681544746
0.0621514832275705,0.1099795016247578,0.0661063621370676,0.0661063621370676,0.0661063621370676,0.0443384892946143,0.0443384892946143,0.0443384892946143,0.0443384892946143,0.0443384892946143,0.0443384892946143,"Tourism,Monthly,m115",0.0704018762917861
0.0411526825662131,0.0676110014870053,0.0534005038415927,0.0411526825662131,0.0411526825662131,0.0411526825662131,0.0676110014870053,0.0676110014870053,0.0415384457532312,0.0415384457532312,0.0415384457532312,"Tourism,Monthly,m108",0.0789556069770462
0.0697047294447491,0.0697047294447491,0.068230670810108,0.0697047294447491,0.068230670810108,0.068230670810108,0.0681690171713375,0.0681690171713375,0.101528693051805,0.101528693051805,0.101528693051805,"Tourism,Monthly,m125",0.2134299710655178
0.0266007682802583,0.0266767486089516,0.0266767486089516,0.0266767486089516,0.0266767486089516,0.0266767486089516,0.0175952613340651,0.0263591835050954,0.0263591835050954,0.0263591835050954,0.0263591835050954,"Tourism,Monthly,m13",0.0358045427921557
0.0778692534597658,0.0778692534597658,0.0778692534597658,0.0778692534597658,0.0778692534597658,0.0823608956792881,0.0823608956792881,0.0823608956792881,0.0823608956792881,0.0823608956792881,0.0823608956792881,"Tourism,Monthly,m157",0.1412574799717675
0.0528097339483251,0.0528097339483251,0.0528097339483251,0.0528097339483251,0.0528097339483251,0.0528097339483251,0.0528097339483251,0.0511673473410695,0.0511673473410695,0.0511673473410695,0.0511673473410695,"Tourism,Monthly,m159",0.1108118385694759
0.0399583653323087,0.0399583653323087,0.0399583653323087,0.0399583653323087,0.0399583653323087,0.0399583653323087,0.0399583653323087,0.0399583653323087,0.0399583653323087,0.0399583653323087,0.0399583653323087,"Tourism,Monthly,m16",0.0464782435550344
0.1331870590474594,0.1331870590474594,0.1331870590474594,0.1331870590474594,0.1339537710695054,0.1316329815180564,0.1318388344062229,0.1318388344062229,0.1318388344062229,0.1318388344062229,0.1318388344062229,"Tourism,Monthly,m168",0.147742776955156
0.055302033063178,0.055302033063178,0.055302033063178,0.055302033063178,0.055302033063178,0.055302033063178,0.055302033063178,0.0552549129871855,0.0552549129871855,0.0552549129871855,0.0552549129871855,"Tourism,Monthly,m173",0.0973694814925175
0.1036475334758205,0.1036475334758205,0.1036475334758205,0.1036475334758205,0.1036475334758205,0.1036475334758205,0.1036475334758205,0.1036475334758205,0.1036475334758205,0.1036475334758205,0.1036475334758205,"Tourism,Monthly,m179",0.2281530807632237
0.0789215669129353,0.0789215669129353,0.0789215669129353,0.0789215669129353,0.0789215669129353,0.0789215669129353,0.0789215669129353,0.0789215669129353,0.043848834559199,0.043848834559199,0.0374340851397735,"Tourism,Monthly,m182",0.105397050658681
0.0284646395136503,0.0284646395136503,0.0284646395136503,0.0284646395136503,0.0284646395136503,0.0295208442302545,0.0289602204631292,0.0289602204631292,0.0289602204631292,0.0289602204631292,0.0289602204631292,"Tourism,Monthly,m187",0.0991706098575118
0.0755035228243884,0.0755035228243884,0.0755035228243884,0.0755035228243884,0.0755035228243884,0.0755035228243884,0.0755817606202081,0.0755817606202081,0.0755817606202081,0.0755817606202081,0.0755817606202081,"Tourism,Monthly,m190",0.0940805551642854
0.0458623345457862,0.0917794474471628,0.0917794474471628,0.0917794474471628,0.0917794474471628,0.0917794474471628,0.0917794474471628,0.0917794474471628,0.0917794474471628,0.0917794474471628,0.0917794474471628,"Tourism,Monthly,m193",0.1509585145615421
0.0767960328209751,0.0767960328209751,0.0767960328209751,0.0767960328209751,0.0767960328209751,0.0767960328209751,0.0759563319107421,0.0759563319107421,0.0759563319107421,0.0759563319107421,0.0759563319107421,"Tourism,Monthly,m204",0.1219690816094918
0.061684690233683,0.061684690233683,0.061684690233683,0.061684690233683,0.061684690233683,0.0624784496438039,0.0618718112021355,0.0618718112021355,0.0618718112021355,0.0618718112021355,0.0618718112021355,"Tourism,Monthly,m207",0.1174473232549277
0.0527539725933477,0.0527539725933477,0.0527539725933477,0.0527539725933477,0.0527539725933477,0.0562494659736384,0.0575337499202165,0.0579170578684034,0.0579170578684034,0.0579170578684034,0.0579170578684034,"Tourism,Monthly,m211",0.1303003190220931
0.0216817920927757,0.0216817920927757,0.021193519062631,0.021193519062631,0.018959798092919,0.018959798092919,0.018959798092919,0.018959798092919,0.0194122055232343,0.0194122055232343,0.0194122055232343,"Tourism,Monthly,m212",0.1569861357841398
0.0547737707474959,0.054792672743869,0.054770060338706,0.054770060338706,0.054770060338706,0.054770060338706,0.054770060338706,0.0514406537499749,0.0514406537499749,0.054547212697544,0.054547212697544,"Tourism,Monthly,m210",0.1076330874483597
0.1396033569332046,0.1396033569332046,0.1396033569332046,0.1396033569332046,0.1396033569332046,0.1396033569332046,0.1326537872022111,0.1326537872022111,0.1339672927666848,0.1339672927666848,0.1339672927666848,"Tourism,Monthly,m215",0.1351041832303084
0.057691717736827,0.057691717736827,0.057691717736827,0.057691717736827,0.0513435260797462,0.0513435260797462,0.0513435260797462,0.0565433895637532,0.0565433895637532,0.0565433895637532,0.0572222076296049,"Tourism,Monthly,m217",0.1227908258227442
0.0984694367403555,0.1009899330695087,0.1009899330695087,0.1009899330695087,0.1009899330695087,0.1009899330695087,0.1255933095738768,0.1255933095738768,0.1328135626704771,0.1328135626704771,0.1299804205803284,"Tourism,Monthly,m230",0.1432086580445485
0.0480248730107907,0.0574164871284476,0.0574164871284476,0.0472110146522457,0.0483220650389566,0.0472110146522457,0.0696323417369169,0.0712694974967577,0.0682430204261609,0.0712694974967577,0.0712694974967577,"Tourism,Monthly,m231",0.1040955231666266
0.1126769991639153,0.1126769991639153,0.1126769991639153,0.1126769991639153,0.1126769991639153,0.1126769991639153,0.0756570196635957,0.0756570196635957,0.0756570196635957,0.0756570196635957,0.0756570196635957,"Tourism,Monthly,m234",0.1381443234278876
0.1072762784763905,0.1072762784763905,0.1085512445864335,0.1085512445864335,0.1071147012904186,0.1072654838243305,0.1105464592325658,0.0937505535516989,0.0937505535516989,0.0937505535516989,0.0937505535516989,"Tourism,Monthly,m242",0.316054442141519
0.1596573050429332,0.1596573050429332,0.160336598459767,0.160336598459767,0.160336598459767,0.160336598459767,0.1592764266566251,0.1592764266566251,0.1592028407793771,0.1603796475901316,0.1603796475901316,"Tourism,Monthly,m245",0.2036766854185029
0.1144421979532872,0.1144421979532872,0.1144421979532872,0.1144421979532872,0.1144421979532872,0.1144421979532872,0.1144421979532872,0.1144421979532872,0.0647195530370506,0.0614527712743561,0.0614527712743561,"Tourism,Monthly,m251",0.1605357734152747
0.0875442357363558,0.0875442357363558,0.0950631151260923,0.0950631151260923,0.0950631151260923,0.0950631151260923,0.0950631151260923,0.1022686008531965,0.1022686008531965,0.0961834849524117,0.0961834849524117,"Tourism,Monthly,m253",0.1714440839815258
0.1819471772066388,0.1819471772066388,0.1854044459165317,0.1854044459165317,0.1854044459165317,0.1854044459165317,0.1799629323070179,0.1799629323070179,0.1799629323070179,0.1799629323070179,0.1799629323070179,"Tourism,Monthly,m255",0.2455801271383214
0.2104520272346883,0.2146647907714989,0.2146647907714989,0.2114170895649823,0.2146647907714989,0.2146647907714989,0.2129608354920545,0.2129608354920545,0.2129608354920545,0.2129608354920545,0.2129608354920545,"Tourism,Monthly,m254",0.2190850805679138
0.0768218490660171,0.0496338894407399,0.0496338894407399,0.0496338894407399,0.0496338894407399,0.0496338894407399,0.0496338894407399,0.0528856568791354,0.0528856568791354,0.0528856568791354,0.0528856568791354,"Tourism,Monthly,m261",0.0934028865203874
0.1597311184057225,0.1597311184057225,0.15964969565995,0.1581907133560315,0.1581907133560315,0.1581907133560315,0.1588425995646555,0.1574693758444847,0.1574693758444847,0.1574693758444847,0.1574693758444847,"Tourism,Monthly,m267",0.1495710152294382
0.0634862533857461,0.0634862533857461,0.0520656983358059,0.0616862771411238,0.0346851717403194,0.0424920619346603,0.0453576487104161,0.0446419803433743,0.0446419803433743,0.0446419803433743,0.0446419803433743,"Tourism,Monthly,m27",0.0799446152166979
0.080274365395904,0.080274365395904,0.080274365395904,0.080274365395904,0.080274365395904,0.080274365395904,0.080274365395904,0.0805488969696062,0.0805488969696062,0.0805488969696062,0.0805488969696062,"Tourism,Monthly,m282",0.1274411363413493
0.053549949920069,0.0537972365699955,0.0537972365699955,0.0537972365699955,0.053168655576866,0.053168655576866,0.053168655576866,0.053168655576866,0.053168655576866,0.053168655576866,0.053168655576866,"Tourism,Monthly,m285",0.3851627135514421
0.1152161627383239,0.1152161627383239,0.1152161627383239,0.1152161627383239,0.1152161627383239,0.1152161627383239,0.1161160165915664,0.113866410411035,0.113866410411035,0.1157125834450337,0.1151508288895809,"Tourism,Monthly,m287",0.1533101547374017
0.0211196370121214,0.0211196370121214,0.0211196370121214,0.0211196370121214,0.0211196370121214,0.0211196370121214,0.0211196370121214,0.0222239410622631,0.0222239410622631,0.0222239410622631,0.0222239410622631,"Tourism,Monthly,m3",0.0411751681271559
0.6519293518951894,0.2765615431649411,0.2765615431649411,0.2765615431649411,0.112597514990934,0.1138264416247753,0.1179077019023708,0.1128070629240529,0.1108900198876979,0.1108900198876979,0.1108900198876979,"Tourism,Monthly,m300",0.1464604134281366
0.4553227485820281,0.1594125647514832,0.1476320846120072,0.1594125647514832,0.1594125647514832,0.1594125647514832,0.1594125647514832,0.1378228382333534,0.1594125647514832,0.1594125647514832,0.1594125647514832,"Tourism,Monthly,m307",0.3613948184380269
0.1554762841721174,0.1554762841721174,0.1554762841721174,0.1554762841721174,0.1554762841721174,0.1555214954376992,0.1552382063077656,0.1566830799283035,0.1566830799283035,0.1566830799283035,0.1566830799283035,"Tourism,Monthly,m312",0.1709360015092188
0.141523481739012,0.141523481739012,0.141523481739012,0.141523481739012,0.141523481739012,0.141523481739012,0.1431789545349925,0.1432711625824341,0.1432711625824341,0.1432711625824341,0.1452550117668564,"Tourism,Monthly,m313",0.1584807889083162
0.0348018869787689,0.0348018869787689,0.0348018869787689,0.037545022788154,0.0351543288227374,,,,,,,"Tourism,Monthly,m32",0.3090233951588397
0.0288727020297977,0.0288727020297977,0.0438316889757373,0.0438316889757373,0.0331605842938631,0.0331605842938631,0.0347642364949919,0.0305122098510399,0.0305122098510399,0.0305122098510399,0.0305122098510399,"Tourism,Monthly,m320",0.3431369714803118
0.094423820344714,0.094423820344714,0.0932661837503188,0.0932661837503188,0.0932661837503188,0.0931317676469759,0.0930292214501632,0.0930292214501632,0.0930292214501632,0.0930292214501632,0.0930292214501632,"Tourism,Monthly,m323",0.1163557086595451
0.09647489740669,0.09647489740669,0.09647489740669,0.09647489740669,0.09647489740669,0.0959344614287549,0.0958564913268935,0.0958564913268935,0.0958564913268935,0.0958564913268935,0.0958564913268935,"Tourism,Monthly,m322",0.1460255953257872
0.5728439774927662,0.0398877737806382,0.029574963190389,0.0346988473179318,0.0346988473179318,0.0346988473179318,0.0346988473179318,0.0346988473179318,0.0346988473179318,0.0346988473179318,0.0346988473179318,"Tourism,Monthly,m329",0.1299549802254245
0.1083112484881777,0.1083112484881777,0.1083112484881777,0.1116525174858949,0.1116525174858949,0.1086760825781465,0.1066299884645251,0.1066299884645251,0.1066299884645251,0.1066299884645251,0.1066299884645251,"Tourism,Monthly,m342",0.1072963826243232
0.0515267788187142,0.0523852994993417,0.0523852994993417,0.0508871897369816,0.0505869969009014,0.0523852994993417,0.0523852994993417,0.0398501907070402,0.0410108482933787,0.0410108482933787,0.0410108482933787,"Tourism,Monthly,m344",0.0746226733087206
0.0348737777332559,0.0350480393286099,0.0350480393286099,0.0350480393286099,0.0350281870576015,0.0383363592711121,0.0363850651949148,0.0363850651949148,0.0363850651949148,0.0363850651949148,0.0363850651949148,"Tourism,Monthly,m345",0.0791530422160283
0.1095086215636619,0.1095086215636619,0.1057679066354818,0.1070582881945704,0.1181434636580223,0.0979399500753722,0.0991091811807128,0.0991091811807128,0.0991091811807128,0.0991091811807128,0.0991091811807128,"Tourism,Monthly,m343",0.1030353519194107
0.033326679256013,0.033326679256013,0.033326679256013,0.033326679256013,0.033326679256013,0.033326679256013,0.0270207455831072,0.0270207455831072,0.0270207455831072,0.0284631901937321,0.0265572850925732,"Tourism,Monthly,m35",0.0680923293181613
0.013950284343066,0.013950284343066,0.013950284343066,0.0139069585389218,0.0139069585389218,0.0115403980234538,0.0115403980234538,0.0115403980234538,0.0115403980234538,0.0115403980234538,0.0115403980234538,"Tourism,Monthly,m354",0.1153831796720542
0.0373773540873954,0.0373773540873954,0.0373773540873954,0.0381060558100126,0.0380869952191454,0.0380869952191454,0.0380869952191454,0.0380869952191454,0.0380869952191454,0.0380869952191454,0.0448576964177739,"Tourism,Monthly,m353",0.038104727984506
0.1268514606272028,0.1268514606272028,0.1182905340684902,0.1265119033864677,0.0986644297126928,0.1035179316094221,0.0986644297126928,0.0995735207039789,0.1035179316094221,0.1112165864818967,0.1112165864818967,"Tourism,Monthly,m359",0.556132757257617
0.0930095852329103,0.0809850448859123,0.0809850448859123,0.0809850448859123,0.1105434901779424,0.1018752113870941,0.1018752113870941,0.1018752113870941,0.1018752113870941,0.1018752113870941,0.1018752113870941,"Tourism,Monthly,m358",0.1925319093921648
0.1311392576616303,0.1373356204748561,0.1373356204748561,0.1311392576616303,0.1311392576616303,0.1311392576616303,0.1224092091434646,0.1265174000818155,0.1265174000818155,0.1265174000818155,0.1265174000818155,"Tourism,Monthly,m366",0.2676852031627055
0.1405483043072793,0.1031723545964295,0.1386201407876396,0.1386201407876396,0.1175578622011106,0.1026315925596371,0.1026315925596371,0.0867746201310051,0.0975772756646498,0.0975772756646498,0.0992905622806338,"Tourism,Monthly,m42",0.1984315206096536
0.0786327011175507,0.0786327011175507,0.0786327011175507,0.0786327011175507,0.0785645424585896,0.0785645424585896,0.0785645424585896,0.0785645424585896,0.0836260676617464,0.0792858864441458,0.0792858864441458,"Tourism,Monthly,m44",0.1939875041571192
0.0317010365002229,0.0317010365002229,0.0330151108989956,0.0391418341417517,0.0391418341417517,0.0524286787071719,0.0382583674944832,0.0416220491964041,0.041257500320745,0.041257500320745,0.041257500320745,"Tourism,Monthly,m47",0.1065833407650658
0.0253523882047319,0.0259884858285883,0.0259884858285883,0.0259884858285883,0.0259884858285883,0.0259884858285883,0.0259884858285883,0.0455460270364213,0.0455460270364213,0.0430635089184505,0.0430635089184505,"Tourism,Monthly,m51",0.1060898161467769
0.0681311295043863,0.0666056298187162,0.0666056298187162,0.0666056298187162,0.0666056298187162,0.0666455944113339,0.0666455944113339,0.0473281407353114,0.0658401699174187,0.0666455944113339,0.0675170336001001,"Tourism,Monthly,m63",0.0723812536180349
0.0298800484140964,0.0298800484140964,0.0298800484140964,0.0298800484140964,0.0298800484140964,0.0296697360541216,0.0298715319231011,0.0304240313484796,0.0304240313484796,0.0304240313484796,0.0304240313484796,"Tourism,Monthly,m69",0.1536212266160671
0.0627521972531407,0.0627521972531407,0.0627521972531407,0.0733264254565074,0.0733264254565074,0.0733264254565074,0.0652404467563286,0.0652404467563286,0.0652404467563286,0.0652404467563286,0.0652404467563286,"Tourism,Monthly,m64",0.1086695769578109
0.0237531162331746,0.0237531162331746,0.0237531162331746,0.0237531162331746,0.0237531162331746,0.0223780190641169,0.0241877355509174,0.0241877355509174,0.0241877355509174,0.0241877355509174,0.0241877355509174,"Tourism,Monthly,m73",0.0835594911223967
0.0724852583998661,0.0724852583998661,0.0724852583998661,0.0724852583998661,0.0724852583998661,0.0724852583998661,0.0714752428274972,0.0714752428274972,0.0722238174741525,0.0722238174741525,0.0714752428274972,"Tourism,Monthly,m77",0.0856649811900886
0.1008608041717971,0.1008608041717971,0.1008608041717971,0.1008608041717971,0.1008608041717971,0.1012304340788811,0.1046164451333483,0.1046164451333483,0.1046164451333483,0.1046164451333483,0.1046164451333483,"Tourism,Monthly,m82",0.0845685656480778
0.0530080128135338,0.0530080128135338,0.0518598812534706,0.0518598812534706,0.0518598812534706,0.0521287142720597,0.0530080128135338,0.0561795932117414,0.0561795932117414,0.0561795932117414,0.0561795932117414,"Tourism,Monthly,m88",0.1056658363660659
0.0882923190498691,0.0882923190498691,0.0882923190498691,0.0882923190498691,0.0882923190498691,0.0934196002444785,0.0905986485104956,0.0895050032553381,0.0895050032553381,0.0895050032553381,0.0895050032553381,"Tourism,Monthly,m95",0.1589286252378415
0.10183718790877,0.10013414540859,0.1064054302488162,0.1064054302488162,0.1064054302488162,0.1064054302488162,0.1064054302488162,0.1064054302488162,0.1064054302488162,0.0503214168459993,0.0533472766768919,"Tourism,Monthly,m97",0.1693367045124655
0.0352246338756872,0.0343208027716857,0.0352246338756872,0.0352246338756872,0.0299372511004085,0.0296621366079149,0.0296621366079149,0.0296621366079149,0.0296621366079149,0.0296621366079149,0.0296621366079149,"Tourism,Monthly,m1",0.1619152035686265
0.1584183180836215,0.1499775562881871,0.0858236182547866,0.0858236182547866,0.0858236182547866,0.0858236182547866,0.1050412201900763,0.1050412201900763,0.1927552349979577,0.0897494753166721,0.0897494753166721,"Tourism,Monthly,m106",0.1257429091444138
0.0471669803760237,0.0471669803760237,0.056004415602106,0.056004415602106,0.056004415602106,0.048327396192497,0.048327396192497,0.048327396192497,0.048327396192497,0.048327396192497,0.048327396192497,"Tourism,Monthly,m11",0.0970774980587697
0.0290171444165681,0.0290171444165681,0.0290171444165681,0.0290171444165681,0.0290171444165681,0.0292911241703415,0.0262435690266306,0.0262435690266306,0.0289656925760916,0.0289656925760916,0.0289656925760916,"Tourism,Monthly,m113",0.1065309748502564
0.0474858526857449,0.0474858526857449,0.0474858526857449,0.0474858526857449,0.0474858526857449,0.0483408418636461,0.0483408418636461,0.0462918969047974,0.0462918969047974,0.0462918969047974,0.0462918969047974,"Tourism,Monthly,m114",0.069785498143159
0.0604241541195734,0.0604241541195734,0.0604241541195734,0.0604241541195734,0.0279097523164539,0.0279097523164539,0.0406267448432626,0.058191918643427,0.0588026294529213,0.0588026294529213,0.0588026294529213,"Tourism,Monthly,m12",0.1019051644483512
0.091559030206747,0.0941873188134034,0.0941873188134034,0.0941873188134034,0.0910519991944394,0.0872480807081055,0.0872480807081055,0.090633390330143,0.090633390330143,0.090633390330143,0.090633390330143,"Tourism,Monthly,m124",0.2212467352080233
0.1505128749697228,0.1486767701107956,0.154132658311445,0.154132658311445,0.154132658311445,0.1618784270180495,0.1618784270180495,0.1611056448566856,0.1611056448566856,0.1611056448566856,0.1611056448566856,"Tourism,Monthly,m133",0.2901998617714445
0.0952760689386106,0.0952760689386106,0.0952760689386106,0.0952760689386106,0.0952760689386106,0.0962226793857132,0.1002221527971001,0.1002221527971001,0.1002221527971001,0.1002221527971001,0.1002221527971001,"Tourism,Monthly,m135",0.1862882537764617
0.130338593292249,0.130338593292249,0.130338593292249,0.130338593292249,0.130338593292249,0.1293523582579096,0.1166421977743279,0.1190830660422179,0.1190830660422179,0.1190830660422179,0.1190830660422179,"Tourism,Monthly,m139",0.1997690059888601
0.0789008576731205,0.0789008576731205,0.0789008576731205,0.0789008576731205,0.0789008576731205,0.0789008576731205,0.0782422018224247,0.0774156774788672,0.0774156774788672,0.0774156774788672,0.0774156774788672,"Tourism,Monthly,m142",0.1302922235637839
0.0290133347189457,0.0333597635152036,0.0333597635152036,0.0333597635152036,0.0147830210669767,0.0129221581303443,0.0129221581303443,0.0129221581303443,0.0129221581303443,0.0129221581303443,0.0129221581303443,"Tourism,Monthly,m15",0.0213765580575127
0.0828525933920657,0.0828525933920657,0.0793506218339579,0.0549950963648721,0.0549950963648721,0.0677388029246911,0.0677388029246911,0.0783416359008881,0.0783416359008881,0.0783416359008881,0.0783416359008881,"Tourism,Monthly,m154",0.0852885390576098
0.1404547007638696,0.1404547007638696,0.1404547007638696,0.1404547007638696,0.1404547007638696,0.1404547007638696,0.1394469634057721,0.1386860773194388,0.1386860773194388,0.1386860773194388,0.1386860773194388,"Tourism,Monthly,m164",0.1710449639425925
0.1124266721662391,0.1124266721662391,0.1124266721662391,0.1124266721662391,0.1124266721662391,0.111840532088873,0.123163613415792,0.1131182579708746,0.1131182579708746,0.1131182579708746,0.1131182579708746,"Tourism,Monthly,m167",0.2437296282263404
0.0206838182984613,0.0206838182984613,0.0206838182984613,0.0206838182984613,0.0206838182984613,0.0214095255578382,0.0206831687420939,0.0206831687420939,0.0206831687420939,0.0206831687420939,0.0210536387822482,"Tourism,Monthly,m174",0.0641377028653516
0.0730484838232552,0.0730484838232552,0.0730484838232552,0.0730484838232552,0.0730484838232552,0.0730484838232552,0.0733694605731078,0.0733694605731078,0.0727515365843608,0.0727515365843608,0.0727515365843608,"Tourism,Monthly,m177",0.1036574562057325
0.0142539756268944,0.0142539756268944,0.0142539756268944,0.0129882219008012,0.0142539756268944,0.0140853842364862,0.0127741077755511,0.0127741077755511,0.0127741077755511,0.0127741077755511,0.0127741077755511,"Tourism,Monthly,m180",0.0553962140914488
0.0411891737856414,0.010015419546255,0.0162256772231768,0.0162256772231768,0.0162256772231768,0.0162256772231768,0.0161300029358476,0.0161300029358476,0.0227597398115164,0.043072295747603,0.043072295747603,"Tourism,Monthly,m18",0.0212755962023995
0.121045778427616,0.1195469330459711,0.1179999547378418,0.1209067939889309,0.1177925859681467,0.1177925859681467,0.1173270988751042,0.1010606304294788,0.1010606304294788,0.1010606304294788,0.1010606304294788,"Tourism,Monthly,m181",0.1407850503223427
0.1917106545229585,0.1917106545229585,0.1917106545229585,0.1917106545229585,0.1917106545229585,0.1996851435100408,0.1958463821499548,0.1958463821499548,0.1958463821499548,0.1958463821499548,0.1958463821499548,"Tourism,Monthly,m184",0.2055918043883281
0.0220578247975127,0.0220578247975127,0.0220578247975127,0.0224287090093929,0.021356811108907,0.021356811108907,0.0211111034387564,0.021356811108907,0.021356811108907,0.021356811108907,0.021356811108907,"Tourism,Monthly,m189",0.0612657722204093
0.0808126726774637,0.0808126726774637,0.0808126726774637,0.0763398973665415,0.0763398973665415,0.083838729699995,0.083838729699995,0.083882344786208,0.083882344786208,0.083882344786208,0.083882344786208,"Tourism,Monthly,m195",0.16516596157756
0.0281026482767316,0.0281026482767316,0.0286676982046839,0.0280627471288818,0.0281026482767316,0.0281030298364915,0.0274482819849641,0.0274482819849641,0.0274482819849641,0.0274482819849641,0.0246812726542772,"Tourism,Monthly,m196",0.1926980386376617
0.1021640890576153,0.1022899841252681,0.1038875978319508,0.1038875978319508,0.1033652546268796,0.1033652546268796,0.1038875978319508,0.1038875978319508,0.1028726291030207,0.1029534746889027,0.1022971792396571,"Tourism,Monthly,m200",0.1153128177674813
0.0307672497867464,0.0307672497867464,0.0299888010518938,0.0299888010518938,0.0299888010518938,0.0299888010518938,0.0246268559973722,0.0299888010518938,0.0299888010518938,0.0299888010518938,0.0299888010518938,"Tourism,Monthly,m201",0.1758123434615417
0.0249997964294332,0.0249997964294332,0.0270103989692379,0.024984015288546,0.024984015288546,0.0245743514347411,0.0251322496738535,0.0251322496738535,0.0251322496738535,0.0251322496738535,0.0251322496738535,"Tourism,Monthly,m208",0.1431412623267711
0.0386212986216465,0.0386212986216465,0.0386212986216465,0.0725182277043266,0.0725182277043266,0.0686013116232136,0.071184905638034,0.071184905638034,0.071184905638034,0.071184905638034,0.0720382184631591,"Tourism,Monthly,m209",0.1488450281075494
0.100243834888109,0.0989214972019643,0.1001248658264131,0.1001248658264131,0.1001248658264131,0.1001248658264131,0.1001248658264131,0.1001248658264131,0.101012046661187,0.101012046661187,0.101012046661187,"Tourism,Monthly,m218",0.1139627840022915
0.1266802552450074,0.1266802552450074,0.1266802552450074,0.1266802552450074,0.1353313618454015,0.1353313618454015,0.1353313618454015,0.1353313618454015,0.1353313618454015,0.1353313618454015,0.1295711073870642,"Tourism,Monthly,m223",0.2163597062939332
0.079365231376526,0.0756581856164396,0.0756581856164396,0.0747145907211772,0.0747145907211772,0.0747145907211772,0.074018247887672,0.0755961356264782,0.0755961356264782,0.0755961356264782,0.0755961356264782,"Tourism,Monthly,m224",0.1470598742266423
0.0949864739870135,0.0949864739870135,0.0949864739870135,0.0949864739870135,0.0949864739870135,0.0949864739870135,0.0949864739870135,0.0963225207512764,0.0963225207512764,0.0931841774376909,0.0931841774376909,"Tourism,Monthly,m238",0.0883126565844974
0.0365979690115437,0.0365979690115437,0.0365979690115437,0.0365979690115437,0.0410134619995102,0.0410134619995102,0.0410134619995102,0.0346781708432894,0.0346781708432894,0.0346781708432894,0.0346781708432894,"Tourism,Monthly,m241",0.0646132429097123
0.0947959900712509,0.0947959900712509,0.0947959900712509,0.0947959900712509,0.0947959900712509,0.0968152665142934,0.0918831983377266,0.0918831983377266,0.0930175086492858,0.0930175086492858,0.0930175086492858,"Tourism,Monthly,m243",0.1048878340288594
0.1201707839786868,0.1201707839786868,0.1201707839786868,0.1333348364219739,0.1333348364219739,0.1189038121199504,0.1189038121199504,0.1188099607922962,0.1188099607922962,0.1188099607922962,0.1188099607922962,"Tourism,Monthly,m244",0.0990321932748773
0.050843890739549,0.0506183524356931,0.0509692094524121,0.0510725635468921,0.0510725635468921,0.0510725635468921,0.0509692094524121,0.0509692094524121,0.0509692094524121,0.0509692094524121,0.0509692094524121,"Tourism,Monthly,m246",0.117035189579209
0.1266637402877178,0.1266637402877178,0.1266637402877178,0.1266637402877178,0.1266637402877178,0.1266637402877178,0.1266637402877178,0.1266637402877178,0.1266637402877178,0.1266637402877178,0.1217746830706895,"Tourism,Monthly,m247",0.2033067693908145
0.0579279802242568,0.0571850016626674,0.0571850016626674,0.0571850016626674,0.0541588109009359,0.0541588109009359,0.0541588109009359,0.0541588109009359,0.0541588109009359,0.0541588109009359,0.0541588109009359,"Tourism,Monthly,m25",0.0811479969221913
0.0887472476732238,0.0887472476732238,0.0919479521090719,0.0861109832039538,0.0903563132968919,0.0903563132968919,0.0903563132968919,0.0903032577706812,0.0905334395806924,0.0905334395806924,0.0905334395806924,"Tourism,Monthly,m256",0.2052415074160609
0.1855888955439618,0.1855888955439618,0.1855888955439618,0.1855888955439618,0.1855888955439618,0.1350624916417387,0.1350624916417387,0.1381335341082072,0.1381335341082072,0.1471281414230596,0.1471281414230596,"Tourism,Monthly,m260",0.2910641976468034
0.1258921368191425,0.1258921368191425,0.1258921368191425,0.1258921368191425,0.129425137325805,0.129425137325805,0.1282923400479405,0.1282923400479405,0.1292655548328013,0.1292655548328013,0.1292655548328013,"Tourism,Monthly,m265",0.1919710309515042
0.0624307558861262,0.0624307558861262,0.0624307558861262,0.0624307558861262,0.0624307558861262,0.0624307558861262,0.0552420330824569,0.0552420330824569,0.0540944685824673,0.0540944685824673,0.0540944685824673,"Tourism,Monthly,m271",0.0846567180217403
0.0260895513144664,0.0260895513144664,0.0260895513144664,0.0260895513144664,0.0260895513144664,0.0260895513144664,0.0261216438979219,0.0259362664682699,0.0259362664682699,0.0258122435709118,0.0258122435709118,"Tourism,Monthly,m279",0.0605760820957904
0.054832297925797,0.054832297925797,0.0904954791487793,0.0904954791487793,0.0558957193294793,0.0904954791487793,0.0525068953216115,0.0511074509956694,0.0511586015476473,0.0514672298781049,0.0512957144485708,"Tourism,Monthly,m28",0.1229739757613435
0.1473230027147125,0.1473230027147125,0.1473230027147125,0.1473230027147125,0.1473230027147125,0.1473230027147125,0.140616458372168,0.1477318865214851,0.1496041587870562,0.1536013381927706,0.1536013381927706,"Tourism,Monthly,m291",0.2357343881440905
0.105048627068437,0.105048627068437,0.099571243935323,0.0963668812483187,0.0963668812483187,0.0957449341417032,0.099571243935323,0.0957449341417032,0.0963668812483187,0.0963668812483187,0.0963668812483187,"Tourism,Monthly,m296",0.1603882356518513
0.0270620735658129,0.0261498629219582,0.0238405391084129,0.0238405391084129,0.0238405391084129,0.0262640879877354,0.0262640879877354,0.02328058155671,0.02328058155671,0.02328058155671,0.02328058155671,"Tourism,Monthly,m298",0.3741242188265257
0.1481525780794628,0.1481525780794628,0.1481525780794628,0.1453969524170584,0.1453969524170584,0.1453969524170584,0.1516316333183783,0.1486243889866631,0.1510568707447258,0.1510568707447258,0.1510568707447258,"Tourism,Monthly,m299",0.1862836124448071
0.1415026200273517,0.1387953566240283,0.1387953566240283,0.1387953566240283,0.1387953566240283,0.1413988908211815,0.140612476202215,0.1394269584749651,0.1394269584749651,0.1394269584749651,0.1394269584749651,"Tourism,Monthly,m304",0.3089816238723007
0.0219109065616489,0.035789008174459,0.035789008174459,0.035789008174459,0.021842600502993,0.021842600502993,0.021842600502993,0.0312195788736187,0.0312195788736187,0.0312195788736187,0.0312195788736187,"Tourism,Monthly,m305",0.1720659806837036
0.1565307854223184,0.1565307854223184,0.1565307854223184,0.1565307854223184,0.1565307854223184,0.1565307854223184,0.1565307854223184,0.1633953996401818,0.1617058433892624,0.1617058433892624,0.1617058433892624,"Tourism,Monthly,m308",0.2241777870054442
0.0655275114904051,0.0655275114904051,0.058380822250226,0.0627510623709012,0.0627510623709012,0.0627510623709012,0.0627510623709012,0.0598064471367548,0.0583311244759277,0.0583893908103332,0.0586576250446128,"Tourism,Monthly,m319",0.1979715324527393
0.0825949114244169,0.0825949114244169,0.0831538172558679,0.0831538172558679,0.0831538172558679,0.0834359099070463,0.081164239077063,0.0808236968244327,0.0808236968244327,0.0818317229522393,0.0818317229522393,"Tourism,Monthly,m331",0.1681510201383691
0.2011520471636538,0.2011520471636538,0.2011520471636538,0.2011520471636538,0.1960576427173525,0.2011520471636538,0.2011520471636538,0.2011520471636538,0.2011520471636538,0.2011520471636538,0.2011520471636538,"Tourism,Monthly,m332",0.2094781180986594
0.0367375852610573,0.0367375852610573,0.0367375852610573,0.0367375852610573,0.0367375852610573,0.0367375852610573,0.03743115909014,0.0366823723648447,0.0367405112856249,0.0364771052980335,0.0364942416625289,"Tourism,Monthly,m336",0.0957573196478612
0.0598524753670603,0.0598524753670603,0.0598524753670603,0.0585409263232507,0.0585409263232507,0.0587424442871766,0.0508593666567796,0.0508593666567796,0.0508593666567796,0.0517488820611684,0.0517488820611684,"Tourism,Monthly,m340",0.2066718732403502
0.0595246704886433,0.0584331183538858,0.0584331183538858,0.0594798171416416,0.0596952460748593,0.1583543805997509,0.1583543805997509,0.0542346462063674,0.0542346462063674,0.0547973154954528,0.0547973154954528,"Tourism,Monthly,m341",0.0846303591456221
0.0961349045656944,0.0835238641929486,0.0956492139455296,0.0956492139455296,0.0956492139455296,0.0944160157622776,0.0954170812171216,0.0944160157622776,0.0944160157622776,0.0944160157622776,0.0944160157622776,"Tourism,Monthly,m356",0.7944754926419328
0.2635183683573185,0.3815233278998951,0.2635183683573185,0.2635183683573185,0.2635183683573185,0.2635183683573185,0.2635183683573185,0.2635183683573185,0.2635183683573185,0.384091058744024,0.384091058744024,"Tourism,Monthly,m360",0.8450987229437895
0.1813631752712895,0.1230294519762261,0.126778222095601,0.126778222095601,0.1879501367192265,0.126778222095601,0.126778222095601,0.126778222095601,0.126778222095601,0.126778222095601,0.126778222095601,"Tourism,Monthly,m361",0.2311498624893948
0.0691125203536252,0.0694053179703316,0.0689331685420594,0.0689331685420594,0.0689331685420594,0.0689331685420594,0.0689331685420594,0.0919302326465847,0.0919302326465847,0.0919302326465847,0.0919302326465847,"Tourism,Monthly,m43",0.0863627875054073
0.0589993605733688,0.0589993605733688,0.0589993605733688,0.0567873869649663,0.0618503835045738,0.0638358902572183,0.0638358902572183,0.0638358902572183,0.059584490929385,0.0596248853127578,0.0596248853127578,"Tourism,Monthly,m46",0.1128015979504981
0.0606278441290154,0.0606278441290154,0.0587376113894627,0.0551681868407037,0.0606278441290154,0.0585296040328727,0.0588902019602571,0.0605313151111945,0.0605313151111945,0.0605313151111945,0.0605313151111945,"Tourism,Monthly,m50",0.3544063305879427
0.0685600000429177,0.0685600000429177,0.070240442886728,0.0694392533215137,0.0679919555676025,0.0777823178313899,0.0777823178313899,0.0794220851919871,0.0794220851919871,0.0794220851919871,0.0794220851919871,"Tourism,Monthly,m57",0.105210210679932
0.0779251972697831,0.0785657203652269,0.0785657203652269,0.074995053978235,0.0777354377805736,0.0775520535979816,0.0775520535979816,0.0775520535979816,0.0739771235644194,0.0739771235644194,0.0739771235644194,"Tourism,Monthly,m62",0.1452893423508511
0.0200904699171108,0.0200904699171108,0.0200904699171108,0.0200904699171108,0.0200904699171108,0.0248931597386709,0.0246807517740611,0.0246807517740611,0.0246807517740611,0.0246807517740611,0.0246807517740611,"Tourism,Monthly,m70",0.1582022463697721
0.0711516251496028,0.0711516251496028,0.0711516251496028,0.0711516251496028,0.0711516251496028,0.0711838164863701,0.0711838164863701,0.0711838164863701,0.0711838164863701,0.0711838164863701,0.078810285803748,"Tourism,Monthly,m80",0.104092455063933
0.0624600328359126,0.0588306351897854,0.0588306351897854,0.0588306351897854,0.0588306351897854,0.0588554355744013,0.0588554355744013,0.0573986702740471,0.0569381098318516,0.0569381098318516,0.0572039683189173,"Tourism,Monthly,m84",0.0969135749352169
0.0556388530226699,0.0556388530226699,0.0556388530226699,0.0556388530226699,0.0556388530226699,0.057081853676778,0.0554841888567029,0.0554841888567029,0.0554841888567029,0.0554841888567029,0.0554841888567029,"Tourism,Monthly,m87",0.1002761179668118
0.0270724129576012,0.0285712722318661,0.0285712722318661,0.0285712722318661,0.0273769848464671,0.0273769848464671,0.0273666122421908,0.0273666122421908,0.0270458018035128,0.0270458018035128,0.0270458018035128,"Tourism,Monthly,m90",0.0714554894649501
0.0539817846934162,0.0544515261678388,0.0527740862392322,0.0527740862392322,0.0527740862392322,0.0527740862392322,0.0527740862392322,0.0527740862392322,0.0527740862392322,0.0532918932406214,0.0584700972523983,"Tourism,Monthly,m94",0.0845420616452972
0.0841533144829899,0.0838331301024154,0.0832355083896576,0.0844239797289193,0.0822791742307576,0.0822791742307576,0.1003895681789209,0.1001392649385391,0.1001392649385391,0.1001392649385391,0.0996852313448724,"Tourism,Monthly,m98",0.162970356617758
0.0421740230420781,0.0421740230420781,0.0327152231513422,0.0327152231513422,0.0327152231513422,0.0327152231513422,0.0331663476083362,0.0331663476083362,0.0328619563087037,0.070742970851584,0.070742970851584,"Tourism,Monthly,m99",0.1181487474233472
0.057299788348141,0.057299788348141,0.0523333058224923,0.0526657366223395,0.0526657366223395,0.0522035454342504,0.0456979242857409,0.0456979242857409,0.0456979242857409,0.0479530337082089,0.0479530337082089,"Tourism,Monthly,m107",0.0688905217463711
0.0703145677332933,0.0703145677332933,0.0516787091468428,0.0559289081426987,0.0471456940028641,0.0559289081426987,0.0506330435099924,0.0506330435099924,0.0506330435099924,0.0506330435099924,0.0506330435099924,"Tourism,Monthly,m118",0.0968511000881415
0.1164098627669107,0.1164098627669107,0.1164098627669107,0.1164098627669107,0.1164098627669107,0.1164098627669107,0.1178620505993812,0.1113948532848106,0.1113948532848106,0.1113948532848106,0.1113948532848106,"Tourism,Monthly,m117",0.1311881113647045
0.0159109658344136,0.0159109658344136,0.0159109658344136,0.0159109658344136,0.0159109658344136,0.0154226349060531,0.0165271820082032,0.0165271820082032,0.0165271820082032,0.0165271820082032,0.0165271820082032,"Tourism,Monthly,m120",0.0631399261357062
0.1578094918638867,0.1578094918638867,0.1578094918638867,0.1578094918638867,0.1578094918638867,0.1578094918638867,0.1471782149078609,0.1471782149078609,0.1471782149078609,0.1471782149078609,0.1471782149078609,"Tourism,Monthly,m123",0.1460273224896988
0.081274248645976,0.081274248645976,0.081274248645976,0.081274248645976,0.081274248645976,0.080199874505549,0.0823672238739917,0.0825105248753598,0.0825105248753598,0.0825105248753598,0.0825105248753598,"Tourism,Monthly,m127",0.1393283248414691
0.0202920556419842,0.0202920556419842,0.0202920556419842,0.0205444273294806,0.0202920556419842,0.0202920556419842,0.0202920556419842,0.0208480927861737,0.0208480927861737,0.0208480927861737,0.0208480927861737,"Tourism,Monthly,m128",0.1728595319152518
0.0936738055438194,0.0936738055438194,0.0936738055438194,0.0889891485305347,0.0936738055438194,0.0889891485305347,0.0889891485305347,0.1016945070763548,0.1014435746004353,0.1014435746004353,0.1014435746004353,"Tourism,Monthly,m129",0.1778883493115944
0.02474125988592,0.02474125988592,0.02474125988592,0.0248894438497558,0.0248894438497558,0.0383454929886556,0.0237436193143796,0.0237436193143796,0.0237436193143796,0.0237436193143796,0.0237436193143796,"Tourism,Monthly,m130",0.1774976343913261
0.0565629717509893,0.0657162046936764,0.0513262300084446,0.0446583592726763,0.0446583592726763,0.0446583592726763,0.066523237475621,0.0667789851997677,0.0667789851997677,0.0667789851997677,0.0667789851997677,"Tourism,Monthly,m131",0.6026801940675859
0.0549177556258001,0.0549177556258001,0.0549177556258001,0.0549177556258001,0.0554885881333384,0.0554885881333384,0.0564657019075882,0.0564657019075882,0.0564657019075882,0.0564657019075882,0.0564657019075882,"Tourism,Monthly,m136",0.2630467605209333
0.2878450241242326,0.2878450241242326,0.2878450241242326,0.2878450241242326,0.2878450241242326,0.2878450241242326,0.3038021579305897,0.3050949051079336,0.2908207848020543,0.2908207848020543,0.2908207848020543,"Tourism,Monthly,m140",0.3072968773822428
0.1370612291588061,0.1370612291588061,0.1370612291588061,0.1370612291588061,0.1370612291588061,0.1249565094298131,0.1380831660700409,0.1380831660700409,0.1380831660700409,0.1380831660700409,0.1380831660700409,"Tourism,Monthly,m138",0.1608463937314966
0.2806110749883975,0.2806110749883975,0.2806110749883975,0.2806110749883975,0.2806110749883975,0.2806110749883975,0.2746851954701534,0.2746851954701534,0.2746851954701534,0.2746851954701534,0.2746851954701534,"Tourism,Monthly,m146",0.2034586072326237
0.0478717793816434,0.0478717793816434,0.0478717793816434,0.0641096720190819,0.0641096720190819,0.0637809681251357,0.0428395047880464,0.0620702900774078,0.0620702900774078,0.0620702900774078,0.0620702900774078,"Tourism,Monthly,m144",0.0924420740869733
0.0349760732584069,0.0349760732584069,0.0349760732584069,0.0374141544688223,0.0374141544688223,0.0342242778500328,0.0355377063320918,0.0366123332680131,0.0366123332680131,0.0366123332680131,0.0366123332680131,"Tourism,Monthly,m14",0.0542931563561993
0.0994708746395303,0.0994708746395303,0.0994708746395303,0.0994708746395303,0.0994708746395303,0.0994708746395303,0.0976686417913591,0.0994708746395303,0.0969472010356108,0.0969472010356108,0.0969472010356108,"Tourism,Monthly,m145",0.1524507732812891
0.0553248231024155,0.0553248231024155,0.0553248231024155,0.0553248231024155,0.0553248231024155,0.0549373606128121,0.0553616971345936,0.0553616971345936,0.0553616971345936,0.0553616971345936,0.0553616971345936,"Tourism,Monthly,m150",0.0582061489826397
0.046586107847888,0.046586107847888,0.046586107847888,0.046586107847888,0.046586107847888,0.046586107847888,0.0461689237954031,0.0451347882351416,0.0449990121975521,0.0449990121975521,0.0449990121975521,"Tourism,Monthly,m158",0.0687641286316095
0.0403268400191059,0.0403268400191059,0.0403268400191059,0.0460855219123858,0.0460855219123858,0.0460855219123858,0.0492204963305914,0.0468380832500972,0.0473408824883975,0.0473408824883975,0.0473408824883975,"Tourism,Monthly,m155",0.1220337215549861
0.0461821135286916,0.0461821135286916,0.0461821135286916,0.0338514066032275,0.0338514066032275,0.0338514066032275,0.0338514066032275,0.0412920425102719,0.040724891584805,0.040724891584805,0.0405060834819895,"Tourism,Monthly,m162",0.1894270270803307
0.0431399142890743,0.0340451804412968,0.0240286679577372,0.027807266218098,0.027807266218098,0.027807266218098,0.0266782550849773,0.0261612686064196,0.0261612686064196,0.0257812552635439,0.0257812552635439,"Tourism,Monthly,m172",0.0589516524879326
0.0269401760564182,0.0269401760564182,0.0269401760564182,0.0269401760564182,0.0269401760564182,0.0269401760564182,0.0268864905117193,0.0268864905117193,0.0268864905117193,0.0268864905117193,0.0268864905117193,"Tourism,Monthly,m19",0.072846974178535
0.0187075362249088,0.0187075362249088,0.0187075362249088,0.0187075362249088,0.0187075362249088,0.0188892156679419,0.0188892156679419,0.0188892156679419,0.0188892156679419,0.0188892156679419,0.0188892156679419,"Tourism,Monthly,m191",0.0607875325048752
0.0716640501941912,0.0716640501941912,0.0716640501941912,0.0712686449410648,0.0712686449410648,0.0712830408824268,0.0707785438170385,0.0709781556120734,0.0709781556120734,0.0709781556120734,0.0709781556120734,"Tourism,Monthly,m197",0.4747430468334142
0.0684358726423926,0.0684358726423926,0.0684358726423926,0.0664869810856992,0.0664869810856992,0.0664869810856992,0.0664869810856992,0.0509390216915915,0.0509390216915915,0.0509390216915915,0.0509390216915915,"Tourism,Monthly,m198",0.1470560154087861
0.0917943745510529,0.0917943745510529,0.0917943745510529,0.0917943745510529,0.0917943745510529,0.0917943745510529,0.0930741955555056,0.0740385719541261,0.0740385719541261,0.0740385719541261,0.0740385719541261,"Tourism,Monthly,m199",0.1116746715706983
0.0381299924023798,0.0407282196175059,0.0407282196175059,0.0407282196175059,0.0343919475681607,0.0343919475681607,0.0716758214895383,0.0407282196175059,0.0716758214895383,0.0716758214895383,0.0716758214895383,"Tourism,Monthly,m205",0.1329710052782017
0.0566240883615519,0.0566240883615519,0.0531855690813866,0.0565269782002033,0.0565269782002033,0.0565269782002033,0.0565269782002033,0.0566240883615519,0.0456500811479873,0.052090044118034,0.0456500811479873,"Tourism,Monthly,m213",0.1308642410399274
0.043832275936682,0.043832275936682,0.043832275936682,0.043832275936682,0.043832275936682,0.0442358349267814,0.0442358349267814,0.0442358349267814,0.0442358349267814,0.0442358349267814,0.0442358349267814,"Tourism,Monthly,m22",0.0925080500034944
0.2238829444067399,0.2238829444067399,0.2238829444067399,0.2238829444067399,0.2238829444067399,0.2237307970917174,0.223713388908139,0.223634359530089,0.2244963957712988,0.2244963957712988,0.2244963957712988,"Tourism,Monthly,m220",0.2033259405696524
0.0794327764123096,0.0794327764123096,0.0754260216470796,0.0754260216470796,0.0754260216470796,0.0754260216470796,0.0754260216470796,0.0774514318232492,0.0774514318232492,0.0774514318232492,0.0774514318232492,"Tourism,Monthly,m222",0.1160548517096671
0.0538530752491774,0.0538530752491774,0.0538530752491774,0.0542074900501241,0.0542074900501241,0.0542074900501241,0.0542074900501241,0.0542074900501241,0.0732859407348666,0.0732859407348666,0.0732859407348666,"Tourism,Monthly,m227",0.0717903477681293
0.0591496465921645,0.0597971725648369,0.0592902305225418,0.0847996663499962,0.0832047170533851,0.0847996663499962,0.0826648237189877,0.0839000339286151,0.0839000339286151,0.0839000339286151,0.0839000339286151,"Tourism,Monthly,m240",0.1420400887361771
0.1058915779632883,0.1058915779632883,0.1058915779632883,0.1058915779632883,0.1059830024641169,0.1059830024641169,0.1059830024641169,0.1025213101410112,0.1025213101410112,0.1025213101410112,0.1025213101410112,"Tourism,Monthly,m248",0.1447868746718353
0.184285807741692,0.184285807741692,0.184285807741692,0.184285807741692,0.184285807741692,0.1826066327735526,0.1826066327735526,0.1826066327735526,0.1826066327735526,0.1826066327735526,0.1826066327735526,"Tourism,Monthly,m250",0.1775030854860755
0.3024534193059603,0.3024534193059603,0.3024534193059603,0.3024534193059603,0.3024534193059603,0.3024534193059603,0.3024534193059603,0.3024534193059603,0.2825999553511614,0.2825999553511614,0.2825999553511614,"Tourism,Monthly,m257",0.3062496953092524
0.1339615562596908,0.1339615562596908,0.1339615562596908,0.1344759226103748,0.1344759226103748,0.1344759226103748,0.1350003813409019,0.1350003813409019,0.1350003813409019,0.1350003813409019,0.1350003813409019,"Tourism,Monthly,m259",0.1813230108983023
0.1177057637715069,0.1177057637715069,0.1177057637715069,0.1177057637715069,0.1177057637715069,0.1177057637715069,0.1211731868025353,0.1211731868025353,0.1211731868025353,0.1211731868025353,0.1211731868025353,"Tourism,Monthly,m266",0.1652230883387271
0.1533667833353732,0.1533667833353732,0.1533667833353732,0.1533667833353732,0.1533667833353732,0.1533667833353732,0.1445527573595438,0.1445527573595438,0.1445527573595438,0.1445527573595438,0.1445527573595438,"Tourism,Monthly,m268",0.1595749555280612
0.0758962930472843,0.0758962930472843,0.0755832628261973,0.0755832628261973,0.0755832628261973,0.0675145351398987,0.0681193091766418,0.0681193091766418,0.0710612307211649,0.0710612307211649,0.0710612307211649,"Tourism,Monthly,m269",0.1181942226512699
0.0923145852175424,0.0923145852175424,0.0923145852175424,0.0923145852175424,0.0947695526780828,0.0902483012705998,0.0897210651678868,0.0875373580429184,0.0875373580429184,0.0875373580429184,0.0875373580429184,"Tourism,Monthly,m272",0.0893609574988924
0.0751392301669573,0.0751392301669573,0.0751392301669573,0.0751392301669573,0.0738472120179634,0.074397008547017,0.0762810370512688,0.0766753487264373,0.0766753487264373,0.0766753487264373,0.0766753487264373,"Tourism,Monthly,m277",0.0723570258790822
0.0585848169378624,0.0619991927444615,0.0619991927444615,0.0619991927444615,0.0619991927444615,0.023856826616343,0.023856826616343,0.023856826616343,0.023856826616343,0.023856826616343,0.023856826616343,"Tourism,Monthly,m284",0.3401634128605951
0.1529742984768355,0.1529742984768355,0.1529742984768355,0.1636279219964545,0.1636279219964545,0.1655846726621749,0.1655846726621749,0.1676612691045882,0.1640125970519758,0.1640125970519758,0.1640125970519758,"Tourism,Monthly,m286",0.3975951745841701
0.0363425439192465,0.0375918849649161,0.0375918849649161,0.0375918849649161,0.0399241802266513,0.0375918849649161,0.0402381441812708,0.0318053603883974,0.0318053603883974,0.0318053603883974,0.0318053603883974,"Tourism,Monthly,m289",0.3234933180140338
0.0950749701385642,0.0950749701385642,0.0950749701385642,0.0950749701385642,0.0950749701385642,0.0740054494696102,0.0950749701385642,0.0950749701385642,0.0950749701385642,0.0950749701385642,0.0950749701385642,"Tourism,Monthly,m290",0.1699975607422401
0.0145906928797756,0.0145906928797756,0.014911087221792,0.014911087221792,0.014911087221792,0.0205118140899788,0.0195708392911478,0.0195708392911478,0.0187275715707148,0.0187275715707148,0.0187275715707148,"Tourism,Monthly,m30",0.0616844252631294
0.0936630202739436,0.0936630202739436,0.0936630202739436,0.0936630202739436,0.0936630202739436,0.0936630202739436,0.0936630202739436,0.0809657471457974,0.0809657471457974,0.1014191937006493,0.1014191937006493,"Tourism,Monthly,m301",0.1718503387879112
0.0242659099888969,0.0242659099888969,0.0242659099888969,0.0242659099888969,0.0242659099888969,0.0242659099888969,0.0242659099888969,0.0242659099888969,0.0242659099888969,0.0242659099888969,0.0242659099888969,"Tourism,Monthly,m31",0.0760134951008556
0.3189092745754776,0.3192547275221146,0.3189092745754776,0.3544018935696366,0.3544018935696366,0.3544018935696366,0.4681910509100236,0.4681910509100236,0.3696538171400523,0.3696538171400523,0.380498708538656,"Tourism,Monthly,m317",0.4223013858244491
0.0439398914399703,0.0439398914399703,0.0586829095130195,0.0586829095130195,0.0413174672506446,0.0413174672506446,0.0416408519251428,0.0416408519251428,0.0416408519251428,0.0416408519251428,0.0416408519251428,"Tourism,Monthly,m321",0.1375008242326965
0.0146792430158902,0.0146792430158902,0.0146792430158902,0.0180262997339439,0.0239495632013436,0.016031525353781,0.0150303985809258,0.0150303985809258,0.0150303985809258,0.0150303985809258,0.0150303985809258,"Tourism,Monthly,m324",0.2345780836073005
0.0906876669729613,0.0910522731299371,0.0919387947705928,0.0919387947705928,0.0919387947705928,0.0948868885843393,0.0948868885843393,0.0948868885843393,0.0948868885843393,0.0967744580117708,0.0967744580117708,"Tourism,Monthly,m330",0.1400348375222556
0.0373388436345504,0.0373388436345504,0.0373388436345504,0.0373388436345504,0.0373388436345504,0.0376293382226951,0.0372765629261404,0.0372765629261404,0.0372765629261404,0.0372765629261404,0.0372765629261404,"Tourism,Monthly,m346",0.0867203251901381
0.0283982839702769,0.0259642825846126,0.0259642825846126,0.0259642825846126,0.0216232284393592,0.0216232284393592,0.0216232284393592,0.0216232284393592,0.0216232284393592,0.0216232284393592,0.0216232284393592,"Tourism,Monthly,m349",0.0696343098259691
0.1332749124574316,0.1332749124574316,0.1271112497199723,0.1657157531106551,0.1443369405931781,0.1856217026102301,0.1856217026102301,0.1633603999841873,0.1633603999841873,0.1633603999841873,0.1633603999841873,"Tourism,Monthly,m362",0.418794920573084
0.0573295601887394,0.0573295601887394,0.0573295601887394,0.0764180688868876,0.0782465913923063,0.0782465913923063,0.0782465913923063,0.0600509646605639,0.0600509646605639,0.0600509646605639,0.0537587228461635,"Tourism,Monthly,m365",0.1805427047797047
0.0730783183157558,0.0607281271439942,0.0613938107856548,0.0613938107856548,0.0613938107856548,0.0632673309561944,0.0632673309561944,0.0632673309561944,0.0632673309561944,0.0632673309561944,0.0632673309561944,"Tourism,Monthly,m40",0.2117487456420972
0.0970775825418146,0.0970775825418146,0.0970775825418146,0.0970775825418146,0.0970775825418146,0.0970775825418146,0.0960661528054544,0.095971126127621,0.095971126127621,0.095971126127621,0.0990670166394279,"Tourism,Monthly,m41",0.1460093459281344
0.043920307463847,0.043920307463847,0.0414221847317041,0.0431152179060677,0.0431152179060677,0.0582209681121557,0.0582209681121557,0.0647413617058317,0.0647413617058317,0.0647413617058317,0.0647413617058317,"Tourism,Monthly,m48",0.0642860438261762
0.0162495096741088,0.0148260126560706,0.0148260126560706,0.0148260126560706,0.0167229218904473,0.0167229218904473,0.0159715867896645,0.0159715867896645,0.0159715867896645,0.017940215453665,0.017940215453665,"Tourism,Monthly,m54",0.0658163681123264
0.0784180161542614,0.0568043971527209,0.0568043971527209,0.0503413212123074,0.0503413212123074,0.0349832604538849,0.0349832604538849,0.0502211092979248,0.0502211092979248,0.0502211092979248,0.0502211092979248,"Tourism,Monthly,m6",0.0908767884193086
0.0738667661348508,0.0733043980428245,0.0781479880768972,0.0781479880768972,0.0781479880768972,0.0757487803334211,0.0739567607877427,0.0779306121574384,0.0779306121574384,0.074327839875214,0.0779306121574384,"Tourism,Monthly,m61",0.0942485663778553
0.0369181881096592,0.0369181881096592,0.0369181881096592,0.0369181881096592,0.0371596212008701,0.0372341979262093,0.0388938273962238,0.0388938273962238,0.0395802177808284,0.0395802177808284,0.0395802177808284,"Tourism,Monthly,m71",0.0912095000593053
0.0604950159598485,0.060739284251797,0.0604950159598485,0.0604950159598485,0.0538207555193979,0.0595821873743777,0.0610542338541542,0.0610542338541542,0.0610542338541542,0.0610542338541542,0.0610542338541542,"Tourism,Monthly,m76",0.0881926670728425
0.1183836807299523,0.1183836807299523,0.1183836807299523,0.1159267927639183,0.1122577117588461,0.1122577117588461,0.1122577117588461,0.1122577117588461,0.1122577117588461,0.1122577117588461,0.1122577117588461,"Tourism,Monthly,m78",0.1102406364462196
0.0607709005182117,0.0607709005182117,0.0607709005182117,0.0607709005182117,0.064335444412288,0.064335444412288,0.0652985227148045,0.0612916918537803,0.0612916918537803,0.0612916918537803,0.0612916918537803,"Tourism,Monthly,m81",0.0803174574348198
0.0890568643526931,0.087580695809843,0.086481793424318,0.086481793424318,0.0884962104078704,0.0826075824920234,0.0841881506694846,0.0841881506694846,0.0841881506694846,0.0841881506694846,0.0841881506694846,"Tourism,Monthly,m85",0.1199301101457718
0.0381996941372395,0.0381996941372395,0.0381996941372395,0.039788125417001,0.0355309112039352,0.0355309112039352,0.0355309112039352,0.0384680984727454,0.0384680984727454,0.0384680984727454,0.0384680984727454,"Tourism,Monthly,m86",0.0897890657425607
0.0533174660350509,0.0533174660350509,0.0533174660350509,0.0533174660350509,0.0446722499519865,0.0446722499519865,0.0499082421924814,0.0499082421924814,0.0499082421924814,0.0499082421924814,0.0499082421924814,"Tourism,Monthly,m83",0.0714429502196522
0.0227558552379267,0.0227558552379267,0.0227558552379267,0.0253051397845847,0.0253051397845847,0.0229410851953127,0.0229410851953127,0.0229410851953127,0.0229410851953127,0.0229410851953127,0.0229410851953127,"Tourism,Monthly,m9",0.047238608581309
0.0840550141745766,0.0829980149633579,0.0686650404484709,0.0686650404484709,0.0721533500007963,0.0721533500007963,0.0738927290862753,0.0746006193865215,0.0746006193865215,0.0746006193865215,0.0746006193865215,"Tourism,Monthly,m92",0.0905558626450196
0.0846950258773494,0.0846950258773494,0.0846950258773494,0.0846950258773494,0.0846950258773494,0.0846950258773494,0.0846950258773494,0.0700705370313063,0.0708405425741936,0.0708405425741936,0.0708405425741936,"Tourism,Monthly,m104",0.0717387546411198
0.0604264944678945,0.0799856341527409,0.0799856341527409,0.0799856341527409,0.0799856341527409,0.0799856341527409,0.0797855479090976,0.0797239196260065,0.0797239196260065,0.0797239196260065,0.0797239196260065,"Tourism,Monthly,m110",0.0863414654203608
0.0751357187667484,0.0751357187667484,0.0751357187667484,0.0751357187667484,0.0751357187667484,0.0756055680391947,0.0756055680391947,0.0756055680391947,0.0756055680391947,0.0756055680391947,0.0756055680391947,"Tourism,Monthly,m119",0.0703745379476637
0.0792450367598207,0.0792450367598207,0.0792450367598207,0.0792450367598207,0.0792450367598207,0.0893740198286318,0.0767370648453673,0.0767370648453673,0.0790778540154747,0.0880790990964212,0.0790778540154747,"Tourism,Monthly,m132",0.2575601957887156
0.1286975875837146,0.2118346161687627,0.2118346161687627,0.2118346161687627,0.2118346161687627,0.2198019929009521,0.2198019929009521,0.2198019929009521,0.2198019929009521,0.2198019929009521,0.2198019929009521,"Tourism,Monthly,m147",0.0893227256154226
0.0338454648462093,0.0338454648462093,0.0338454648462093,0.0338454648462093,0.0338454648462093,0.038878895860866,0.038878895860866,0.038878895860866,0.038878895860866,0.0353710315428313,0.0353710315428313,"Tourism,Monthly,m148",0.067035670065339
0.0453216513761155,0.0453216513761155,0.0453216513761155,0.0453216513761155,0.0453216513761155,0.0440210527290579,0.0440210527290579,0.0440210527290579,0.0440210527290579,0.0440210527290579,0.0440210527290579,"Tourism,Monthly,m149",0.0914753711013409
0.0589257054873457,0.0589257054873457,0.0589257054873457,0.0589257054873457,0.0589257054873457,0.0477077250679555,0.0477077250679555,0.0616098348866223,0.0616098348866223,0.0616098348866223,0.0616098348866223,"Tourism,Monthly,m151",0.0803590060523108
0.068770887904936,0.068770887904936,0.068770887904936,0.068770887904936,0.068770887904936,0.068770887904936,0.068770887904936,0.086906104261141,0.0659320927180484,0.0659320927180484,0.0659320927180484,"Tourism,Monthly,m152",0.1309900364590319
0.0371688183638189,0.0371688183638189,0.0371688183638189,0.0371688183638189,0.0371688183638189,0.0371688183638189,0.0376723146328196,0.0387949326027603,0.0387949326027603,0.0387949326027603,0.0387949326027603,"Tourism,Monthly,m156",0.0780060731242802
0.0767159105780263,0.0767159105780263,0.0767159105780263,0.0767159105780263,0.0767159105780263,0.0829065403325598,0.0902912991488515,0.0824683215716708,0.0824683215716708,0.0824683215716708,0.0824683215716708,"Tourism,Monthly,m163",0.1661916269715889
0.1048298543658615,0.1048298543658615,0.1048298543658615,0.1048298543658615,0.1048298543658615,0.1023021743079192,0.102443456603134,0.102443456603134,0.102443456603134,0.102443456603134,0.102443456603134,"Tourism,Monthly,m165",0.1521274424009638
0.1423602853863305,0.1423602853863305,0.1423602853863305,0.1423602853863305,0.1423602853863305,0.1423602853863305,0.1423602853863305,0.1423602853863305,0.1423602853863305,0.1423602853863305,0.1423602853863305,"Tourism,Monthly,m170",0.1791604959956683
0.0687616389632933,0.0687616389632933,0.0687616389632933,0.0687616389632933,0.0687616389632933,0.0662423957099673,0.069285226583433,0.069285226583433,0.069285226583433,0.069285226583433,0.069285226583433,"Tourism,Monthly,m17",0.0680302973547508
0.1158831274509336,0.1158831274509336,0.1158831274509336,0.1158831274509336,0.1158831274509336,0.1090276184616413,0.1143002725269515,0.1143002725269515,0.1143002725269515,0.1143002725269515,0.1143002725269515,"Tourism,Monthly,m171",0.1696110494202015
0.1144333087097526,0.1144333087097526,0.1144333087097526,0.1144333087097526,0.1144333087097526,0.1144333087097526,0.1150182547692158,0.1150182547692158,0.1150182547692158,0.1152847709133109,0.1152847709133109,"Tourism,Monthly,m183",0.1353731532752661
0.0594597404808414,0.0594597404808414,0.0594597404808414,0.0594597404808414,0.0594597404808414,0.0594597404808414,0.0462093022203265,0.0462093022203265,0.0462093022203265,0.0462093022203265,0.046814585216083,"Tourism,Monthly,m186",0.1224453622376678
0.0209377222233087,0.0209377222233087,0.0209377222233087,0.0202340742768613,0.0202340742768613,0.0208185343200129,0.0219448319124732,0.0199165372002967,0.0199165372002967,0.0199165372002967,0.0199165372002967,"Tourism,Monthly,m188",0.0949696371320161
0.1091251587584879,0.1091251587584879,0.1091251587584879,0.1041746684819122,0.1020103560677143,0.1020103560677143,0.1020103560677143,0.1014910271011353,0.1014910271011353,0.1014910271011353,0.1014910271011353,"Tourism,Monthly,m185",0.1445991524926455
0.0299958625351488,0.0305922379114058,0.0305922379114058,0.0305922379114058,0.0302795165022245,0.0302795165022245,0.0302795165022245,0.0302795165022245,0.0302795165022245,0.0302795165022245,0.0302795165022245,"Tourism,Monthly,m192",0.2050575633219665
0.0531676409365923,0.0531676409365923,0.0531676409365923,0.0531676409365923,0.0536126977551956,0.0541139227409022,0.0541479985124254,0.0541479985124254,0.0541479985124254,0.0541479985124254,0.0541479985124254,"Tourism,Monthly,m20",0.0698942518501175
0.1182553544989411,0.1182553544989411,0.1182553544989411,0.1182553544989411,0.1182553544989411,0.1182553544989411,0.1135897481723613,0.112687114986746,0.112687114986746,0.112687114986746,0.112687114986746,"Tourism,Monthly,m203",0.1520267472273528
0.1063594966062646,0.1063594966062646,0.1063594966062646,0.1063594966062646,0.1001005420184041,0.1001005420184041,0.1001005420184041,0.1004295664538863,0.1063594966062646,0.1050536607358052,0.1067267528978099,"Tourism,Monthly,m216",0.1512536922943114
0.1236726546165321,0.1236726546165321,0.1236726546165321,0.1236726546165321,0.1235226399797974,0.1235226399797974,0.1218892754401103,0.1218892754401103,0.1231584972233316,0.1210877727642479,0.1223450572907439,"Tourism,Monthly,m225",0.1452041572162916
0.0610730438291227,0.0570698597140049,0.0570698597140049,0.0570698597140049,0.0576752673366149,0.0569281626066885,0.0569281626066885,0.0569281626066885,0.0569281626066885,0.0569281626066885,0.0595881612049645,"Tourism,Monthly,m23",0.0893807445584292
0.0802778239929107,0.0802778239929107,0.0802778239929107,0.0802778239929107,0.0816945979277369,0.0816945979277369,0.0816945979277369,0.0816945979277369,0.0816945979277369,0.0816945979277369,0.0816945979277369,"Tourism,Monthly,m233",0.126371984350324
0.078023972428878,0.078023972428878,0.078023972428878,0.0822719488943919,0.0866344260218758,0.0852158311013814,0.0757368477952412,0.0757368477952412,0.083888102977159,0.084162136419084,0.084162136419084,"Tourism,Monthly,m232",0.1812567750138562
0.0511921055427589,0.0509873531259636,0.0621650228771725,0.0621650228771725,0.0621650228771725,0.0621650228771725,0.0621650228771725,0.062583385576122,0.0747593718988381,0.062583385576122,0.0665846645534035,"Tourism,Monthly,m235",0.0850386943846327
0.0478715048712732,0.0478715048712732,0.0462046964597015,0.0462046964597015,0.0462046964597015,0.0462046964597015,0.0462046964597015,0.0462046964597015,0.0462046964597015,0.0437604358243284,0.0437604358243284,"Tourism,Monthly,m236",0.1140117382491109
0.1410671996854529,0.1474013107642342,0.140926461209966,0.140926461209966,0.140926461209966,0.1560903133464841,0.1560903133464841,0.1560903133464841,0.1777661300990801,0.1560903133464841,0.1777661300990801,"Tourism,Monthly,m252",0.2815334942872098
0.1534508865304869,0.1534508865304869,0.1534508865304869,0.1535390875926008,0.1535390875926008,0.1556979548349878,0.1555469693581908,0.1555469693581908,0.1555469693581908,0.1555469693581908,0.1555469693581908,"Tourism,Monthly,m258",0.1968469325930858
0.05667197974559,0.05667197974559,0.05667197974559,0.05667197974559,0.055926600252378,0.0557484049239138,0.0501867535063204,0.0568736060538825,0.0498601539121309,0.0514811199076196,0.0514811199076196,"Tourism,Monthly,m264",0.1079348511060333
0.1574980626916645,0.1574980626916645,0.1574980626916645,0.1733135137403278,0.1733135137403278,0.1710093493432389,0.1677222727187351,0.1686490039023494,0.1686490039023494,0.1686490039023494,0.1686490039023494,"Tourism,Monthly,m262",0.1825955883513799
0.2034750494026477,0.2034750494026477,0.2034750494026477,0.1834330309886397,0.1834330309886397,0.1993981616521855,0.1993981616521855,0.1935336406777431,0.2017434504606134,0.2017434504606134,0.2017434504606134,"Tourism,Monthly,m263",0.1885178643636794
0.0676403409613637,0.0676403409613637,0.0676403409613637,0.0663092977175986,0.0657824496565803,0.0657824496565803,0.0657824496565803,0.0657824496565803,0.0674214776843368,0.0542256143903042,0.0677083382877224,"Tourism,Monthly,m270",0.1841234817075835
0.1288893441173534,0.1288893441173534,0.1288893441173534,0.1288893441173534,0.1288893441173534,0.1271101542683443,0.1170332020139853,0.1164390909594133,0.1164390909594133,0.1164390909594133,0.1164390909594133,"Tourism,Monthly,m273",0.1180392603052623
0.0430500467914765,0.0430500467914765,0.0430500467914765,0.0430500467914765,0.0430500467914765,0.0435385796039135,0.0435773464658119,0.0435773464658119,0.0435773464658119,0.0435773464658119,0.0435773464658119,"Tourism,Monthly,m274",0.1171626826060026
0.0554444374434404,0.0554444374434404,0.0554444374434404,0.0553391009049896,0.0553391009049896,0.0591747275688155,0.0591747275688155,0.0557415243329047,0.0557415243329047,0.0557415243329047,0.055371849822543,"Tourism,Monthly,m278",0.1027803647140167
0.0406445581997046,0.0406445581997046,0.0406445581997046,0.0406445581997046,0.0406445581997046,0.046503454017715,0.0393689933224274,0.0393689933224274,0.0393689933224274,0.0393689933224274,0.0367419225334944,"Tourism,Monthly,m281",0.2965872080042714
0.1092234156475309,0.1092234156475309,0.1092234156475309,0.1092234156475309,0.1054720418783226,0.1051727088835921,0.1051727088835921,0.1051727088835921,0.1072692692342287,0.1072692692342287,0.1072692692342287,"Tourism,Monthly,m283",0.1622266737197274
0.0262554914070071,0.0262554914070071,0.0262554914070071,0.0260918215358552,0.0268827204154587,0.0268827204154587,0.0270257229445255,0.0269493282076643,0.0269493282076643,0.0269493282076643,0.0269493282076643,"Tourism,Monthly,m29",0.0638227506073779
0.0451895598346583,0.0451895598346583,0.0451895598346583,0.0451895598346583,0.0451895598346583,0.0440159308401639,0.0440159308401639,0.0440159308401639,0.0440159308401639,0.0440159308401639,0.0440159308401639,"Tourism,Monthly,m294",0.2951852268760045
0.0693977369508976,0.0676289918452039,0.0594293316878347,0.0428324766026171,0.0428324766026171,0.0420169249561124,0.0420169249561124,0.0602269742273568,0.0644616853772311,0.0644616853772311,0.0644616853772311,"Tourism,Monthly,m293",0.286376783684985
0.0373634155124557,0.0373634155124557,0.0552826933114851,0.0592871308127547,0.0373634155124557,0.0236533939040558,0.0240175597133388,0.0240175597133388,0.0240175597133388,0.0240175597133388,0.0240175597133388,"Tourism,Monthly,m297",0.2613369748233592
0.0688205120770422,0.0688205120770422,0.0713391677011076,0.0627718694022095,0.0627718694022095,0.0718248775294703,0.0671770723819353,0.0671770723819353,0.0671770723819353,0.0671770723819353,0.0671770723819353,"Tourism,Monthly,m303",0.3053052354126805
0.0456959588455411,0.0456959588455411,0.0456959588455411,0.0456959588455411,0.0544265509436482,0.060703136561292,0.0544265509436482,0.0595200053293767,0.0608226857528888,0.0608226857528888,0.0608226857528888,"Tourism,Monthly,m306",0.1319127164275342
0.0297791612788941,0.0297791612788941,0.0297791612788941,0.0297791612788941,0.027814312200072,0.0406404607731458,0.0406404607731458,0.0406404607731458,0.0406404607731458,0.0408869042335282,0.0408869042335282,"Tourism,Monthly,m309",0.0905801721718847
0.0297498025998053,0.0297498025998053,0.0297498025998053,0.0297498025998053,0.0297498025998053,0.0293256945170486,0.0293256945170486,0.0280480618106637,0.0280480618106637,0.0294147529615448,0.0294147529615448,"Tourism,Monthly,m314",0.1343124916246649
0.0379083960725572,0.0379083960725572,0.0379083960725572,0.0379083960725572,0.0379083960725572,0.0386568435520891,0.0386568435520891,0.0386568435520891,0.0375540693410354,0.0375540693410354,0.0375540693410354,"Tourism,Monthly,m326",0.292592738353484
0.047773972450842,0.047773972450842,0.047773972450842,0.047773972450842,0.047773972450842,0.0440087113665004,0.0440087113665004,0.0435579607640464,0.0435579607640464,0.0435579607640464,0.0435579607640464,"Tourism,Monthly,m325",0.3003001898159504
0.0585047408977971,0.0585047408977971,0.0585047408977971,0.0585047408977971,0.0585047408977971,0.057803576122713,0.0570318554304336,0.0568594654881154,0.0568594654881154,0.0568594654881154,0.0568594654881154,"Tourism,Monthly,m335",0.1048216168307292
0.2115482076473229,0.2149290934992292,0.2149290934992292,0.2149290934992292,0.2159696053007012,0.2185299639931938,0.2185299639931938,0.2145859434856581,0.2145859434856581,0.2145859434856581,0.2150998144608692,"Tourism,Monthly,m333",0.2378950888581149
0.173482783015414,0.173482783015414,0.173482783015414,0.173482783015414,0.1731981107176876,0.1731981107176876,0.1728719299536403,0.172689517122009,0.1736398292833139,0.172689517122009,0.172689517122009,"Tourism,Monthly,m337",0.1644147345363644
0.0179411552161822,0.0179411552161822,0.0179411552161822,0.0194297189564344,0.0196095444469335,0.0205899708465295,0.0204591445075573,0.0200849305372336,0.0200849305372336,0.0200849305372336,0.0200849305372336,"Tourism,Monthly,m34",0.2313962085391753
0.0875491435121655,0.0875491435121655,0.0875491435121655,0.0875491435121655,0.0875491435121655,0.0875491435121655,0.0885159883457938,0.0887063925951494,0.0887063925951494,0.0903955548750581,0.0903955548750581,"Tourism,Monthly,m347",0.0882535867083157
0.0622551067227707,0.0790384616543866,0.0650898135262629,0.0790384616543866,0.0790384616543866,0.0440616842258927,0.0940150168780767,0.0940150168780767,0.0940150168780767,0.0940150168780767,0.0940150168780767,"Tourism,Monthly,m357",0.2450781191763462
0.1263602161768301,0.1263602161768301,0.1263602161768301,0.1276411876661857,0.1276411876661857,0.1276411876661857,0.1276411876661857,0.1276411876661857,0.1261896443141937,0.1261896443141937,0.1264086608079213,"Tourism,Monthly,m364",0.1313741387717721
0.1351577057372528,0.1351577057372528,0.1351577057372528,0.1351577057372528,0.1473321197273406,0.1351577057372528,0.3768042929264515,0.3768042929264515,0.3119549970686364,0.3119549970686364,0.3119549970686364,"Tourism,Monthly,m363",0.7432650142404263
0.0467377871985367,0.0467377871985367,0.0467377871985367,0.041801769188577,0.041801769188577,0.0300605244313984,0.0300605244313984,0.0300605244313984,0.0300605244313984,0.0300605244313984,0.0300605244313984,"Tourism,Monthly,m4",0.0823714290107727
0.0680422714969684,0.0668613681342263,0.0668613681342263,0.0678570850151445,0.0678570850151445,0.0678570850151445,0.0718772305889464,0.0718772305889464,0.0718772305889464,0.0718772305889464,0.0718772305889464,"Tourism,Monthly,m38",0.0766967045454549
0.0783789260073696,0.0790722743415102,0.0790722743415102,0.0790722743415102,0.0791107433176723,0.1041333802534195,0.1041333802534195,0.1041333802534195,0.1041333802534195,0.1041333802534195,0.1041333802534195,"Tourism,Monthly,m39",0.1819075403708926
0.0402486129670313,0.0402486129670313,0.0296211538673423,0.049516929049148,0.049516929049148,0.049516929049148,0.049516929049148,0.049516929049148,0.0296211538673423,0.0426424201660218,0.0426424201660218,"Tourism,Monthly,m49",0.1405901283320371
0.0604253916386962,0.0604253916386962,0.0604253916386962,0.0604253916386962,0.0604253916386962,0.0606746440881575,0.0606746440881575,0.0606746440881575,0.0606746440881575,0.0606746440881575,0.0606746440881575,"Tourism,Monthly,m59",0.1137862650637838
0.0487069725939328,0.0444806185030715,0.0442249958327958,0.0442249958327958,0.0466614275092697,0.0418655666827631,0.0418655666827631,0.0418655666827631,0.0418655666827631,0.0471753449314247,0.0471753449314247,"Tourism,Monthly,m58",0.0909969452813953
0.0753239053226495,0.0755788193078609,0.0753239053226495,0.0755859998075397,0.0755859998075397,0.0755859998075397,0.0755859998075397,0.065288702005931,0.065288702005931,0.065288702005931,0.065288702005931,"Tourism,Monthly,m60",0.1110790887055088
0.0233392074034031,0.0233392074034031,0.0233392074034031,0.022854456127275,0.022854456127275,0.0233392074034031,0.0233392074034031,0.0233392074034031,0.0233392074034031,0.0233392074034031,0.0233392074034031,"Tourism,Monthly,m66",0.0868690356497135
0.0395396901949148,0.0395396901949148,0.0395396901949148,0.0395396901949148,0.0395396901949148,0.0421422258563888,0.0394456459917493,0.0394456459917493,0.0394456459917493,0.0394456459917493,0.0394456459917493,"Tourism,Monthly,m67",0.1023105863703733
0.0357505886877642,0.0357505886877642,0.0357505886877642,0.0357505886877642,0.0357505886877642,0.0357505886877642,0.0357505886877642,0.0357505886877642,0.0357505886877642,0.0357505886877642,0.0389688514572906,"Tourism,Monthly,m68",0.2706293157740286
0.035720256145571,0.035720256145571,0.035720256145571,0.035720256145571,0.035720256145571,0.0359225428607325,0.0359225428607325,0.0359225428607325,0.0359225428607325,0.0359225428607325,0.0359225428607325,"Tourism,Monthly,m65",0.0801155384222069
0.0362907906487474,0.0362907906487474,0.0362907906487474,0.0211575483295649,0.0211575483295649,0.0244837894937067,0.0244837894937067,0.0211575483295649,0.0229356613668794,0.0229356613668794,0.0229356613668794,"Tourism,Monthly,m7",0.0501940760629809
0.0494491971368404,0.0494491971368404,0.0490248369266355,0.0481320592616007,0.0450740935381543,0.04572475486248,0.04572475486248,0.0450740935381543,0.0450740935381543,0.0455655901398104,0.0455655901398104,"Tourism,Monthly,m75",0.0759953120689164
0.0557543733451308,0.0649254346908359,0.0649254346908359,0.0649254346908359,0.0649254346908359,0.0649254346908359,0.0649254346908359,0.0558639754364689,0.0577424146742122,0.0577424146742122,0.0558639754364689,"Tourism,Monthly,m93",0.2057062149938525
0.0589331505480095,0.0589331505480095,0.0586103692368714,0.0586978081066323,0.0586978081066323,0.0586978081066323,0.0679488409517713,0.0650490842089457,0.0676304193492578,0.0676304193492578,0.0676304193492578,"Tourism,Monthly,m96",0.1157191797943762
0.0461070087485285,0.0461070087485285,0.0461070087485285,0.0461070087485285,0.0461070087485285,0.0461070087485285,0.04294827635028,0.04294827635028,0.04294827635028,0.04294827635028,0.04294827635028,"Tourism,Monthly,m10",0.0834590059910934
0.0799991801371628,0.0799991801371628,0.0799991801371628,0.0799991801371628,0.0799991801371628,0.0659688610842988,0.0659688610842988,0.0659688610842988,0.0755261900674185,0.0755261900674185,0.0667811559888691,"Tourism,Monthly,m105",0.1525077931682421
0.1046911385279694,0.1046911385279694,0.1352844830096335,0.0929384690177833,0.0884239357806484,0.0884239357806484,0.0884239357806484,0.0967711730166166,0.0976033025100586,0.0970377150713488,0.0949817802341995,"Tourism,Monthly,m103",0.1818701153979543
0.1485222145590611,0.1485222145590611,0.1485222145590611,0.1485222145590611,0.1485222145590611,0.1448867831628173,0.151124736122467,0.1473667000005075,0.1473667000005075,0.1473667000005075,0.1440845756624963,"Tourism,Monthly,m109",0.1489113869643969
0.0855479432784135,0.0855479432784135,0.0855479432784135,0.0855479432784135,0.0855479432784135,0.0855479432784135,0.0769786122160225,0.0769786122160225,0.0769786122160225,0.0769786122160225,0.0769786122160225,"Tourism,Monthly,m116",0.0998908040872758
0.106866998140224,0.106866998140224,0.106866998140224,0.106866998140224,0.106866998140224,0.106866998140224,0.1054605497738281,0.1054605497738281,0.1054605497738281,0.1054605497738281,0.1069696476612877,"Tourism,Monthly,m121",0.1689404935877165
0.0708837463403367,0.0773264092534381,0.0773264092534381,0.0773264092534381,0.0773264092534381,0.0690574151120401,0.0710444448472191,0.0710444448472191,0.0710444448472191,0.0710444448472191,0.0710444448472191,"Tourism,Monthly,m122",0.2184249397237415
0.0938886809684862,0.1147075399860421,0.1147075399860421,0.1146532751879865,0.1113149330850849,0.1113149330850849,0.0993823603790834,0.0993823603790834,0.0901932920041714,0.0901932920041714,0.0901932920041714,"Tourism,Monthly,m126",0.2001641313152969
0.2716396179895471,0.2716396179895471,0.2716396179895471,0.2716396179895471,0.258031584010475,0.258031584010475,0.258031584010475,0.258031584010475,0.2845871273498567,0.2845871273498567,0.2845871273498567,"Tourism,Monthly,m134",0.3478204800289047
0.0318946034887657,0.0318946034887657,0.0318946034887657,0.0415758498604946,0.0415758498604946,0.0415758498604946,0.0325162852249101,0.0370918749139485,0.0370918749139485,0.0370918749139485,0.0370918749139485,"Tourism,Monthly,m137",0.3202217651278102
0.1152591117785303,0.1152591117785303,0.1152591117785303,0.1152591117785303,0.1147500745980356,0.1168424598136206,0.1168424598136206,0.1168424598136206,0.1168424598136206,0.1168424598136206,0.1168424598136206,"Tourism,Monthly,m143",0.12154133478341
0.0917392525597916,0.1052987538979109,0.1052987538979109,0.0941405743236705,0.0941405743236705,0.0910583332432251,0.0910583332432251,0.0910583332432251,0.0910583332432251,0.0861775713219571,0.0861775713219571,"Tourism,Monthly,m141",0.2425067525425634
0.1288082863402876,0.1288082863402876,0.1289378688415093,0.1281791237703016,0.1281791237703016,0.1244246984034956,0.1244246984034956,0.1242976460044595,0.1228988496306441,0.1228988496306441,0.1228988496306441,"Tourism,Monthly,m153",0.153502894757945
0.0360590672721,0.0360590672721,0.0360590672721,0.0360590672721,0.0360590672721,0.0412718551824674,0.0417684176773727,0.0417684176773727,0.0417820365459886,0.0417820365459886,0.0417820365459886,"Tourism,Monthly,m161",0.095090374676391
0.1515028243108629,0.1515028243108629,0.1515028243108629,0.1515028243108629,0.1515028243108629,0.1515028243108629,0.1580358012318517,0.1530426782498243,0.1530426782498243,0.1530426782498243,0.1530426782498243,"Tourism,Monthly,m160",0.1712532565165442
0.0323790423399754,0.0323790423399754,0.0323790423399754,0.0323790423399754,0.0327232602718078,0.0327399646965421,0.0327399646965421,0.0327399646965421,0.0327399646965421,0.0327399646965421,0.0327399646965421,"Tourism,Monthly,m166",0.1378885805741103
0.0404406918630218,0.0402787497231588,0.0402787497231588,0.0411259499004731,0.0406242225297327,0.040090358921884,0.040090358921884,0.040090358921884,0.040090358921884,0.040090358921884,0.0380949184278164,"Tourism,Monthly,m169",0.1784341276141676
0.0693186160519951,0.0693186160519951,0.0693186160519951,0.0693186160519951,0.0693186160519951,0.0693186160519951,0.0693186160519951,0.0629734279371492,0.0659492090073038,0.0659492090073038,0.0659492090073038,"Tourism,Monthly,m175",0.1216272574902629
0.0375757993579309,0.0375757993579309,0.0375757993579309,0.0375757993579309,0.0375757993579309,0.0399711503914088,0.0399711503914088,0.0399711503914088,0.0399711503914088,0.0399711503914088,0.0399711503914088,"Tourism,Monthly,m176",0.0748197583309745
0.031885572630155,0.031885572630155,0.031885572630155,0.031885572630155,0.031885572630155,0.0318829130952741,0.0320137377555836,0.0320137377555836,0.0320137377555836,0.0320137377555836,0.0320137377555836,"Tourism,Monthly,m178",0.0709780330659958
0.0423496169606803,0.0423496169606803,0.0423496169606803,0.0423496169606803,0.0423496169606803,0.0421386206104148,0.0423604166840551,0.0423604166840551,0.0481930755673683,0.0481930755673683,0.0481930755673683,"Tourism,Monthly,m194",0.1076168100055774
0.028619147694384,0.028619147694384,0.028619147694384,0.028619147694384,0.028619147694384,0.0337966998630209,0.0337966998630209,0.0359911543902107,0.0359911543902107,0.0359911543902107,0.0359911543902107,"Tourism,Monthly,m2",0.038774854137176
0.0844646612003836,0.0844646612003836,0.0842794695842084,0.0842794695842084,0.0842794695842084,0.0815333078513214,0.0815333078513214,0.0815333078513214,0.1099029982068736,0.1100439437220207,0.1100439437220207,"Tourism,Monthly,m202",0.1829962557151096
0.1262473463330447,0.1262473463330447,0.1262473463330447,0.1262473463330447,0.1262473463330447,0.1262473463330447,0.1269462909159093,0.125933283718844,0.1272146498221556,0.1272146498221556,0.1272146498221556,"Tourism,Monthly,m206",0.1573727621936535
0.0407233978675292,0.0407233978675292,0.0407233978675292,0.0407233978675292,0.0407233978675292,0.0407233978675292,0.0438926121286518,0.0423874642343546,0.0438926121286518,0.0438926121286518,0.042702037384754,"Tourism,Monthly,m21",0.1015751536341403
0.1180623678693251,0.1180623678693251,0.1180623678693251,0.1264999803892051,0.1264999803892051,0.1418982537479065,0.1220649731563857,0.1220649731563857,0.1384035697130832,0.1384035697130832,0.1384035697130832,"Tourism,Monthly,m214",0.1867503122480997
0.1581770164711856,0.1575789652752924,0.1578272559221883,0.1578272559221883,0.1578272559221883,0.1578272559221883,0.1610691868119987,0.1610763942400235,0.1610763942400235,0.1610763942400235,0.1610763942400235,"Tourism,Monthly,m219",0.1369655801032447
0.1135665912074628,0.1135665912074628,0.1061062699105655,0.1135665912074628,0.1135665912074628,0.1135665912074628,0.1140335189043873,0.1132847006427323,0.1132847006427323,0.1132847006427323,0.1132847006427323,"Tourism,Monthly,m221",0.1908350429720123
0.0736935082143831,0.0702756376429118,0.0702756376429118,0.0703293810551185,0.0703293810551185,0.0703293810551185,0.0701850485822464,0.0701850485822464,0.0787998822202221,0.0787776115756564,0.0787776115756564,"Tourism,Monthly,m226",0.1464069995280494
0.0718507241661583,0.0705093892286986,0.0705093892286986,0.0720099484280494,0.0720099484280494,0.0720099484280494,0.0771481064801216,0.0771481064801216,0.0771481064801216,0.0771481064801216,0.0771481064801216,"Tourism,Monthly,m228",0.1281572978644859
0.1414811789313216,0.1414811789313216,0.1342626187474686,0.1342626187474686,0.1342626187474686,0.1368458965230566,0.1377204945481706,0.1377204945481706,0.1377204945481706,0.1377204945481706,0.1377204945481706,"Tourism,Monthly,m229",0.1549319312394182
0.0489854666921063,0.0489854666921063,0.0488437444572416,0.0602731507807372,0.0457759472510418,0.0372114549020334,0.0359284993723982,0.0359284993723982,0.0359284993723982,0.0359284993723982,0.0359284993723982,"Tourism,Monthly,m237",0.1205432067008331
0.0594931391088712,0.0594621561422179,0.0594621561422179,0.0594621561422179,0.0594621561422179,0.0771152536166138,0.0653361818449745,0.0653361818449745,0.0653361818449745,0.06667042137323,0.06667042137323,"Tourism,Monthly,m24",0.1035546714315148
0.074169486133877,0.0719998095758611,0.0719998095758611,0.0719998095758611,0.0731614178138634,0.0735747391793165,0.0703300256021394,0.0703300256021394,0.0685281955311976,0.0685281955311976,0.0685281955311976,"Tourism,Monthly,m239",0.1080439793488751
0.2737893252004397,0.1361611986455961,0.1361611986455961,0.1361611986455961,0.2737893252004397,0.1361611986455961,0.1273701298796939,0.1319321858408336,0.1349138391335343,0.1349138391335343,0.1349138391335343,"Tourism,Monthly,m249",0.1505842831278903
0.0453928619757975,0.0480780224910309,0.0424471180046566,0.0480780224910309,0.0480780224910309,0.0424471180046566,0.0478791178684216,0.0478791178684216,0.0478791178684216,0.0478791178684216,0.0478791178684216,"Tourism,Monthly,m26",0.1088889133405606
0.0264874495485357,0.0264874495485357,0.0264874495485357,0.0266341991134271,0.0262054181768079,0.0266341991134271,0.0266341991134271,0.0269560337476055,0.0269560337476055,0.0269560337476055,0.0269560337476055,"Tourism,Monthly,m275",0.0609264747013154
0.057685286791349,0.057685286791349,0.057685286791349,0.057685286791349,0.057685286791349,0.05627037923461,0.0591560571336956,0.0591560571336956,0.0591560571336956,0.0591560571336956,0.0591560571336956,"Tourism,Monthly,m276",0.0739579133191627
0.0745414570559186,0.0751449046931023,0.0745414570559186,0.0750240382343463,0.0751449046931023,0.0618238349043549,0.0618238349043549,0.0618238349043549,0.0580941579838396,0.0580941579838396,0.0596006912419384,"Tourism,Monthly,m280",0.1354330897069515
0.1096281595781418,0.1096281595781418,0.1096281595781418,0.1096281595781418,0.1096281595781418,0.1158720967465919,0.1160766509065032,0.1160766509065032,0.1158666257331236,0.1158666257331236,0.1158666257331236,"Tourism,Monthly,m288",0.1603743445722551
0.0528092113136661,0.0500780190463718,0.0500780190463718,0.0500780190463718,0.0500780190463718,0.0500780190463718,0.0500780190463718,0.0628119663476064,0.0628119663476064,0.0628119663476064,0.0628119663476064,"Tourism,Monthly,m292",0.1287933912193596
0.0717988918103686,0.0796689155900496,0.0796689155900496,0.0796689155900496,0.0721965813840138,0.0721965813840138,0.0717411228391106,0.0709792041649505,0.0709792041649505,0.0704953249688223,0.0704953249688223,"Tourism,Monthly,m295",0.1231714348260395
0.0171963957015012,0.0171963957015012,0.0169915951294133,0.0169915951294133,0.0175898279040703,0.0174785587331264,0.0169864368198578,0.0175898279040703,0.0175898279040703,0.0175898279040703,0.0175898279040703,"Tourism,Monthly,m302",0.2573271497984774
0.0415531304682388,0.0415531304682388,0.0415531304682388,0.0415531304682388,0.0415531304682388,0.0415531304682388,0.0420856577218467,0.0422722048425923,0.0422722048425923,0.0422722048425923,0.0422722048425923,"Tourism,Monthly,m310",0.2320379893854799
0.1123104532040739,0.1123104532040739,0.105619690462179,0.105619690462179,0.105619690462179,0.105619690462179,0.105619690462179,0.1092142026334626,0.1092142026334626,0.1012657313289763,0.1012657313289763,"Tourism,Monthly,m311",0.1786075462053739
0.1144062775550059,0.1224647897080606,0.1224647897080606,0.1224647897080606,0.1224647897080606,0.1224647897080606,0.1267654873067406,0.1267654873067406,0.1267654873067406,0.1243771334672511,0.1243771334672511,"Tourism,Monthly,m315",0.3136647535311238
0.1450684968739755,0.1450684968739755,0.1383691130740624,0.1372220831607626,0.1383691130740624,0.1383691130740624,0.1397552752228204,0.14240274487711,0.14240274487711,0.14240274487711,0.14240274487711,"Tourism,Monthly,m316",0.245278840829275
0.1500991618239476,0.1500991618239476,0.1438665690561963,0.1438665690561963,0.1516258726584852,0.1368875908074257,0.1386716709622998,0.1386716709622998,0.1386716709622998,0.1386716709622998,0.1386716709622998,"Tourism,Monthly,m318",0.148935242670334
0.06437063043214,0.06437063043214,0.06437063043214,0.0711221956319835,0.06437063043214,0.06437063043214,0.0652072936550531,0.0652072936550531,0.0652072936550531,0.0652072936550531,0.0652072936550531,"Tourism,Monthly,m327",0.1198369098827484
0.0668362423672858,0.0632567199184373,0.0632567199184373,0.0657238016156935,0.0666930422715082,0.0668362423672858,0.0657238016156935,0.0657238016156935,0.0657238016156935,0.067114319834987,0.0631285943909917,"Tourism,Monthly,m328",0.1224645042446965
0.022017179908085,0.0225648924958363,0.0225648924958363,0.0230220351204389,0.0230220351204389,0.0230220351204389,0.0230220351204389,0.0230220351204389,0.0230220351204389,0.0237461992584338,0.0237461992584338,"Tourism,Monthly,m33",0.0878167554771454
0.0555519421932726,0.0555519421932726,0.0555519421932726,0.0555519421932726,0.0555519421932726,0.0446503477012109,0.0558033226542566,0.0545947644869738,0.0545947644869738,0.0390880194232959,0.0390880194232959,"Tourism,Monthly,m334",0.1258278854294308
0.0274737466892038,0.0274737466892038,0.0274737466892038,0.0275532774279258,0.0275532774279258,0.0282947170972173,0.0308514915492919,0.0308514915492919,0.0301665852026405,0.0301665852026405,0.0301665852026405,"Tourism,Monthly,m338",0.0431116765659805
0.0338356543793099,0.0338356543793099,0.0338356543793099,0.0338356543793099,0.0338356543793099,0.0338623500892535,0.0338623500892535,0.0337445406347177,0.0337694290662433,0.0337694290662433,0.0337694290662433,"Tourism,Monthly,m339",0.067968369627724
0.0721844990683008,0.0723179666592646,0.0731619171112847,0.0733853413328338,0.0733853413328338,0.0733853413328338,0.0681543110637982,0.055658618641183,0.0694888202651615,0.0711371326217554,0.069948204031941,"Tourism,Monthly,m348",0.0696266157315094
0.0175312416496476,0.0175312416496476,0.0192546030695649,0.0192546030695649,0.0204855220997134,0.0159649304999116,0.0159649304999116,0.0159649304999116,0.0159649304999116,0.0159649304999116,0.0159649304999116,"Tourism,Monthly,m350",0.057935648657283
0.019970274082096,0.019970274082096,0.019970274082096,0.019970274082096,0.015234980002973,0.015234980002973,0.015234980002973,0.0174537777289514,0.0174537777289514,0.0174537777289514,0.0174537777289514,"Tourism,Monthly,m351",0.1283305350121718
0.019857136605686,0.0205416315320922,0.021423249120332,0.021423249120332,0.0217317982423159,0.0217317982423159,0.0217317982423159,0.0217317982423159,0.0213980502436846,0.0213980502436846,0.0212914884915685,"Tourism,Monthly,m352",0.0446628314656148
0.1441317825186175,0.127517773235053,0.1226967507058607,0.1226967507058607,0.1226967507058607,0.1226967507058607,0.1275750549468661,0.1531055814755242,0.1531055814755242,0.1531055814755242,0.1531055814755242,"Tourism,Monthly,m355",0.3875432745071555
0.0129734093688033,0.0118224739069586,0.0129734093688033,0.0129734093688033,0.010935528326751,0.0118320302393358,0.0118320302393358,0.0108113913665128,0.0108113913665128,0.0108113913665128,0.0108113913665128,"Tourism,Monthly,m36",0.0600090386705341
0.0516041420654721,0.0516041420654721,0.0516041420654721,0.0537879826418878,0.0505785906468451,0.0537879826418878,0.0429580892252452,0.0457786218028227,0.0456558971252463,0.0457786218028227,0.0457786218028227,"Tourism,Monthly,m37",0.0917617716015202
0.0838357418660819,0.0658738290572673,0.0814692581295752,0.0821845999567398,0.0814692581295752,0.0814692581295752,0.0847121925439837,0.0847121925439837,0.0870968940640295,0.0870968940640295,0.0870968940640295,"Tourism,Monthly,m45",0.0875832895554188
0.0344458326483487,0.0344458326483487,0.0344458326483487,0.0344458326483487,0.0344458326483487,0.0300672323932727,0.0283944826807559,0.0283944826807559,0.0283944826807559,0.0283944826807559,0.0283944826807559,"Tourism,Monthly,m5",0.0369993600831844
0.0438243242636321,0.0355767751729025,0.0368553827197337,0.0368553827197337,0.0368553827197337,0.0366041124216912,0.0366041124216912,0.037922156353065,0.0366041124216912,0.0366041124216912,0.0372327902718541,"Tourism,Monthly,m53",0.1011868987817737
0.0315563909454024,0.0308793056821325,0.0296936269967756,0.0287983906138412,0.0314433207054137,0.0287633650112477,0.0287657238907267,0.028512400667498,0.028512400667498,0.0283081801373383,0.028512400667498,"Tourism,Monthly,m55",0.0777755032521298
0.0326067741802592,0.023639798326027,0.0205715053805389,0.025889060802832,0.025889060802832,0.026351489390621,0.0239856321489822,0.0239856321489822,0.0239856321489822,0.0239856321489822,0.0239856321489822,"Tourism,Monthly,m52",0.1723720730464202
0.0384194829048841,0.0384194829048841,0.0384019360046615,0.0384019360046615,0.0384019360046615,0.0384019360046615,0.0391443395050348,0.0391351623852806,0.0377220575640207,0.0386622013127299,0.0386622013127299,"Tourism,Monthly,m56",0.0958592356283375
0.0114287307616962,0.0114287307616962,0.0114287307616962,0.0114287307616962,0.0114287307616962,0.0118728870287281,0.0113904227568348,0.0118728870287281,0.0118728870287281,0.0118728870287281,0.0118728870287281,"Tourism,Monthly,m72",0.0714356262406125
0.044483902070612,0.044483902070612,0.044483902070612,0.044483902070612,0.044483902070612,0.044483902070612,0.044483902070612,0.0442540029011921,0.04447950415629,0.04447950415629,0.04447950415629,"Tourism,Monthly,m74",0.0587464280354488
0.0558930652865787,0.0559457272104574,0.0559457272104574,0.0559457272104574,0.0559457272104574,0.0519191926143821,0.0519191926143821,0.0519191926143821,0.0325393130061399,0.0321377571226418,0.0321377571226418,"Tourism,Monthly,m8",0.0403752616716891
0.0571612939767583,0.0575267252130418,0.0596746312561534,0.0501844272603465,0.0501844272603465,0.0501844272603465,0.0501844272603465,0.0501844272603465,0.052446479395681,0.052446479395681,0.0748391647972509,"Tourism,Monthly,m79",0.0642449756189098
0.0392577458662773,0.0392577458662773,0.0392577458662773,0.0392577458662773,0.0392577458662773,0.0392577458662773,0.0392577458662773,0.0442372076908053,0.0442372076908053,0.0442372076908053,0.0442372076908053,"Tourism,Monthly,m89",0.078123915141597
0.032934876871607,0.032934876871607,0.032934876871607,0.032934876871607,0.032934876871607,0.0333935962653154,0.0329637205405163,0.0329637205405163,0.0329637205405163,0.0329637205405163,0.0329637205405163,"Tourism,Monthly,m91",0.047739974293562
