unique_id,MetaARIMA(3),MetaARIMA(10),MetaARIMA(25),MetaARIMA(50),MetaARIMA(100),MetaARIMA(150),MetaARIMA(200),MetaARIMA(250),MetaARIMA(300),MetaARIMA(350),AutoARIMA
T000000,3.5133548594339326,3.5130602619895153,3.5130602619895153,3.5130602619895153,3.387193412066891,3.4164004903033374,3.387193412066891,3.4386954104740894,3.5130602619895153,3.5130602619895153,3.5130602619895153
T000001,2.1959322096863145,2.130240405014809,2.2117135938747587,2.440221217495022,2.440221217495022,2.2117135938747587,2.440221217495022,2.2117135938747587,2.2117135938747587,2.556900898678735,2.1595053437270186
T000002,1.4398108477495384,1.4398108477495384,1.4398108477495384,1.4398108477495384,1.4325420532967457,1.4325420532967457,1.4398108477495384,1.4398108477495384,1.4398108477495384,1.4398108477495384,2.2161752580847875
T000003,1.121364163221077,1.5969828606578604,1.8496559371267336,1.5969828606578604,0.7167814286117205,0.7167814286117205,1.5969828606578604,1.5969828606578604,1.5969828606578604,0.7167814286117205,3.402593159183047
T000004,3.1094441036057954,5.168127431765647,5.168127431765647,5.168127431765647,5.168127431765647,5.172988384245224,5.172988384245224,5.172988384245224,5.172988384245224,5.172988384245224,4.3766517219061845
T000005,2.094243477053087,1.9717498845689945,1.9717498845689945,2.090187011688065,2.18396955343821,1.9717498845689945,2.234226538494682,1.9717498845689945,2.094243477053087,2.121671193531836,2.324101633451328
T000006,1.418675369124525,1.1285515375113864,0.9469806551097996,1.1948693122252894,1.418675369124525,1.3905977510957106,1.18859187005694,1.18859187005694,0.9419027641629373,0.9419027641629373,0.7764696870793254
T000007,0.1954721054815447,0.2760160061307891,0.2718804908264092,0.147216672967971,0.147216672967971,0.147216672967971,0.147216672967971,0.147216672967971,0.147216672967971,0.147216672967971,0.4024326807361102
T000008,0.7713628916932649,0.7713628916932649,0.4786577487374086,0.836893182080003,0.836893182080003,0.836893182080003,0.836893182080003,0.836893182080003,0.836893182080003,0.836893182080003,0.6403574319608956
T000009,2.008375001412822,1.2619123054052956,2.008375001412822,2.008375001412822,1.199488983979988,2.008375001412822,2.008375001412822,2.008375001412822,1.2619123054052956,2.008375001412822,1.5974528642444161
T000010,2.355225525621663,2.355225525621663,2.355225525621663,2.355225525621663,2.355225525621663,2.355225525621663,2.355225525621663,2.355225525621663,2.355225525621663,2.355225525621663,3.1398667242035976
T000011,1.7014967892025656,0.5886755566836733,1.694817315055471,1.7014967892025656,1.7014967892025656,1.7014967892025656,1.694817315055471,1.7014967892025656,1.7014967892025656,0.5886755566836733,2.005508239321306
T000012,0.3360960068720955,0.30911489667247843,0.28587436898151003,0.34068596975277254,0.32931404324488306,0.28587436898151003,0.30911489667247843,0.34068596975277254,0.32931404324488306,0.32931404324488306,0.3250127530167656
T000013,1.5120356236824477,1.545967302605753,1.545967302605753,1.5240224117075243,1.1289522115229758,0.7921592763100809,1.545967302605753,1.545967302605753,1.545967302605753,1.545967302605753,4.882173353364397
T000014,0.901170431743072,0.9990124213190601,1.0141055551458154,1.0141055551458154,0.9285962493776051,1.0141055551458154,1.0141055551458154,0.9990124213190601,0.901170431743072,0.901170431743072,0.8344874805961869
T000015,2.3948123622267037,2.3948123622267037,2.3948123622267037,2.5431603881378777,2.5431603881378777,2.401012400696159,2.401012400696159,2.5431603881378777,2.5431603881378777,2.5431603881378777,1.7458041623477998
T000016,0.7753118682939502,0.7740874337715228,0.7958490085300258,0.7811394309932715,0.7797793696232643,0.7797793696232643,0.7740874337715228,0.7811394309932715,0.7811394309932715,0.7811394309932715,1.1215265404425845
T000017,1.2489170997032837,0.8402978439850147,0.8402978439850147,1.2489170997032837,0.8402978439850147,0.8402978439850147,0.8402978439850147,0.8402978439850147,0.8402978439850147,0.6580869236290214,1.2489170997032837
T000018,1.159125413393181,1.2052016470318554,1.0808277896712655,1.0808277896712655,1.0808277896712655,1.0808277896712655,1.0808277896712655,1.0808277896712655,1.0808277896712655,1.0808277896712655,1.0808277896712655
T000019,0.6701104741085673,0.5156991162918834,0.6701104741085673,0.6701104741085673,0.6701104741085673,0.6701104741085673,0.6701104741085673,0.6701104741085673,0.6515951739107516,0.6515951739107516,0.4808418303805043
T000020,2.191928375824351,1.236181675526617,1.2173367261330725,1.236181675526617,1.2173367261330725,1.236181675526617,1.236181675526617,1.236181675526617,1.925522101855953,1.2173367261330725,1.641787859957461
T000021,1.2749314672297558,1.384732432381024,1.384732432381024,1.384732432381024,1.3927712333070277,1.384732432381024,1.384732432381024,1.384732432381024,1.3927712333070277,1.3927712333070277,1.3176204854721498
T000022,0.9550009697277047,1.205470766196743,1.1409668900889058,0.827340288999836,0.9550009697277047,0.9550009697277047,0.9392545161663198,1.2089194413838105,1.2089194413838105,1.208533315869439,1.260960201675425
T000023,2.2380392399777,2.3067784463119665,2.204033272718125,2.3067784463119665,2.3067784463119665,2.3067784463119665,2.3067784463119665,2.3067784463119665,2.3067784463119665,2.2824576821567244,2.714653094441018
T000024,0.8263207109321565,0.8263207109321565,0.8263207109321565,0.8263207109321565,0.8263207109321565,1.0227491242622366,1.0227491242622366,1.0179781666178152,1.0227491242622366,1.0227491242622366,0.4647479439666059
T000025,1.9844655778408904,2.0031064052118284,2.0031064052118284,2.0031064052118284,2.0031064052118284,2.0221462386685194,2.0221462386685194,2.0221462386685194,1.6762865585854716,2.198751801155646,1.9033099484483467
T000026,0.7082071487797982,0.7082071487797982,0.7082071487797982,0.7956931885115286,0.7082071487797982,0.7082071487797982,0.7956931885115286,0.7956931885115286,0.7082071487797982,0.9387171567970211,0.7159465517764781
T000027,0.5052297949677589,0.3325315047477708,0.3325315047477708,0.42338823220913496,0.42338823220913496,0.42338823220913496,0.42338823220913496,0.3325315047477708,0.42338823220913496,0.42338823220913496,0.38096900663206096
T000028,0.7953969769241697,0.7953969769241697,0.7953969769241697,0.7953969769241697,0.7116027972147001,0.8340118565561127,0.8340118565561127,0.7953969769241697,0.7953969769241697,0.7936305819870486,1.6336066784869974
T000029,0.6012278649284606,0.7855482176495939,0.7035744563729885,0.7035744563729885,0.7035744563729885,0.7035744563729885,0.7035744563729885,0.7035744563729885,0.7035744563729885,0.7035744563729885,0.5942644826016048
T000030,0.6878006104352141,0.6489342625645951,0.6489342625645951,0.6788095139539069,0.6788095139539069,0.6788095139539069,0.6788095139539069,0.6332703953850088,0.6489342625645951,0.6788095139539069,0.8690565838139352
T000031,0.7905751416170652,0.7043243749445246,0.7043243749445246,0.7043243749445246,0.7043243749445246,0.7043243749445246,0.7043243749445246,0.7043243749445246,0.7043243749445246,0.7043243749445246,0.7043243749445246
T000032,0.7162166353284674,0.7468612022326963,0.7486592337796643,0.7465951124936852,0.7465951124936852,0.7468612022326963,0.7486592337796643,0.7162166353284674,0.7486592337796643,0.7486592337796643,0.4286475349096725
T000033,3.4004400694347856,1.1607981306860722,0.6512335097381824,0.6512335097381824,1.1607981306860722,1.1607981306860722,1.1607981306860722,1.143742627027319,1.1607981306860722,1.1607981306860722,0.9277272576436862
T000034,0.19020428679896728,0.19131470460691827,0.18474322301793714,0.18474322301793714,0.15377771021912218,0.15377771021912218,0.15377771021912218,0.15377771021912218,0.15377771021912218,0.15377771021912218,0.18167075280242237
T000035,1.5404549629706747,1.1369025511757855,1.9815814903432656,1.1369025511757855,1.9815814903432656,1.9815814903432656,1.9815814903432656,1.9815814903432656,1.5697162919497274,1.5697162919497274,2.098492701881743
T000036,0.9522997528662674,0.9522997528662674,0.9522997528662674,0.7909946949906118,0.7909946949906118,0.7909946949906118,0.7909946949906118,0.7909946949906118,0.7469046557891673,0.7469046557891673,0.8479156622047083
T000037,3.210082241735183,2.776894854551082,2.776894854551082,2.776894854551082,2.776894854551082,2.776894854551082,2.776894854551082,2.776894854551082,2.869819898540656,3.2775272142443095,3.35298694300064
T000038,1.086160810851089,1.1733666526670607,0.7674512843096839,1.1733666526670607,1.1733666526670607,1.1733666526670607,1.1733666526670607,0.9719825604677488,0.9719825604677488,0.9719825604677488,1.0190424729041712
T000039,5.101202211687818,4.475629864444345,4.475629864444345,4.475629864444345,4.680094464945908,4.868050660486216,4.680094464945908,4.475629864444345,4.475629864444345,4.475629864444345,5.067276918587777
T000040,0.6959446406497768,0.45813578313613823,0.45813578313613823,0.48603264786834455,0.48951538205785494,0.48603264786834455,0.48951538205785494,0.5264399587014665,0.47846850710633093,0.47846850710633093,0.46179836163719556
T000041,6.6498466878186235,6.6498466878186235,6.547593570192285,6.547593570192285,6.547593570192285,6.547593570192285,6.547593570192285,6.547593570192285,6.547593570192285,6.547593570192285,6.101667600384199
T000042,2.187309175218613,2.0195043767505703,2.0350663787732035,1.9585004514795514,1.9585004514795514,1.9585004514795514,1.9585004514795514,2.187309175218613,1.9585004514795514,1.9585004514795514,2.0082524985964456
T000043,4.052447748267439,3.8768669214252696,4.0416714822186455,4.0222802938689455,4.052447748267439,4.052447748267439,4.052447748267439,4.022587980086819,4.052447748267439,4.052447748267439,4.265310446098863
T000044,4.334202242825344,3.972816083033114,3.972816083033114,3.972816083033114,3.972816083033114,3.972816083033114,3.972816083033114,3.972816083033114,3.972816083033114,3.972816083033114,3.240240612860127
T000045,0.6139024220553534,0.6210014054498653,0.6210014054498653,0.6210014054498653,0.6210014054498653,0.6210014054498653,0.6210014054498653,0.6210014054498653,0.6210014054498653,0.6210014054498653,0.7713447266203964
T000046,0.3348756790576422,0.3482283955913318,0.3482283955913318,0.33881933738551107,0.33881933738551107,0.3250119766732307,0.3250119766732307,0.3250119766732307,0.3250119766732307,0.3250119766732307,0.33881933738551107
T000047,0.5151722012781937,0.5151722012781937,0.4492602227801378,0.5151722012781937,0.4492602227801378,0.4492602227801378,0.4492602227801378,0.4492602227801378,0.4492602227801378,0.4492602227801378,0.43673017434622674
T000048,1.7892985814608617,1.7892985814608617,1.7892985814608617,1.7892985814608617,1.7892985814608617,1.7892985814608617,2.0838104412878007,1.7892985814608617,1.7892985814608617,2.0838104412878007,1.2376242852538761
T000049,2.010843708245032,1.2535035492312636,1.5669024194942212,1.5669024194942212,2.6734875420405437,1.5669024194942212,1.5669024194942212,1.085657124901075,1.5669024194942212,2.6396275975230195,2.51383628898539
T000050,0.8306850241496619,1.1503820789883508,0.4574088252921694,1.1503820789883508,0.5929835801622908,0.5929835801622908,1.0261370654283601,0.69342565577894,0.5929835801622908,0.5929835801622908,0.5929835801622908
T000051,1.0508821886359692,1.0508821886359692,1.1075524675924409,1.0508821886359692,1.0636177192038074,1.0636177192038074,1.3157472511847474,1.1052206459625313,1.1052206459625313,1.1052206459625313,1.0508821886359692
T000052,1.7198439033994988,1.7198439033994988,1.9212668077207449,1.8474794747813097,1.9212668077207449,1.9900126174086736,1.9900126174086736,1.9212668077207449,1.9900126174086736,1.9212668077207449,1.8346336615596244
T000053,1.0196944198556634,0.7616015841271756,1.0072528363868618,1.0072528363868618,1.0072528363868618,1.0072528363868618,1.0072528363868618,1.0072528363868618,1.0072528363868618,1.0072528363868618,1.0061457480475477
T000054,1.9884910081122091,1.4710629329589686,1.3426824555905197,1.3426824555905197,1.3426824555905197,1.3426824555905197,1.3426824555905197,1.3426824555905197,1.3426824555905197,1.3426824555905197,2.136794876789002
T000055,1.8498090487197463,1.8498090487197463,1.8498090487197463,1.8498090487197463,1.633921378796794,1.8076862818537847,1.8076862818537847,1.8076862818537847,1.8076862818537847,1.8076862818537847,1.201545941095111
T000056,1.9496506495944925,1.9496506495944925,1.9496506495944925,1.5273630575235015,3.3250504247061876,3.3250504247061876,3.3250504247061876,3.3250504247061876,3.3250504247061876,3.3250504247061876,3.8904951213714463
T000057,0.9709903427404599,0.9652488118073157,0.9683076094333928,0.9683076094333928,0.9683076094333928,0.9683076094333928,0.9683076094333928,0.9683076094333928,0.9886496540748433,0.9683076094333928,0.5195962816684832
T000058,3.9895963014652125,5.2375744706526435,4.261260425862259,4.925713966512725,4.925713966512725,4.925713966512725,4.925713966512725,4.925713966512725,4.925713966512725,4.925713966512725,3.9895963014652125
T000059,2.394237720178453,2.096132924150413,2.2474583343410184,2.2474583343410184,2.2474583343410184,2.2474583343410184,2.2474583343410184,2.2474583343410184,2.2474583343410184,2.2474583343410184,2.694109064085894
T000060,2.212999538699994,2.212999538699994,2.9337845820464126,2.9337845820464126,2.6354973319398822,2.6354973319398822,2.6354973319398822,2.6354973319398822,2.6354973319398822,2.6354973319398822,2.0831737781115387
T000061,2.8933172112379366,2.8933172112379366,2.8933172112379366,2.8933172112379366,2.8933172112379366,2.8933172112379366,2.8552832411649582,2.8552832411649582,2.8552832411649582,2.8933172112379366,3.1066831892965676
T000062,2.564022267459862,2.45738094944253,2.5707951693158297,1.8590542779170496,1.6449897226354415,1.6449897226354415,1.6449897226354415,1.6449897226354415,1.6449897226354415,1.6929896144524528,3.194997612561153
T000063,1.4380917772301038,1.4127524164122618,1.4380917772301038,1.4127524164122618,1.4127524164122618,1.4127524164122618,1.4127524164122618,1.4118318275448487,1.5855422538071717,1.4127524164122618,1.4186085535170714
T000064,0.9332613376326735,0.8864380609642165,0.8864380609642165,1.20350833233246,1.039639314491353,1.039639314491353,1.039639314491353,1.039639314491353,0.8864380609642165,0.8864380609642165,0.8895020090524371
T000065,0.8589969113518567,0.8589969113518567,1.0446599476353344,1.0446599476353344,1.0446599476353344,1.0446599476353344,1.0446599476353344,1.0028387880969516,1.0446599476353344,1.0028387880969516,0.8046008149259581
T000066,1.1264329596035965,1.0823506056870835,1.4403977391773521,1.4403977391773521,1.118974301701513,1.118974301701513,1.118974301701513,1.0902117937117182,1.0902117937117182,1.0902117937117182,1.481070208554814
T000067,1.5373294837051248,1.5373294837051248,0.8881194308032709,0.8881194308032709,0.8881194308032709,0.8881194308032709,0.8881194308032709,0.6882454070720873,0.6882454070720873,0.8881194308032709,1.701201518691034
T000068,2.8762314107504836,2.07097449407281,2.07097449407281,2.07097449407281,2.07097449407281,2.07097449407281,2.07097449407281,2.07097449407281,2.07097449407281,2.07097449407281,3.0373041595799926
T000069,2.3488706323594712,2.3488706323594712,2.397664389880901,2.397664389880901,2.548897737371487,2.38429791808335,2.388246802251208,2.388246802251208,2.38429791808335,2.376579564853512,1.9093769819508624
T000070,0.5372633699111805,0.3971097869291047,0.544504099195914,0.544504099195914,0.5774489912587618,0.5774489912587618,0.42904909612476616,0.42904909612476616,0.544504099195914,0.544504099195914,0.5607080690864477
T000071,1.721110143892117,1.5459414677860528,1.8157087483935395,1.8157087483935395,1.8157087483935395,1.8157087483935395,1.8157087483935395,1.8157087483935395,1.721110143892117,1.721110143892117,1.8157087483935395
T000072,0.7012827250485956,1.1918538035599322,1.0682283199219575,1.0682283199219575,1.0682283199219575,1.0682283199219575,1.0682283199219575,0.7579004887005809,1.0682283199219575,1.0682283199219575,0.6939815465521038
T000073,0.6387355027149023,1.0831455614922907,1.1935484177532676,1.17196267900892,1.17196267900892,1.17196267900892,0.6387355027149023,0.6387355027149023,0.6387355027149023,1.17196267900892,0.6652902689703307
T000074,1.48545984259296,1.0269170095570679,1.6114877489465238,1.288475556028517,1.0672085148373855,1.0672085148373855,1.6526824587712838,1.288475556028517,1.6526824587712838,2.1273816340596743,1.3758605911465625
T000075,3.966065065744492,3.966065065744492,3.6349761756554564,4.021000123604793,4.021000123604793,4.021000123604793,3.6349761756554564,4.021000123604793,4.021000123604793,3.6349761756554564,3.823958207925825
T000076,0.5823513481745701,0.5797416130960503,0.5823513481745701,0.5823513481745701,0.5006149133413259,0.5006149133413259,0.5006149133413259,0.4629142296296138,0.544683260961,0.544683260961,0.3995913460188555
T000077,1.018039405450011,0.8716148288278014,0.8716148288278014,0.6936362838541346,0.6936362838541346,0.6936362838541346,0.6936362838541346,0.6936362838541346,0.6495976103810719,0.6495976103810719,1.1537740351389276
T000078,1.2998408719415144,1.3147288190225426,1.3147288190225426,1.2998408719415144,1.036810366144936,1.036810366144936,1.036810366144936,1.036810366144936,1.3147288190225426,1.3147288190225426,1.3125609853595803
T000079,0.6638529273175359,0.6275984186531167,0.6638529273175359,0.6638529273175359,0.6275984186531167,0.6275984186531167,0.6638529273175359,0.6093024826361642,0.6093024826361642,0.6275984186531167,0.703903613735243
T000080,0.43306882165365523,0.4209506573621795,0.43306882165365523,0.43306882165365523,0.43306882165365523,0.4209506573621795,0.43306882165365523,0.43306882165365523,0.4725082602900127,0.4725082602900127,0.7737427233055605
T000081,1.5121134697107148,1.5829333483848111,1.5829333483848111,1.5829333483848111,1.5829333483848111,1.5829333483848111,1.5829333483848111,1.5829333483848111,1.655183066862415,1.5136117464506817,2.1240120583673776
T000082,0.48909930229375514,0.48909930229375514,0.6531687667532401,0.6531687667532401,0.6531687667532401,0.6531687667532401,0.6531687667532401,0.6531687667532401,0.594824664491984,0.594824664491984,0.47035526001813005
T000083,0.7757555082261983,0.7757555082261983,0.8848844130210077,0.8848844130210077,0.8848844130210077,0.8848844130210077,0.8848844130210077,0.8848844130210077,0.8848844130210077,0.8848844130210077,0.693129410800182
T000084,0.86069040157312,0.7738574728972611,0.8453483947979755,0.8453483947979755,0.7738574728972611,0.7738574728972611,0.7738574728972611,0.7738574728972611,0.7738574728972611,0.8453483947979755,1.0755526988789976
T000085,0.989649404141129,0.989649404141129,0.989649404141129,0.989649404141129,0.989649404141129,1.1042742592980985,1.1042742592980985,0.989649404141129,1.0731445952797396,1.0731445952797396,1.0295217949136726
T000086,2.291996942557899,2.747127132535641,2.747127132535641,2.747127132535641,2.747127132535641,2.747127132535641,2.747127132535641,2.747127132535641,2.747127132535641,2.747127132535641,1.9195294938470995
T000087,1.8897316332159493,1.8897316332159493,2.1261514709457954,2.1261514709457954,1.7995088281665461,1.7995088281665461,2.1261514709457954,1.7995088281665461,1.7995088281665461,1.7995088281665461,1.5453503569914604
T000088,0.2693864148573325,0.331268421574064,0.26171203140781246,0.26171203140781246,0.26171203140781246,0.26171203140781246,0.26171203140781246,0.26171203140781246,0.26171203140781246,0.26171203140781246,0.2693864148573325
T000089,1.8713628112886826,1.7498760694654685,1.5281936511313616,1.5281936511313616,1.5281936511313616,1.674676931823361,1.5281936511313616,1.7498760694654685,1.7498760694654685,1.7498760694654685,1.5281936511313616
T000090,0.6706946490706445,0.8643115673915595,0.8643115673915595,0.8643115673915595,0.8643115673915595,0.8643115673915595,0.8643115673915595,0.8643115673915595,0.8643115673915595,0.8643115673915595,0.6828177488019137
T000091,1.1100321258920036,1.4107499707080555,1.5958271472382546,1.180824318544279,1.180824318544279,1.180824318544279,1.180824318544279,1.180824318544279,1.180824318544279,1.180824318544279,0.6329825593944476
T000092,1.1002380192680177,3.4703686352773144,1.2319170389880638,3.3232278360451137,2.396866927930437,2.060308169358958,3.3232278360451137,1.1002380192680177,2.4421129580671854,2.4421129580671854,1.4647096309510226
T000093,0.8175952393219563,1.07730680155608,0.8970219546647109,0.8970219546647109,0.8970219546647109,0.8970219546647109,0.8970219546647109,1.206100027950694,1.206100027950694,0.8970219546647109,0.9259883583029224
T000094,0.2930081533350349,0.7235707689576621,0.7235707689576621,0.7235707689576621,0.42126684331972963,0.7235707689576621,0.42126684331972963,0.7235707689576621,0.7235707689576621,0.3997700226199458,0.35098571588036387
T000095,0.590088327566091,0.590088327566091,0.590088327566091,0.590088327566091,0.590088327566091,0.590088327566091,0.590088327566091,0.590088327566091,0.590088327566091,0.620463174942787,0.6441492091658102
T000096,1.7186686234308015,1.658315788983942,1.8106892501579912,1.8106892501579912,1.2505258661071583,1.2505258661071583,1.2505258661071583,1.2505258661071583,1.269220989849191,1.2505258661071583,1.9699368336280725
T000097,0.749770834648742,0.9705277258913398,0.9705277258913398,0.549372180345792,0.5726630886669432,0.549372180345792,0.549372180345792,0.549372180345792,0.7327796107580007,0.7327796107580007,0.9891591382132693
T000098,0.8901608457715586,0.8901608457715586,0.8901608457715586,0.8901608457715586,0.8901608457715586,0.8901608457715586,0.8901608457715586,0.8901608457715586,0.8379433481137715,0.5876458969864321,1.045625867914932
T000099,1.0026193005992023,1.03465808030423,1.0026193005992023,1.0026193005992023,1.0026193005992023,1.0026193005992023,1.0026193005992023,1.429373747444903,1.429373747444903,1.0026193005992023,1.5909186015326269
T000100,0.7745557515198397,0.9441716644574303,0.9441716644574303,0.9441716644574303,0.9441716644574303,0.9441716644574303,0.9441716644574303,0.9441716644574303,0.8592143817954352,0.8592143817954352,0.7001377288125157
T000101,0.7059252551940264,0.5475968864287237,0.7059252551940264,0.5475968864287237,0.7643411246728987,0.7643411246728987,0.5475968864287237,0.8770683830796284,0.5475968864287237,0.8770683830796284,0.6192505664490572
T000102,0.6194167433449314,0.6194167433449314,0.6127569309492275,0.6170840803876539,0.6170840803876539,0.6170840803876539,0.6170840803876539,0.6170840803876539,0.6170840803876539,0.9840570872436682,2.9079420332754897
T000103,1.0196244072372942,1.5442992007407346,1.5450878704450692,1.5442992007407346,1.5196700934617162,1.5196700934617162,1.5196700934617162,1.5196700934617162,1.5196700934617162,1.5196700934617162,1.7673632224809073
T000104,1.4363172351006517,1.4363172351006517,1.4363172351006517,1.4363172351006517,1.4363172351006517,1.4363172351006517,1.4363172351006517,1.563441597774604,1.4363172351006517,1.4363172351006517,0.944023150733939
T000105,2.625585447336017,2.638241127850945,2.625585447336017,2.625585447336017,2.625585447336017,2.625585447336017,2.625585447336017,2.625585447336017,2.625585447336017,2.625585447336017,2.4913012304143027
T000106,1.005167408508287,1.005167408508287,1.005167408508287,1.0089209377869799,1.0128505979600613,1.0089209377869799,1.0128505979600613,1.0128505979600613,1.0128505979600613,1.0089209377869799,1.072634931577801
T000107,0.7046577591383584,0.8271566408694585,0.8271566408694585,0.8271566408694585,0.960053005456813,0.5463544899211829,0.960053005456813,0.5463544899211829,0.960053005456813,0.960053005456813,0.6800360791522345
T000108,1.4356791712025558,1.4356791712025558,1.5952202475159758,1.5952202475159758,1.5952202475159758,1.5952202475159758,1.5952202475159758,1.4565881396140723,1.5952202475159758,1.5952202475159758,1.4565881396140723
T000109,0.9472334478453239,1.1525433553184805,1.2074484832558299,1.4617686790617672,1.4617686790617672,1.4617686790617672,1.4617686790617672,1.4617686790617672,1.4617686790617672,1.4617686790617672,1.169142028295651
T000110,4.034006358374073,6.502772318953216,6.34101498643469,6.449314070689535,6.449314070689535,6.449314070689535,6.450530227916632,6.449314070689535,5.462269381667561,6.153272504620943,3.469646370877969
T000111,2.4751980662632964,2.4751980662632964,1.974234226178041,1.974234226178041,1.974234226178041,1.974234226178041,1.974234226178041,3.1116601903641774,3.1116601903641774,3.1116601903641774,3.5244794596393874
T000112,0.8879600661351947,0.8879600661351947,0.8879600661351947,1.3740557748519195,1.3740557748519195,1.3740557748519195,1.3740557748519195,1.3740557748519195,1.176196928436192,1.3740557748519195,0.6947623955412194
T000113,0.8865316938929959,0.4309596047004231,0.4309596047004231,0.4309596047004231,0.45087727040421144,0.45087727040421144,0.45087727040421144,0.4309596047004231,0.4309596047004231,0.4309596047004231,0.5935401069155598
T000114,0.8310978373857529,0.7374095867561693,0.7374095867561693,0.5096020205201539,0.7213749838078459,0.7213749838078459,0.7700674514621304,0.7213749838078459,0.5096020205201539,0.5096020205201539,0.4316251803429976
T000115,0.6405656764428158,0.6385469036411875,0.6725489273721952,0.6215032703044141,0.6977349652426623,0.6215032703044141,0.6405656764428158,0.6725489273721952,0.6385469036411875,0.6215032703044141,0.9786622215011163
T000116,0.61968753681589,0.640445310876221,0.8521454476257154,0.7316931236252211,0.7466179343590154,0.7316931236252211,0.7466179343590154,0.7316931236252211,0.6198991408207,0.7316931236252211,0.6636233667919619
T000117,1.6317908688950717,1.5674262025425474,1.5674262025425474,1.5674262025425474,1.5674262025425474,1.5674262025425474,1.809964798821091,1.5674262025425474,1.705293792094506,1.705293792094506,1.7289356096899464
T000118,0.2645510184933588,0.3593416981948096,0.2506592505515655,0.2506592505515655,0.3593416981948096,0.2506592505515655,0.2506592505515655,0.2506592505515655,0.2506592505515655,0.2506592505515655,0.3826749971205139
T000119,0.8364788711667782,0.7972556398327476,0.7972556398327476,0.8630062386123152,0.8630062386123152,0.8630062386123152,0.8630062386123152,0.6558070546669543,0.7625488184283643,0.7625488184283643,0.8554750787870075
T000120,1.1655133549979821,0.9874063894475368,0.9874063894475368,0.9874063894475368,1.5082851396027657,1.5082851396027657,1.5082851396027657,1.5082851396027657,1.2647419426966724,1.211366203200393,1.5961342233251528
T000121,1.4520509976381326,1.443297624218159,1.311523664190475,1.4503234256095123,1.4464951622948596,1.452545316423855,1.452545316423855,1.452545316423855,1.452545316423855,1.452545316423855,1.8854955222092007
T000122,4.05739036960155,3.955117731321232,3.955117731321232,3.928526873751626,3.928526873751626,3.928526873751626,3.928526873751626,3.928526873751626,3.8946511618737327,3.4266422354867827,3.928526873751626
T000123,1.018438652427629,0.8854269853196677,0.8845535001178593,0.882753632491842,0.8999898756916307,0.8999898756916307,0.8999898756916307,0.8999898756916307,0.8999898756916307,0.8999898756916307,0.9287869771066455
T000124,1.1277725293991758,1.1924884287940642,1.1448234240974153,1.1924884287940642,1.1924884287940642,1.1482812534215727,1.238951113368702,1.1482812534215727,1.1482812534215727,1.1482812534215727,1.166650735308125
T000125,1.0683906314819316,1.0683906314819316,0.9864530146127202,0.7104547715514555,0.729312351534896,0.729312351534896,1.1033903442665878,1.1033903442665878,0.7104547715514555,0.729312351534896,1.1536564980143924
T000126,1.0190220632648457,1.0190220632648457,1.0190220632648457,0.7944548818284002,1.0023611061525208,0.7889670798193108,1.0023611061525208,1.0023611061525208,1.0023611061525208,1.0023611061525208,1.0023611061525208
T000127,1.388767246295588,1.2624101528396918,1.3956857880749605,1.3956857880749605,1.3956857880749605,1.3956857880749605,1.3956857880749605,1.3956857880749605,1.3956857880749605,1.3956857880749605,1.3742437242071686
T000128,2.7465381286801724,1.5812228989896795,1.6469866207142485,1.4579078386913462,1.400195897530479,1.400195897530479,1.400195897530479,1.400195897530479,1.400195897530479,1.7265440423828062,1.7594133843358843
T000129,4.998112870710231,4.919153700904548,5.376228940919214,5.376228940919214,5.376228940919214,5.376228940919214,5.376228940919214,5.376228940919214,4.93766765896659,4.697614458180262,5.152804544669646
T000130,1.4718117148978505,1.4291262166007244,1.4620301559535858,1.4616834580215077,1.4402419788043879,1.4402419788043879,1.4402419788043879,1.4402419788043879,1.4402419788043879,1.4402419788043879,1.7582920047797375
T000131,1.5575629185360154,1.3338638855639042,1.504184794804575,1.7185590192719709,1.5926275248623116,1.5926275248623116,1.5926275248623116,1.884777508346075,1.884777508346075,1.344376036760441,1.6673565845664047
T000132,1.2831251691753331,1.2562393040754873,1.2562393040754873,1.2118827005922,1.2543886694675666,1.2543886694675666,1.2543886694675666,1.2543886694675666,1.2562393040754873,1.2379309689881604,1.380397209174705
T000133,1.5165687050694754,1.6350306108461141,1.7730363005645342,1.6350306108461141,1.6447410069047188,1.7730363005645342,1.6350306108461141,1.6350306108461141,1.6350306108461141,1.6350306108461141,1.323355879353301
T000134,1.9553535488766876,1.589485514446136,1.5878472287658247,1.586349011086103,1.590937401201331,1.659275132625415,1.659275132625415,1.6760373196426805,1.6760373196426805,1.5531113242852257,1.7182510279945709
T000135,3.5181114700418648,3.0239820667535238,3.0239820667535238,2.8998791212461676,2.917680019241575,2.917680019241575,2.917680019241575,2.917680019241575,2.917680019241575,2.917680019241575,3.5973926101988845
T000136,1.657425048519136,1.657425048519136,1.7999130829004417,1.7951052232788467,1.6801480452890067,1.6801480452890067,1.6801480452890067,1.6801480452890067,1.7024347929874732,1.657425048519136,2.6370584622968924
T000137,1.0352794155816094,1.24641064634092,1.0352794155816094,1.1781090929431337,1.1781090929431337,1.1781090929431337,1.1781090929431337,1.1781090929431337,1.1781090929431337,1.1781090929431337,1.1394050271663396
T000138,0.19898455265888954,0.20875109746882464,0.19730614175417524,0.19898455265888954,0.584072360248642,1.198625497786548,1.198625497786548,0.5882387346231674,0.5882387346231674,0.5882387346231674,0.9338867350248644
T000139,0.838224448676887,0.838224448676887,0.8232912149307433,0.8146289700645512,0.8146289700645512,0.8146289700645512,0.8232912149307433,0.8146289700645512,0.8146289700645512,0.8146289700645512,1.201457757598334
T000140,0.6067251124557846,0.6067251124557846,0.6067251124557846,0.6137385392998715,0.6137385392998715,0.6137385392998715,0.6137385392998715,0.6137385392998715,0.6137385392998715,0.6137385392998715,0.6067251124557846
T000141,1.275814138436221,1.2186255431392197,1.2186255431392197,1.22523898028092,1.22523898028092,1.22523898028092,1.22523898028092,1.22523898028092,1.22523898028092,1.22523898028092,0.963131228390711
T000142,0.7381164078999207,0.6857156693920113,0.6020592064782182,0.6277929772141121,0.6277929772141121,0.6277929772141121,0.6270248142058263,0.6277929772141121,0.6277929772141121,0.6277929772141121,0.64531243923797
T000143,0.8584258150704589,0.7811384328389842,0.7811384328389842,1.0862320692943896,0.7811384328389842,1.0862320692943896,0.7811384328389842,1.0862320692943896,1.0862320692943896,1.0862320692943896,1.3484841456351815
T000144,0.9581041847012015,0.9581041847012015,1.0719370867118017,1.171758423643289,1.171758423643289,1.171758423643289,1.171758423643289,1.0719370867118017,1.171758423643289,1.171758423643289,1.7649562153359872
T000145,1.8581476946173487,1.8388601914274916,1.8371795468980576,1.845164616802262,1.4041349645058252,1.4041349645058252,1.845164616802262,1.845164616802262,1.845164616802262,1.4041349645058252,1.8598838623430518
T000146,0.7612812325951337,0.7612812325951337,0.932794905258853,0.932794905258853,0.932794905258853,0.932794905258853,0.932794905258853,0.932794905258853,0.932794905258853,0.932794905258853,1.1666049055440082
T000147,4.427747833481479,3.922633231639026,4.547489222267743,3.981409792050704,4.547489222267743,3.981409792050704,3.981409792050704,4.1402143543543355,4.1402143543543355,4.1402143543543355,4.427747833481479
T000148,1.1132657629363576,1.1358092919928613,1.1358092919928613,1.1358092919928613,1.1358092919928613,1.1358092919928613,1.1358092919928613,1.1358092919928613,1.1358092919928613,1.1358092919928613,1.2833406820543867
T000149,1.2410385491508695,1.191183440756952,1.191183440756952,1.2549589807277342,1.2888811766674815,1.2632299037550891,1.191183440756952,1.191183440756952,1.191183440756952,1.2549589807277342,1.243719999669686
T000150,2.1790277637405877,1.5661255918495331,1.6845436720211608,1.6845436720211608,1.6845436720211608,1.6845436720211608,1.6845436720211608,1.6845436720211608,1.6845436720211608,1.6845436720211608,1.7675401800691957
T000151,1.0946960441158935,1.02831985164984,1.0731703872808969,1.0731703872808969,1.0946960441158935,1.0946960441158935,1.0731703872808969,1.0731703872808969,1.0731703872808969,1.4942162176111025,1.0731703872808969
T000152,2.0166228387870135,1.9975184558267332,1.9712263377049346,1.9712263377049346,1.9712263377049346,1.9712263377049346,1.9712263377049346,1.9712263377049346,1.9712263377049346,1.9712263377049346,1.9906064260783682
T000153,0.9863027654314939,1.0554409341643918,1.0554409341643918,1.0554409341643918,1.073721628355066,1.028204519702821,1.073721628355066,1.073721628355066,1.073721628355066,1.073721628355066,0.9863027654314939
T000154,0.6324002980273256,0.6324002980273256,0.663334301533999,0.663334301533999,0.663334301533999,0.663334301533999,0.663334301533999,0.663334301533999,0.663334301533999,0.5736914950857595,0.7385451619867051
T000155,0.5401380928652352,0.5401380928652352,0.5401380928652352,0.5401380928652352,0.4900464169081663,0.4900464169081663,0.4900464169081663,0.49238446018587184,0.5196833176643177,0.5024415631850954,0.5462873766318457
T000156,0.8891142478020375,0.8891142478020375,1.012644854120712,1.012644854120712,1.012644854120712,1.012644854120712,1.012644854120712,1.012644854120712,1.012644854120712,0.8891142478020375,0.9725613622800351
T000157,1.4213063129803183,0.9596183808350447,0.962606541263505,0.962606541263505,0.962606541263505,0.962606541263505,0.962606541263505,0.962606541263505,0.9827186852833759,0.9596183808350447,1.3481499928205185
T000158,1.042952074206443,1.042952074206443,1.0163463784332125,1.0028374900963752,1.0028374900963752,1.0028374900963752,1.0028374900963752,0.8715727965592523,0.9469111895215028,1.0028374900963752,1.0416807746546382
T000159,1.0874769879132187,0.6152741068005384,0.6710008412733631,0.6152741068005384,0.7617660844474577,0.6710008412733631,0.6152741068005384,0.6152741068005384,0.6710008412733631,0.7617660844474577,0.7617660844474577
T000160,0.504572235423911,0.504572235423911,0.48913021336174783,0.5532159187632898,0.5227766048465988,0.48913021336174783,0.5259566522566267,0.5532159187632898,0.5532159187632898,0.5259566522566267,0.5597014925373134
T000161,1.7383822582659596,1.8631697740403823,1.8631697740403823,1.8631697740403823,1.881461386498013,1.881461386498013,1.8631697740403823,1.848775568249998,1.881461386498013,1.904306721255491,1.9147034913656718
T000162,4.617310365718097,4.898055168347031,4.898055168347031,4.617310365718097,4.617310365718097,4.617310365718097,4.898055168347031,4.617310365718097,4.96875992925122,4.617310365718097,5.54973900758542
T000163,2.039516724537485,2.174995205864194,2.174995205864194,2.174995205864194,2.1969675044293364,1.9314800766734115,2.174995205864194,1.9314800766734115,1.9371148630358537,1.9371148630358537,2.8495830970292504
T000164,0.8057786879541812,0.6968010955597029,0.4732287638122942,0.6968010955597029,0.4732287638122942,0.4732287638122942,0.4732287638122942,0.4732287638122942,0.7239848217346636,0.7239848217346636,0.5797022282621864
T000165,1.1975782101003223,1.6915509938989197,1.6915509938989197,0.7980741018490549,0.7980741018490549,0.7714084760386001,0.7714084760386001,0.7853161572856747,0.7860163749778335,0.7860163749778335,1.1090795358459604
T000166,1.1402653861802563,0.30618582037188674,0.7589307901643717,0.30618582037188674,0.4862267665522059,0.4862267665522059,0.4862267665522059,0.30618582037188674,0.4862267665522059,0.4862267665522059,0.5812080288686018
T000167,0.8957799938414394,0.8957799938414394,0.8957799938414394,0.8957799938414394,1.2046575713269596,0.8091638229695567,1.2046575713269596,1.2046575713269596,0.8957799938414394,0.8091638229695567,0.8260832307426358
T000168,1.3309260941471275,1.3309260941471275,1.3309260941471275,1.3309260941471275,1.3309260941471275,1.3309260941471275,1.3309260941471275,1.7566806334671645,1.2256604785408316,1.4693106302905132,1.3824745843252644
T000169,2.420822787474484,2.3852781541571275,2.420822787474484,2.3852781541571275,2.1239247468423366,2.3852781541571275,1.9479067192084467,1.9479067192084467,1.9479067192084467,2.0473806192141155,2.420822787474484
T000170,0.7078591935176319,1.1752043805582397,1.2522312673674723,1.1752043805582397,1.1752043805582397,1.1752043805582397,0.9203294722228091,0.9868935130393861,0.9203294722228091,1.176625581680218,0.8538848658548677
T000171,1.351884522217984,1.4533772811504253,1.4964310456330325,1.2509577638878577,1.4127740581716,1.4127740581716,1.4127740581716,1.4127740581716,1.2509577638878577,1.4127740581716,1.351884522217984
T000172,1.005761535063532,1.005761535063532,1.005761535063532,1.005761535063532,0.9980591929834781,1.013807837991998,0.9999960323527528,0.9999960323527528,0.9999960323527528,0.9272732977484343,0.8900160375309903
T000173,0.7957983414680521,0.9466498224057921,0.9725261343109137,0.9466498224057921,0.9466498224057921,0.9466498224057921,0.7957983414680521,0.7957983414680521,0.9466498224057921,0.9466498224057921,1.6915649175657712
T000174,1.3004815074327383,1.3570399789635714,1.1184252930088776,1.1613777355153374,1.1613777355153374,1.1613777355153374,1.3930269910035227,1.1613777355153374,1.3930269910035227,1.3930269910035227,1.3004815074327383
T000175,0.9943399416012751,0.57254466400688,1.0185446692741484,0.57254466400688,0.57254466400688,0.5882237545732141,0.7707624514119003,0.7707624514119003,0.7707624514119003,0.7707624514119003,0.9943399416012751
T000176,1.4016095129287138,1.4223056096901097,1.4382322934230647,1.263026933869717,1.216251618027546,1.216251618027546,1.216251618027546,1.216251618027546,1.216251618027546,1.216251618027546,1.4016095129287138
T000177,1.1093925507961289,1.371535471781175,1.2506965326089414,1.1646522646528448,1.31193622486219,1.31193622486219,1.31193622486219,1.31193622486219,1.31193622486219,1.31193622486219,1.1814562124965644
T000178,1.0266306951311286,1.0266306951311286,1.0266306951311286,1.266737743251092,1.266737743251092,1.266737743251092,1.266737743251092,1.266737743251092,1.266737743251092,1.266737743251092,1.0266306951311286
T000179,1.9298169069452573,1.7073464837083978,1.8147639433369624,1.8235316655232277,1.4627009062186243,1.4627009062186243,1.540071517387009,1.9298169069452573,1.540071517387009,1.624514802357977,1.9298169069452573
T000180,1.469183498943983,1.4005587975042966,1.4005587975042966,1.4645611928840565,1.3582155652473542,1.3582155652473542,1.3582155652473542,1.3582155652473542,1.4005587975042966,1.3582155652473542,1.4571909100288247
T000181,1.5704234754093456,1.3850585982303942,1.5704234754093456,1.2699588625962015,1.3729909927247093,1.3492410625895952,1.5704234754093456,1.3492410625895952,1.6246168208533969,1.3729909927247093,1.5704234754093456
T000182,1.7252655603008973,1.7252655603008973,1.7252655603008973,1.7252655603008973,1.7252655603008973,1.8457477073192858,2.3449877458911867,2.3449877458911867,2.324223999026238,2.3449877458911867,2.3449877458911867
T000183,1.0272535142247268,1.0272535142247268,1.091323937462155,1.1236938916370967,0.8824242709051084,0.8824242709051084,1.0795200276617545,1.095275873320056,1.1743924509741925,1.1743924509741925,1.1607146716285655
T000184,1.2993678127330082,1.2491949709222931,1.4187219684139776,1.4187219684139776,1.4187219684139776,1.4187219684139776,1.4187219684139776,1.2991333188105665,1.2991333188105665,1.2991333188105665,1.4187219684139776
T000185,1.307700572331578,1.5982263110234696,1.5982263110234696,1.5982263110234696,1.5982263110234696,1.5982263110234696,1.3957400899418855,1.3957400899418855,1.3957400899418855,1.5982263110234696,0.996335554130961
T000186,1.3703492644821778,1.5822838124623766,1.5290282687980907,1.5290282687980907,1.5290282687980907,1.4075301520842471,1.5822838124623766,1.4649936423585685,1.5822838124623766,1.5822838124623766,1.324260915256455
T000187,2.385604555424283,2.385604555424283,2.0388967418221147,2.0388967418221147,2.037855101229612,2.037855101229612,2.037855101229612,2.037855101229612,1.9861131241007035,2.037855101229612,2.3583617830237236
T000188,1.0710554766691502,1.0877676685662612,1.0710554766691502,1.0877676685662612,1.0710554766691502,1.069108263307098,1.089669267711646,1.209645781776659,1.089669267711646,1.089669267711646,1.2573325057128868
T000189,3.0147552131443316,2.691765851640863,2.691765851640863,2.691765851640863,3.271456903759068,2.691765851640863,4.418746649848952,1.7768917695343034,1.7768917695343034,1.7768917695343034,2.9700594836334666
T000190,2.339357811798963,2.339357811798963,2.339357811798963,2.2701313524061915,2.339357811798963,2.339357811798963,2.2701313524061915,2.339357811798963,2.2701313524061915,2.3516516290019074,4.150866017286431
T000191,1.294242712221079,1.376092378282918,1.2551662190049047,1.2551662190049047,1.2551662190049047,1.2551662190049047,1.4666110667495682,1.4666110667495682,1.3905912687652733,1.3905912687652733,1.7678430700550916
T000192,2.1211080964005165,2.0613630821734024,2.0613630821734024,2.192752114278187,1.7741710433405333,1.485624695927171,2.192752114278187,2.192752114278187,1.485624695927171,1.485624695927171,2.6134957118662205
T000193,0.49030049980349116,0.7190918462898458,0.7190918462898458,0.39854056122715537,0.39854056122715537,0.988489586471629,0.39854056122715537,0.42315373852308447,0.42315373852308447,0.988489586471629,0.7210777838194934
T000194,2.3923612952505637,2.3923612952505637,2.767197615337323,2.767197615337323,2.767197615337323,2.767197615337323,2.590608301903934,2.590608301903934,2.767197615337323,2.767197615337323,1.7189017936304096
T000195,0.40284381652808215,0.6388264662051095,0.6388264662051095,0.579372052922921,0.6388264662051095,0.6388264662051095,0.6388264662051095,0.6388264662051095,0.579372052922921,0.579372052922921,0.7911323542899209
T000196,0.7456815168345449,0.7687997609047281,0.8034507631581153,0.8034507631581153,0.8034507631581153,0.8034507631581153,0.7456815168345449,0.7456815168345449,0.8034507631581153,0.8034507631581153,0.8980304586779195
T000197,0.8680394857256133,1.8688817459211127,0.7733459621291651,0.8835721471250604,0.7733459621291651,0.778921134710968,0.8835721471250604,0.8835721471250604,0.8835721471250604,0.9715049028452931,1.9241903536819778
T000198,5.627662015981284,5.872665526859586,5.872665526859586,5.627662015981284,5.387593985055531,5.872665526859586,5.872665526859586,5.872665526859586,5.872665526859586,5.872665526859586,6.566116963584944
T000199,0.9347331176802208,0.9347331176802208,0.9423293957408795,0.9423293957408795,0.9523720439607395,0.9423293957408795,0.9423293957408795,0.9523720439607395,0.9523720439607395,0.9523720439607395,0.9735160460927237
T000200,0.8984841146633585,0.8984841146633585,0.8984841146633585,0.8984841146633585,0.8736890084962174,0.8736890084962174,0.8984841146633585,0.8984841146633585,0.8984841146633585,0.8984841146633585,0.9913658549223453
T000201,0.7075996767604482,0.7033778763572204,0.7033778763572204,0.7033778763572204,0.7033778763572204,0.7033778763572204,0.7033778763572204,0.7033778763572204,0.7033778763572204,0.7033778763572204,0.9940867449839611
T000202,1.8059960276744744,1.2467806680976614,1.1801087526634682,1.1801087526634682,1.1801087526634682,1.2467806680976614,1.1801087526634682,1.2467806680976614,1.1508882273130456,1.2467806680976614,0.9145563352398304
T000203,2.096378157047549,0.35861440694787683,1.7807054564888913,0.35313730315474134,1.430749149602309,1.430749149602309,0.35313730315474134,1.7807054564888913,1.7807054564888913,1.7807054564888913,2.096378157047549
T000204,2.2579920132497877,2.2579920132497877,2.2579920132497877,2.2137170968641655,2.2137170968641655,2.2137170968641655,2.2137170968641655,2.2137170968641655,2.2137170968641655,2.2137170968641655,2.504677748609416
T000205,0.5847602462162802,0.5847602462162802,0.6103074282312626,0.5773571846867854,0.686282930234059,0.686282930234059,0.5847602462162802,0.686282930234059,0.686282930234059,0.686282930234059,0.5142259692895852
T000206,0.9144430067898404,0.9144430067898404,0.9144430067898404,0.760132358520297,0.7043254629017819,0.7707425168674455,0.7707425168674455,0.9144430067898404,0.8530170269524245,0.7984657755248007,0.6219433320909542
T000207,1.6594105917960056,1.2033098966282025,1.6594105917960056,1.2033098966282025,1.2670984762202404,1.2670984762202404,1.2670984762202404,1.2670984762202404,1.2033098966282025,1.2637845004559825,1.6594105917960056
T000208,0.7295693463231061,0.7295693463231061,0.7109990198676978,0.7109990198676978,0.7109990198676978,0.7109990198676978,0.7109990198676978,0.7109990198676978,0.7109990198676978,0.7109990198676978,1.3194350961418264
T000209,1.3404818729070576,2.220866864451567,1.863968061920132,1.3404818729070576,1.4808025258833482,1.4808025258833482,1.4808025258833482,1.4808025258833482,1.4808025258833482,1.4808025258833482,1.6778421901625626
T000210,1.007201282651964,1.007201282651964,1.007201282651964,1.007201282651964,1.007201282651964,1.007201282651964,1.007201282651964,1.007201282651964,1.007201282651964,1.007201282651964,1.0814724072496187
T000211,1.998666390302937,1.998666390302937,1.998666390302937,1.998666390302937,1.8505679623659927,1.8505679623659927,1.8666395866346834,1.998666390302937,1.998666390302937,1.8666395866346834,2.4121547846504683
T000212,2.040706132706461,2.040706132706461,2.040706132706461,2.020883172344726,2.020883172344726,1.9915216648301044,1.9915216648301044,2.020883172344726,1.9719097891270212,2.0085999511728403,1.3203425632725008
T000213,1.2389453127151335,1.2389453127151335,1.2389453127151335,1.3061364028473754,1.2757659218999096,1.2757659218999096,1.2757659218999096,1.2757659218999096,1.2757659218999096,1.2757659218999096,2.2618901961226197
T000214,1.303574201869155,1.249083843688895,1.3373671623174381,1.249083843688895,1.3373671623174381,1.3373671623174381,1.3373671623174381,1.3373671623174381,1.386381075688103,1.386381075688103,1.1757438577165693
T000215,0.8083610408823041,0.6744691751649412,0.6744691751649412,0.6744691751649412,0.8570667904666842,0.8574140688937806,0.8574140688937806,0.8574140688937806,0.8570667904666842,0.8574140688937806,1.0971691961704377
T000216,0.8971839650996513,0.8048414064276674,0.8971839650996513,0.8971839650996513,1.298566465106274,1.0829614944574095,1.0829614944574095,0.8971839650996513,0.8971839650996513,0.8971839650996513,1.8219756542928298
T000217,1.5607186536785378,1.4170911835607702,1.4170911835607702,1.4170911835607702,1.4170911835607702,1.583074461177847,1.4451532011272763,1.4170911835607702,1.4451532011272763,1.4451532011272763,1.4182557795394546
T000218,2.109987738268873,1.5485614312808638,1.5485614312808638,1.500177865914938,1.4789566632432065,1.4789566632432065,1.4789566632432065,1.487951161448877,1.487951161448877,1.4789566632432065,2.0967729052325392
T000219,1.4096623317458108,1.2150388218487318,1.425312132775766,1.4425577254477038,1.3810606971100485,1.2150388218487318,1.3810606971100485,1.3810606971100485,1.3810606971100485,1.4096623317458108,0.9656412911390723
T000220,0.537986258280452,0.49913141646205933,0.49913141646205933,0.537986258280452,0.4776593354658128,0.4776593354658128,0.49913141646205933,0.5232554921433064,0.5232554921433064,0.49913141646205933,1.6088390690272458
T000221,0.6474797361921235,0.6474797361921235,0.6474797361921235,0.6134788733388398,0.49880026934048083,0.49880026934048083,0.49880026934048083,0.49880026934048083,0.6474797361921235,0.49880026934048083,1.757464470996715
T000222,0.5441665659747577,0.547262229849513,0.547262229849513,0.547262229849513,0.547262229849513,0.547262229849513,0.547262229849513,0.560528877027723,0.560528877027723,0.547262229849513,1.764655185723923
T000223,0.33387631916955207,0.33387631916955207,0.33387631916955207,0.33387631916955207,0.33387631916955207,0.3164433635608571,0.3135748268986673,0.2992574970445905,0.33387631916955207,0.2992574970445905,0.7735202141526751
T000224,0.810985833593977,0.810985833593977,0.810985833593977,0.8538937800411938,0.7909923856848847,0.8538937800411938,0.8538937800411938,0.8538937800411938,0.8538937800411938,0.8538937800411938,1.365176138629142
T000225,1.8365399196975247,0.4529139744619715,0.7731229647968173,0.4529139744619715,0.7731229647968173,0.7731229647968173,0.7731229647968173,0.681111108992994,0.4529139744619715,1.1537806090827116,1.5670520075095642
T000226,1.2927366500759465,1.2927366500759465,1.2911666940888287,1.3391793217692682,1.3391793217692682,1.3391793217692682,1.3391793217692682,1.3391793217692682,1.3391793217692682,1.3391793217692682,1.8454823823476338
T000227,0.5551004359913226,0.5216974236818402,0.5512820711954414,0.5512820711954414,0.5216974236818402,0.5216974236818402,0.5216974236818402,0.5216974236818402,0.5216974236818402,0.5512820711954414,0.8306294019789334
T000228,0.7209634505522861,0.7767456523962191,0.7209634505522861,0.7209634505522861,0.7209634505522861,0.7767456523962191,0.7767456523962191,0.7767456523962191,0.7767456523962191,0.7767456523962191,2.688914593678125
T000229,0.902938444408269,0.902938444408269,0.902938444408269,0.781370775790187,0.902938444408269,0.902938444408269,0.902938444408269,0.902938444408269,0.902938444408269,0.902938444408269,0.7582456750439349
T000230,4.6678574185849415,4.577183653268892,4.577183653268892,4.577183653268892,3.757810258258408,3.757810258258408,4.6678574185849415,4.577183653268892,4.577183653268892,3.757810258258408,4.6678574185849415
T000231,4.087479349550776,5.144877600242529,5.144877600242529,5.144877600242529,2.957067431754494,2.957067431754494,2.957067431754494,5.144877600242529,5.144877600242529,5.144877600242529,4.171071041622869
T000232,2.764385657908021,2.764385657908021,2.764385657908021,2.764385657908021,2.894967195308994,2.8458747809449845,2.8458747809449845,2.894967195308994,2.764385657908021,2.9648197611170537,2.0655906932941397
T000233,1.5413113019686098,1.416111884245878,1.4009086094079701,1.4009086094079701,1.416111884245878,1.416111884245878,1.416111884245878,1.416111884245878,1.416111884245878,1.416111884245878,0.9345510997917442
T000234,2.937366985889525,2.937366985889525,2.937366985889525,2.5245817282194976,2.5245817282194976,2.5245817282194976,2.937366985889525,2.5849171940640794,2.5849171940640794,2.5849171940640794,3.0344782204264726
T000235,1.2689144103625085,1.2689144103625085,1.269588831278821,0.7346374977767152,0.7300234486261044,0.7346374977767152,0.7300234486261044,0.7346374977767152,0.7300234486261044,0.7300234486261044,0.7581913506490603
T000236,0.8305417738094728,0.8305417738094728,0.8305417738094728,0.8305417738094728,0.8305417738094728,0.8305417738094728,0.8305417738094728,0.8305417738094728,0.8305417738094728,0.8305417738094728,1.7335061015191628
T000237,0.752623827421033,0.752623827421033,0.8797524908377647,0.7964296803755222,0.8491831021070193,0.9178913308731159,0.945637061640568,0.8797524908377647,0.8526077410448741,0.9178913308731159,0.9603447125682445
T000238,1.4335101226141385,1.4335101226141385,1.392825168834185,1.3981135509685831,1.5133017765652423,1.5133017765652423,1.5133017765652423,1.4694897658653776,1.4694897658653776,1.4694897658653776,1.6885881898368134
T000239,1.0496582445476212,0.8628284023492385,0.8628284023492385,0.8628284023492385,0.6560764778151199,0.6560764778151199,0.8628284023492385,0.8628284023492385,0.6560764778151199,0.9135944714556979,1.7986136693062218
T000240,0.9635485029974162,0.9635485029974162,0.8016143572396195,0.8016143572396195,0.8308585312824117,0.8308585312824117,0.8308585312824117,0.8308585312824117,0.8308585312824117,0.8689443925018419,0.6598023353755591
T000241,2.778218716860635,2.3203952247268016,2.3203952247268016,2.3203952247268016,2.3203952247268016,2.3203952247268016,2.3203952247268016,2.0269104460317378,2.3203952247268016,2.3203952247268016,2.778218716860635
T000242,0.8891052513588661,0.8891052513588661,0.8891052513588661,0.8891052513588661,1.2084500200020063,1.2084500200020063,0.8891052513588661,0.8891052513588661,0.8891052513588661,0.8891052513588661,0.7786147693673434
T000243,1.229834231158601,1.229834231158601,1.229834231158601,1.229834231158601,1.1374422778335,1.1374422778335,1.229834231158601,1.229834231158601,1.229834231158601,1.139612966574292,1.4094021948514799
T000244,0.9025244609033941,0.9215465384521733,0.9215465384521733,0.7961103318489634,0.832050157052325,0.9215465384521733,0.9215465384521733,0.832050157052325,0.7334320214548818,0.7334320214548818,0.7375101174786098
T000245,1.3078988641326725,1.3078988641326725,1.3078988641326725,1.3067598456524736,1.295419587363442,1.295419587363442,1.3335385560929207,1.295419587363442,1.295419587363442,1.3078988641326725,1.3335385560929207
T000246,1.0062635764822911,1.0062635764822911,1.0062635764822911,1.9268619463160295,1.0062635764822911,1.0062635764822911,1.1842649048803002,1.343895470142505,1.1842649048803002,1.0966256719660523,1.0651550866997477
T000247,0.8894163391303538,0.919094202343169,0.9056685059771238,0.8211843764082698,0.8949456578918099,0.8803057168766804,0.9260365608419127,0.9297018925015529,0.9297018925015529,0.8803057168766804,1.2381826965058522
T000248,0.6832850048781789,0.6852226950209722,0.6852226950209722,0.6836427409437832,0.6762964724579105,0.6836427409437832,0.6836427409437832,0.6836427409437832,0.6762964724579105,0.6762964724579105,0.5786286074113768
T000249,1.212930060712224,1.104317668335776,1.104317668335776,1.1599266322431547,1.1599266322431547,1.1599266322431547,1.1599266322431547,1.1599266322431547,1.1599266322431547,1.1599266322431547,1.1445741075879183
T000250,2.1244728635174686,2.172866685360213,2.172866685360213,2.35842204989265,2.35842204989265,2.35842204989265,2.24199503164852,2.35842204989265,2.172866685360213,2.172866685360213,2.24199503164852
T000251,2.017241231213975,2.1570181404087574,2.803105663275155,2.1191376297272293,2.1570181404087574,2.332135629790266,2.06426592202917,2.06426592202917,2.06426592202917,2.125562541512101,2.7701973428163917
T000252,2.3135765141031754,2.2681238454696233,2.228154214650491,2.227354454868089,2.2057841796038713,2.228154214650491,2.228154214650491,2.2057841796038713,2.207560957709633,2.233457750584457,2.279017281403147
T000253,3.681091395098968,3.681091395098968,3.681091395098968,4.0271045139338435,4.036583761691415,4.036583761691415,4.036583761691415,4.038755086317754,4.036583761691415,4.036583761691415,4.359568470012399
T000254,3.423648688030704,3.423648688030704,3.4118598757172287,3.4118598757172287,3.4118598757172287,3.4118598757172287,3.4118598757172287,3.321039736684053,3.267670018912066,3.267670018912066,3.4118598757172287
T000255,1.3080319696251694,1.4070943842651793,1.4070943842651793,1.3207883645573215,1.3658640563518432,1.4070943842651793,1.3658640563518432,1.3171660537339107,1.3171660537339107,1.3171660537339107,1.5171868651436249
T000256,1.056499345973486,1.051236506587722,1.0595644307127248,1.0595644307127248,1.0595644307127248,1.0595644307127248,1.0595644307127248,1.0579026883430465,1.0579026883430465,1.0595644307127248,1.361231894543901
T000257,1.2141147039178428,1.0203365507940896,1.0203365507940896,1.0203365507940896,1.0203365507940896,1.0203365507940896,1.066368891862274,1.0191848066634213,1.0299457856732526,0.9882076169412394,1.2141147039178428
T000258,1.0182162066772371,0.9280991316557062,0.9280991316557062,0.981969356105619,1.0182162066772371,1.005337367372962,1.005337367372962,1.005337367372962,1.005337367372962,1.005337367372962,0.9504239969311928
T000259,1.196746874231344,1.2466581242498318,1.34119217766006,1.1704832572745643,1.244008457145789,1.34119217766006,1.34119217766006,1.34119217766006,1.384867947803021,1.2466581242498318,1.112361753142264
T000260,1.2848226744447575,1.181866051664563,1.0060634876802257,1.0060634876802257,0.9937935929632244,0.9937935929632244,1.181866051664563,0.9937935929632244,0.9937935929632244,0.9937935929632244,0.8505240084096201
T000261,2.4707157960137636,2.0255093323991202,1.6876114813495593,2.0255093323991202,2.0255093323991202,2.0255093323991202,2.0255093323991202,1.942338340082154,2.0255093323991202,2.0255093323991202,2.2023289045170684
T000262,0.8818377194757755,0.8818377194757755,0.8818377194757755,0.8818377194757755,1.3222208947501854,1.3222208947501854,0.8818377194757755,0.8818377194757755,0.8818377194757755,0.8818377194757755,0.7451485695656618
T000263,1.6614779691600299,1.7030299994005773,1.6614779691600299,1.6614779691600299,1.5891660939203671,1.6950099210066738,1.6614779691600299,1.5891660939203671,1.6173692591208102,1.6173692591208102,2.180828357563838
T000264,0.8477239135913353,1.1560325849280397,1.1560325849280397,0.8792408848657258,1.0312008917528277,1.1560325849280397,0.7288858566735972,1.0312008917528277,0.835369924807766,1.0312008917528277,1.032798593372815
T000265,1.6629473172553393,1.8681863865414436,1.8241419074044458,1.8241419074044458,1.814237248436811,1.814237248436811,1.814237248436811,1.8241419074044458,1.8175033546382364,1.8241419074044458,1.7986676173752887
T000266,4.153953661283357,4.3119708536889085,2.51137780381565,3.035183434952637,3.035183434952637,3.035183434952637,3.035183434952637,3.035183434952637,3.035183434952637,3.035183434952637,5.057338780971783
T000267,1.910401073509726,2.169854297003817,2.169854297003817,2.169854297003817,2.169854297003817,2.169854297003817,2.169854297003817,2.169854297003817,2.0993550344540677,2.098585345368463,1.8405143052131465
T000268,1.7192432596283234,1.7192432596283234,1.7192432596283234,2.4653643128258182,2.4653643128258182,2.4653643128258182,1.7247651637918657,1.7247651637918657,1.7247651637918657,1.7247651637918657,2.40304513941936
T000269,2.01287071499254,2.1187966607018875,2.364146660199402,2.4008536240298364,2.357708995390765,2.4008536240298364,2.3334511446368342,2.01287071499254,2.4008536240298364,2.01287071499254,2.4733425420196786
T000270,0.3701802871298914,0.3701802871298914,0.3701802871298914,0.3701802871298914,0.3701802871298914,0.3701802871298914,0.2814016857584198,0.3240680261645267,0.3701802871298914,0.3240680261645267,0.33102999707675684
T000271,1.6760856182853587,1.5679890368769964,1.5679890368769964,1.5692749858325614,1.5545419170609833,1.5692749858325614,1.5545419170609833,1.5545419170609833,1.5692749858325614,1.5692749858325614,1.5545419170609833
T000272,0.9853585464263702,1.2680593333671113,1.2680593333671113,1.2680593333671113,1.0753246988320444,1.2680593333671113,1.2680593333671113,1.2680593333671113,1.359465467736883,1.2446041945846882,1.077345718550263
T000273,1.3718261913899183,1.27160390090187,1.27160390090187,1.2468605514137854,1.2468605514137854,1.2468605514137854,1.2468605514137854,1.3826123130116077,1.3826123130116077,1.2468605514137854,1.3826123130116077
T000274,0.3103508161218927,0.3342083403861763,0.3202174174965375,0.3027863477585956,0.3009950467272787,0.3103508161218927,0.3103508161218927,0.3103508161218927,0.3103508161218927,0.3027863477585956,0.33346054297886446
T000275,1.3599757818432738,1.072453520563785,1.072453520563785,1.072453520563785,1.072453520563785,1.072453520563785,1.072453520563785,1.072453520563785,1.072453520563785,1.072453520563785,1.072453520563785
T000276,2.0501117855983315,1.9965907335861985,1.9965907335861985,1.9965907335861985,1.9965907335861985,2.2477992311829307,2.2477992311829307,2.061064662594437,2.2477992311829307,2.0451260834720095,1.982690315947252
T000277,1.4652838533362598,1.4617216604409184,1.473083737527172,1.4006259161329104,1.4128556894694349,1.473083737527172,1.4128556894694349,1.473083737527172,1.4128556894694349,1.4128556894694349,1.4652838533362598
T000278,0.8467241601855588,0.8206365574989873,0.9070679638809247,0.9070679638809247,0.8869093764189765,0.8584475077101869,0.8584475077101869,0.8584475077101869,0.8584475077101869,0.8206365574989873,0.8900178948837416
T000279,0.9704673486878457,0.8657859212565499,0.8586267179741605,0.8586267179741605,0.8586267179741605,0.8586267179741605,0.8586267179741605,0.8586267179741605,0.8586267179741605,0.8586267179741605,0.8586267179741605
T000280,0.7332638308232758,0.7259317124933592,0.7258274450954182,0.9443600277924109,0.9443600277924109,0.9443600277924109,0.900446694326808,0.9443600277924109,0.900446694326808,0.9443600277924109,0.5002542139288817
T000281,1.891361211631645,1.7319426037710766,3.3473297373590776,1.7319426037710766,1.7319426037710766,1.7319426037710766,1.7319426037710766,1.7319426037710766,1.7319426037710766,1.7319426037710766,2.791781402966298
T000282,1.968568913722296,2.025748534792206,1.9839502419507797,1.8628507073934213,1.8628507073934213,2.101419126819156,1.8628507073934213,1.8628507073934213,1.8628507073934213,2.099008975088235,2.479441143188875
T000283,1.422019461429466,1.422019461429466,1.422019461429466,1.422019461429466,1.422019461429466,1.422019461429466,1.422019461429466,1.422019461429466,1.422019461429466,1.422019461429466,1.5620995074513013
T000284,0.6157334278806118,0.5859948229476348,0.8107620816439255,0.8107620816439255,0.8107620816439255,0.8107620816439255,0.7396764760319384,0.8107620816439255,0.8107620816439255,0.8107620816439255,0.4936575143481199
T000285,6.8926766512833435,7.040662801107388,7.040662801107388,5.059040608010167,7.040662801107388,5.059040608010167,5.059040608010167,5.059040608010167,5.059040608010167,5.059040608010167,4.694128826311026
T000286,2.112828946718969,2.6157912427043537,2.050147310564156,2.050147310564156,2.050147310564156,2.050147310564156,2.050147310564156,2.70344832614784,2.050147310564156,2.050147310564156,1.9337795904232389
T000287,2.235312265728921,1.5286567455268496,2.235312265728921,1.5286567455268496,1.9047612690601585,1.8266386912432213,2.235312265728921,2.235312265728921,2.235312265728921,2.235312265728921,1.5949376556497046
T000288,0.5746837077544722,0.5746837077544722,0.5746837077544722,0.5746837077544722,0.42503482869418047,0.5746837077544722,0.42503482869418047,0.42503482869418047,0.5746837077544722,0.5746837077544722,1.5603972793918277
T000289,5.07616799950822,4.623759631870238,3.0428115718587248,3.0428115718587248,4.766567634335445,4.766567634335445,4.766567634335445,4.766567634335445,4.766567634335445,4.766567634335445,2.471156466634809
T000290,1.0198487813709565,0.940164821059029,1.0198487813709565,0.8530416804411781,1.0198487813709565,0.8777042889800316,1.0198487813709565,1.0198487813709565,1.0198487813709565,1.0198487813709565,0.7346926668505647
T000291,1.3030837320211088,1.2784919352452033,1.322952286413126,1.322952286413126,1.322952286413126,1.322952286413126,1.322952286413126,1.322952286413126,1.3257344199088321,1.322952286413126,1.5382275685777174
T000292,1.3510428754915187,1.3510428754915187,1.3510428754915187,1.8366769662081401,1.8366769662081401,1.8366769662081401,3.991213192473071,3.991213192473071,3.0517124101813518,3.0665868247452606,2.184842384826723
T000293,0.6681419692630793,1.1111467059683897,0.7395868250772509,0.5519447530707682,0.5519447530707682,0.5519447530707682,0.5519447530707682,0.5519447530707682,0.5519447530707682,0.5519447530707682,0.9236221399792838
T000294,1.0916914471756012,1.0916914471756012,0.7625347031796754,0.7747363445601413,0.7853675889605224,0.7853675889605224,0.7853675889605224,0.7853675889605224,2.132552617536673,0.7747363445601413,0.7748249907862242
T000295,1.5159171241780527,1.5159171241780527,1.5159171241780527,1.6945296629047553,1.6945296629047553,1.6945296629047553,1.6945296629047553,1.6945296629047553,1.6945296629047553,1.6945296629047553,1.5159171241780527
T000296,2.806573017422989,2.763727120921517,2.369705143006573,2.369705143006573,2.369705143006573,2.369705143006573,2.369705143006573,2.369705143006573,2.763727120921517,2.369705143006573,2.369705143006573
T000297,1.2273111638893242,1.1865900018877729,1.4507751883195632,1.4284734897541578,1.2068893959516986,1.3094131410301244,1.4812411905276288,1.4812411905276288,1.4812411905276288,1.4812411905276288,1.1865900018877729
T000298,0.9727666284189326,0.9642465267089338,0.9337214134142595,0.9642465267089338,0.9642465267089338,0.9642465267089338,0.9642465267089338,0.9717352861435264,0.9717352861435264,0.9727666284189326,1.3331455040373021
T000299,0.9461095373915167,0.9461095373915167,0.9461095373915167,1.45497574923333,1.45497574923333,1.45497574923333,1.45497574923333,1.45497574923333,1.45497574923333,1.45497574923333,0.8830271799191439
T000300,1.8048382796321611,2.619582043643305,2.619582043643305,2.262283089876385,2.262283089876385,2.262283089876385,1.8178833615580008,1.8178833615580008,2.262283089876385,2.262283089876385,1.8048382796321611
T000301,1.673962943914939,2.0721236378663495,2.468992741193716,2.468992741193716,2.468992741193716,2.468992741193716,2.468992741193716,2.468992741193716,2.468992741193716,2.468992741193716,1.673962943914939
T000302,0.8390297832922667,0.7849708754588629,0.8179667545267415,0.8179667545267415,0.8179667545267415,0.7426393532946297,0.7426393532946297,0.7426393532946297,0.7426393532946297,0.7426393532946297,0.9032161824173953
T000303,1.5540871525829705,1.4941627020352237,1.4941627020352237,1.430450349828778,1.430450349828778,1.4774412141160447,1.4774412141160447,1.4774412141160447,1.5539437045404403,1.430450349828778,1.5540871525829705
T000304,1.741550706978357,1.8645083680141001,2.568558179199354,2.568558179199354,2.568558179199354,2.568558179199354,2.568558179199354,1.8772493467505842,1.8772493467505842,2.568558179199354,1.936570465436941
T000305,0.8183361998247388,0.7250316281578493,0.7250316281578493,0.7250316281578493,0.7250316281578493,0.7250316281578493,0.7250316281578493,0.7250316281578493,0.7250316281578493,0.7250316281578493,0.8938709494884577
T000306,1.2770183671217834,0.9505040574639396,0.9841489314324374,1.1740790726899473,0.9438033066043521,1.1740790726899473,0.9438033066043521,0.990973817150102,1.1740790726899473,1.1740790726899473,1.1010297474863817
T000307,2.8861297085411546,2.7775439196678575,2.7775439196678575,2.7975111102659054,2.7975111102659054,2.875552013307937,2.8433774229292776,2.8433774229292776,2.8433774229292776,2.755265436480493,2.8681734665643255
T000308,1.3228294676922476,1.3666892135163606,1.3397368785864223,1.3231701895364263,1.0692541381177072,1.0692541381177072,1.0692541381177072,1.0692541381177072,1.0692541381177072,1.0692541381177072,1.2837400115487039
T000309,0.6854728231602675,0.6616760348546402,0.6060278508646696,0.6060278508646696,0.6060278508646696,0.6060278508646696,0.6060278508646696,0.6060278508646696,0.6060278508646696,0.6060278508646696,0.6975452740782727
T000310,1.0962634716528943,1.101304982436856,1.0875375621105072,1.0875375621105072,1.0875375621105072,1.0990675966824794,1.1344692478447493,1.0875375621105072,1.0875375621105072,1.0990675966824794,1.1557587281118953
T000311,0.8139770423733617,0.8139770423733617,0.8139770423733617,0.8139770423733617,0.7714044884112258,0.742028112269246,0.7714044884112258,0.742028112269246,0.8139770423733617,1.0676370077737811,0.7616764721536841
T000312,1.8061760880253592,1.8638209311081206,1.8638209311081206,1.9687909465498732,1.7501919644569814,1.8638209311081206,1.8061760880253592,1.8061760880253592,1.740355537069292,1.740355537069292,1.740355537069292
T000313,1.3304720788037214,1.30756700334755,1.30756700334755,1.331278305511029,1.3291863685108076,1.331278305511029,1.3108539889374786,1.331278305511029,1.3108539889374786,1.3291863685108076,1.6996152624764442
T000314,0.5428131426628112,0.545559240422957,0.5407235414877397,0.560069214986763,0.550043830310301,0.5780752412550898,0.5780752412550898,0.550043830310301,0.560069214986763,0.5780752412550898,0.5430285542618326
T000315,2.4411539799423454,2.4411539799423454,2.496159967319363,2.5844891125028187,2.496159967319363,2.5844891125028187,2.5844891125028187,2.5844891125028187,2.5844891125028187,2.5844891125028187,2.3332358595803653
T000316,1.722058303081305,1.722058303081305,1.6264042945364587,1.289225316830221,1.2454450929407916,1.2454450929407916,1.6264042945364587,1.6264042945364587,1.2454450929407916,1.900810075295189,1.533584617490468
T000317,1.9977995292018655,2.025726676222726,1.9998859895233316,2.198114299383262,2.0001831092200435,1.9977995292018655,2.2042780463679468,2.0001831092200435,2.2042780463679468,1.9998859895233316,1.9985355312878632
T000318,3.0286837620526277,3.0286837620526277,3.0286837620526277,3.0286837620526277,3.0286837620526277,3.031729651877394,3.031729651877394,3.0286837620526277,3.0286837620526277,3.031729651877394,4.006169949200619
T000319,2.577066454626591,2.5026648526296893,2.577066454626591,2.577066454626591,2.577066454626591,2.577066454626591,2.5800175492392428,2.5800175492392428,2.5800175492392428,2.5800175492392428,1.9986154258544602
T000320,1.4398631571428804,1.1866076836493185,1.1866076836493185,1.4430542995204507,1.4430542995204507,1.4430542995204507,1.4430542995204507,1.4430542995204507,1.4430542995204507,1.2062602816521633,1.3250802292856378
T000321,3.1777635265295525,3.811527015897768,2.809025550085926,3.0113037061846564,3.0113037061846564,3.811527015897768,2.8703542846015306,2.8703542846015306,3.3359225053643775,3.0113037061846564,3.6471350147979122
T000322,1.072884694156777,1.1230463512526108,1.2133314230194745,1.239664950630539,0.9561241201385511,0.9991004123389868,0.9991004123389868,0.9991004123389868,0.9991004123389868,1.2133314230194745,1.0655465748858783
T000323,2.483618136388247,2.44183518166253,2.576753307325383,2.4328304186727436,2.4581831148339996,2.4328304186727436,2.4581831148339996,2.5186091797712273,2.44183518166253,2.1219433132431016,2.6883935726382044
T000324,2.187826226331238,2.187826226331238,2.187826226331238,2.103341193626434,2.103341193626434,2.103341193626434,2.103341193626434,2.7385138918643777,2.7385138918643777,2.103341193626434,2.3437246459466734
T000325,0.9559049199574288,1.240500801503768,1.240500801503768,1.240500801503768,1.240500801503768,1.240500801503768,1.240500801503768,1.240500801503768,1.240500801503768,1.240500801503768,1.0485087366748589
T000326,1.329649848312692,1.329649848312692,1.329649848312692,1.329649848312692,1.329649848312692,1.329649848312692,1.329649848312692,1.329649848312692,1.329649848312692,1.329649848312692,2.1127741168623784
T000327,1.4235257277551285,1.2365168660805086,1.2420590187530265,1.2443286822365982,1.2443286822365982,1.2443286822365982,1.3548539530367938,1.2293760656106043,1.2389677458413455,1.2359655099617148,1.2365168660805086
T000328,1.2043416154092756,1.1875337414383291,1.1875337414383291,1.456371767970557,1.456371767970557,1.456371767970557,1.456371767970557,1.7162274667671924,1.456371767970557,1.456371767970557,1.3187095280808452
T000329,0.8534391819493174,0.8534391819493174,0.8534391819493174,0.822657627530145,0.822657627530145,0.822657627530145,0.822657627530145,0.822657627530145,0.822657627530145,0.822657627530145,0.9944128165480306
T000330,0.4211820563112123,0.7400151899930107,0.7400151899930107,0.7400151899930107,0.7312941448472475,0.7312941448472475,0.7312941448472475,0.4211820563112123,0.4211820563112123,0.7400151899930107,0.43761251543189095
T000331,2.2608525298319107,1.2247595993578544,1.2247595993578544,1.2247595993578544,1.2247595993578544,1.2247595993578544,1.2247595993578544,1.2247595993578544,1.1958324761546926,1.1958324761546926,1.7922136426039448
T000332,1.670270322144509,1.6714527095195768,1.670270322144509,1.4972259109808959,1.4972259109808959,1.5796640116698388,1.5796640116698388,1.5796640116698388,1.5777930711247476,1.5777930711247476,1.3811438744634703
T000333,1.2734507404531865,2.5347049703449747,1.2929481042003719,1.011194765145434,1.011194765145434,1.011194765145434,1.011194765145434,1.2929481042003719,1.011194765145434,1.011194765145434,2.3451408923962025
T000334,0.5315108060850441,0.5965525991530802,0.5965525991530802,0.5965525991530802,0.5844744952241334,0.5965525991530802,0.5965525991530802,0.34882661172804397,0.5931132319577928,0.5931132319577928,0.3423552556874599
T000335,5.364482279100366,5.277071581990367,4.242016807384141,5.508667376097639,5.372153324918545,5.411430901393208,5.372153324918545,5.372153324918545,5.372153324918545,5.372153324918545,5.530572002653497
T000336,1.6834923645737525,1.8744487342012845,1.6834923645737525,1.8744487342012845,1.8744487342012845,1.8744487342012845,1.8744487342012845,1.2677033070990555,1.8744487342012845,1.6240027418851208,1.5642588043962382
T000337,1.7960118397962674,1.7960118397962674,1.7960118397962674,1.9735915234396177,1.9499583836816285,1.933126986448801,1.933126986448801,1.7960118397962674,1.9198299903033997,1.9198299903033997,2.0382410225752023
T000338,1.142643118007739,2.1373540603110044,2.1373540603110044,2.1373540603110044,1.365936295362445,1.9152548784353203,1.9152548784353203,1.9152548784353203,2.1373540603110044,1.8974764398679607,1.2226510623363367
T000339,4.203983649276966,4.186340119129451,4.186340119129451,4.186340119129451,4.188268890025046,4.188268890025046,3.118472117428854,2.5861775576762254,4.188268890025046,2.5861775576762254,4.280008957964572
T000340,1.1301560272105209,1.0890942488606647,0.8555402198615966,0.8555402198615966,0.852500432770463,0.8555402198615966,0.8555402198615966,0.8555402198615966,0.852500432770463,0.8555402198615966,1.1032533074788506
T000341,1.527708016745217,1.5447158738329647,1.5447158738329647,1.5447158738329647,1.5447158738329647,1.5447158738329647,1.5447158738329647,1.5447158738329647,1.5447158738329647,1.5447158738329647,1.4527959137243573
T000342,0.7275964557025869,0.7825383301841463,0.7825383301841463,0.7825383301841463,0.7880625486821359,0.7880625486821359,0.7880625486821359,0.7880625486821359,0.7825383301841463,0.7182665288886445,0.7606567053105779
T000343,0.5987522761016086,0.4026293552574559,0.4026293552574559,0.41060910478499496,0.41060910478499496,0.41060910478499496,0.41060910478499496,0.41060910478499496,0.41060910478499496,0.5987522761016086,0.6706154584186671
T000344,0.9991050626242646,0.6549419454433882,0.6034650165993062,0.9991050626242646,0.9365165554868545,0.6034650165993062,0.5936220650260983,0.5932621342937437,0.9205469399180874,0.6034650165993062,0.6549419454433882
T000345,5.8508239245251055,5.8508239245251055,5.8508239245251055,5.8508239245251055,5.8508239245251055,5.97435716084047,5.8508239245251055,5.8508239245251055,5.8508239245251055,5.8508239245251055,6.192622630162016
T000346,1.9750404130540098,2.6702644048036004,1.772095916118131,1.9665308796139385,1.9665308796139385,1.9665308796139385,1.630829817032025,1.9665308796139385,1.9665308796139385,1.9665308796139385,2.846740815189048
T000347,1.629070771522477,1.564382006873849,1.564382006873849,1.564382006873849,1.334186829337702,1.334186829337702,1.564382006873849,1.564382006873849,1.334186829337702,1.6010489190979877,1.6143663632833805
T000348,2.768113178735899,2.9523583906330377,2.9523583906330377,2.9450905727101495,2.692000441589364,2.957914242834861,3.192329990087855,2.692000441589364,2.957914242834861,2.768113178735899,2.8415041025451018
T000349,6.79565003077889,6.367804662613419,6.169552109409247,5.722751771154663,5.722751771154663,5.722751771154663,5.722751771154663,5.722751771154663,6.138822239574075,5.722751771154663,6.120155303326218
T000350,4.0075138226208775,4.414092705017188,5.0426543511154085,5.0426543511154085,5.0426543511154085,5.061910025897877,5.133141245395803,5.133141245395803,4.8255915521971495,5.0426543511154085,5.04212274308878
T000351,1.9401256678694516,1.9251599956975818,1.8753325682995332,1.9251599956975818,1.9251599956975818,1.9251599956975818,1.9251599956975818,1.6440454502606205,1.9251599956975818,1.6140657898793076,1.5940613673041693
T000352,1.9618787161949547,1.7463972944222772,1.7463972944222772,1.7463972944222772,1.829261835460755,1.7463972944222772,1.829261835460755,1.7463972944222772,1.7463972944222772,1.8700738729000665,1.829261835460755
T000353,0.8127260628364116,1.6301172274964695,1.6301172274964695,1.6301172274964695,1.502003856554353,1.6301172274964695,1.502003856554353,1.502003856554353,1.502003856554353,1.702142886962437,0.9341119552148321
T000354,4.077044629658278,3.729242823744455,4.091654349485228,4.091654349485228,4.072106391057027,4.072106391057027,3.1592791546768626,3.8756370258678987,4.072106391057027,3.8756370258678987,4.219831479899549
T000355,0.8173274834558207,0.8411885354334487,0.8173274834558207,0.8173274834558207,0.8173274834558207,0.8847981610047833,0.8173274834558207,0.8173274834558207,0.8847981610047833,0.8221083397958281,0.8233746271961264
T000356,1.6236531682432453,1.9214783823727168,1.9290896216879452,1.9214783823727168,1.6221408899534964,1.6221408899534964,1.6221408899534964,1.6221408899534964,1.9214783823727168,1.6221408899534964,1.6236531682432453
T000357,1.748950706735462,1.905988698424876,1.8991369694261837,1.800296484570798,1.8160228808167642,1.8991369694261837,1.8991369694261837,1.905988698424876,1.905988698424876,1.8160228808167642,2.2474707081592076
T000358,2.235868453360217,2.092935271725399,2.092935271725399,1.9852419127224334,1.9852419127224334,1.9852419127224334,1.9852419127224334,2.092935271725399,2.092935271725399,1.9852419127224334,2.294411314145071
T000359,0.6132068281629584,0.6059492598896062,0.6566340984750291,0.6132068281629584,0.6167794595224285,0.6132068281629584,0.6167794595224285,0.6167794595224285,0.6167794595224285,0.6167794595224285,0.6167794595224285
T000360,2.1105932185420246,2.1105932185420246,1.2025536822803766,1.140443320852463,1.7153272560044517,1.2671450602907874,1.2671450602907874,1.2671450602907874,2.1105932185420246,2.1105932185420246,1.82849296886896
T000361,0.9336596062226081,0.9326434248592219,0.9286502521182352,0.9286502521182352,0.9286502521182352,0.9286502521182352,0.9286502521182352,0.9286502521182352,0.9286502521182352,0.9286502521182352,0.9336596062226081
T000362,1.356117877737271,1.3144670491887285,1.3144670491887285,1.3571386032883228,1.3571386032883228,1.3571386032883228,1.3571386032883228,1.3808727728497423,1.3808727728497423,1.3360564613417787,1.7502772975846335
T000363,1.4483496830944316,1.5576568831117787,1.5576568831117787,1.5576568831117787,1.2737346509498784,1.2737346509498784,1.2737346509498784,1.2737346509498784,1.5576568831117787,1.2483130060219088,1.3601114630545161
T000364,0.6502232497008151,1.377832497193057,0.6617910194014199,0.6629915292222273,0.6629915292222273,0.6629915292222273,0.4832101136590296,0.5149888236002862,1.254737690702896,1.254737690702896,0.7775901631118425
T000365,0.785655836900474,0.8262228742389919,0.810700729887117,0.8964358020995153,0.810700729887117,0.8033782491811614,0.8033782491811614,0.8033782491811614,0.805030612810011,0.805030612810011,0.8119465404981714
T000366,1.292647729002234,1.1333473181571667,1.1333473181571667,1.1259117672514156,1.280705226665328,1.280705226665328,1.1555656131058472,1.280705226665328,1.1259117672514156,1.280705226665328,1.2762440283113732
T000367,1.0965535883103528,1.2460062876477576,1.1288929443105176,1.3385428029831126,1.1288929443105176,1.5402902488505763,1.1288929443105176,1.3183398280388576,1.3385428029831126,1.5402902488505763,1.4783979932876676
T000368,0.3389939285349393,0.35441284877069734,0.3146668793661758,0.3146668793661758,0.3146668793661758,0.3146668793661758,0.3146668793661758,0.3146668793661758,0.37710832258943694,0.3389939285349393,0.9854313550736027
T000369,0.814162118963289,0.8307237791166018,0.814162118963289,0.814162118963289,0.814162118963289,0.814162118963289,0.814162118963289,0.814162118963289,0.814162118963289,0.814162118963289,0.7305364626482833
T000370,2.1232055228118956,2.1826736922871333,2.1826736922871333,1.6421591620184441,2.1232055228118956,2.1232055228118956,2.1232055228118956,1.5025977784453461,2.1826736922871333,1.6574073509155625,2.1232055228118956
T000371,1.4079186791671348,1.5752959889116938,1.457303931244569,1.580612037645734,1.5414911401503388,1.5350920389489269,1.5350920389489269,1.5350920389489269,1.5350920389489269,1.580612037645734,2.2258973140900205
T000372,1.6124951051592544,1.5790766683672597,1.6417617239419444,1.606527415866816,1.5913257721151957,1.6417617239419444,1.6417617239419444,1.6417617239419444,1.606527415866816,1.606527415866816,1.6273323985324357
T000373,1.0981773408503852,1.13426314279641,1.1368038727881338,1.1243097423806048,1.13426314279641,1.1368038727881338,1.13426314279641,1.13426314279641,1.1243097423806048,1.069070934319401,1.5996375719808997
T000374,0.9684526837216983,0.9684526837216983,0.9684526837216983,0.9684526837216983,0.9684526837216983,1.0352730398358172,1.3935535022936556,1.0420229618363062,0.8626209043653137,1.0352730398358172,1.0211150375798828
T000375,3.188029031276883,3.2160013810789763,3.2884815986036218,3.162648686469109,3.162648686469109,3.2253096940897574,3.2253096940897574,3.2253096940897574,3.2253096940897574,3.2253096940897574,2.2391978284672183
T000376,2.780874623985916,2.8064996054303384,2.6195296068094596,2.8212447588095015,2.8212447588095015,2.8212447588095015,2.8212447588095015,2.8212447588095015,2.8212447588095015,2.8212447588095015,2.704336334087587
T000377,0.8610668910305572,0.9022806641079859,0.9022806641079859,0.9022806641079859,0.8265999891575959,0.8265999891575959,0.8265999891575959,0.8265999891575959,0.8265999891575959,0.8268043340531251,0.9238732498271095
T000378,0.9432680754075888,0.9045453590122298,0.9045453590122298,0.6803371201408578,0.6803371201408578,0.6803371201408578,0.6803371201408578,0.6746472717351905,0.6746472717351905,0.667707067587178,0.837858345517686
T000379,2.2419411013066024,2.2596799378589534,2.2312291623935194,2.421451385925978,2.2419411013066024,2.2419411013066024,2.2419411013066024,1.5892187558905682,1.5892187558905682,1.5892187558905682,1.461551993195586
T000380,0.5353286200688534,0.8313952824344838,0.7859543684861293,0.5353286200688534,0.8313952824344838,0.922795059466982,0.7859543684861293,0.922795059466982,0.5511716498449994,0.7859543684861293,0.8827647492227776
T000381,1.299859227743131,1.0577248024481538,1.0569980663793859,1.148004435224761,1.148004435224761,1.148004435224761,1.148004435224761,1.0577248024481538,1.148004435224761,1.148004435224761,1.4512202681706357
T000382,1.0315277752904966,1.0315277752904966,1.0315277752904966,1.0315277752904966,1.0600372689116118,1.0315277752904966,1.0600372689116118,1.0600372689116118,1.0315277752904966,1.0882947754083667,1.102992852500382
T000383,1.7557538198107492,1.4192581250227048,1.4192581250227048,1.7979993582020097,1.8180196964003132,1.8180196964003132,1.8180196964003132,1.8180196964003132,1.4192581250227048,1.8180196964003132,1.7658578006885892
T000384,0.42151162592696484,0.4189441896620744,0.4189441896620744,0.4441760026461281,0.4441760026461281,0.4441760026461281,0.4441760026461281,0.4986607618212541,0.4441760026461281,0.4986607618212541,0.8594905812686855
T000385,3.0987734434314316,3.0987734434314316,3.0987734434314316,3.0987734434314316,3.0691997719931505,3.0691997719931505,2.322449709211005,3.0987734434314316,3.0802936121318742,3.0802936121318742,3.0093445469481104
T000386,1.9871277561020035,1.46620180738117,1.46620180738117,1.46620180738117,1.46620180738117,1.46620180738117,1.46620180738117,1.6887416973067577,1.46620180738117,1.6887416973067577,1.8570908530059276
T000387,1.8423224804761957,1.5022994494224773,1.5022994494224773,1.5022994494224773,1.604836741533699,1.5022994494224773,1.5022994494224773,1.5022994494224773,1.5022994494224773,1.5022994494224773,1.7530252349484379
T000388,0.6549472063438366,0.6549472063438366,0.6549472063438366,0.631091487331692,0.5361241027552941,0.5361241027552941,0.5361241027552941,0.5361241027552941,0.46495685404403664,0.46495685404403664,0.5435506533407117
T000389,2.9265234081057216,2.853951362637148,2.853951362637148,2.853951362637148,2.81486581633568,2.81486581633568,2.21656295161424,2.2245956289128452,2.81486581633568,2.2245956289128452,2.9973426827776204
T000390,1.2488115971193376,1.2129809283834327,1.1408989302876744,1.1408989302876744,1.1408989302876744,1.1408989302876744,1.1408989302876744,1.1408989302876744,1.1455700801711646,1.1455700801711646,1.092567599466337
T000391,2.3238046634964484,2.3238046634964484,2.3238046634964484,2.3238046634964484,2.938754223120517,2.938754223120517,2.938754223120517,2.3238046634964484,2.6444357122083675,2.4578105049222514,2.86496207437734
T000392,1.3758554305359418,1.1095955886671809,1.1095955886671809,1.0862149497916382,1.0388514627796257,1.092421427276048,1.0388514627796257,1.0388514627796257,1.0388514627796257,1.3481747168594498,1.1232728529387777
T000393,2.5228725074784513,2.755984009867796,3.107066307421835,2.5228725074784513,2.603447883684925,2.5228725074784513,2.603447883684925,2.603447883684925,2.603447883684925,2.7026344457965346,2.6136732721061096
T000394,2.1350295153006673,2.0943144257191855,2.3107870476359853,2.2261853903665147,2.0931744140290967,2.0931744140290967,2.0057217239197875,2.0908534802991,2.0931744140290967,2.0931744140290967,2.1521074436321297
T000395,0.942733172423485,0.8475068664171419,0.7328045024487636,0.7328045024487636,0.7328045024487636,0.7328045024487636,0.8091277924123897,0.7328045024487636,0.8475068664171419,0.7328045024487636,0.9073794485517972
T000396,0.5258673481565797,0.5258673481565797,0.5258673481565797,0.5258673481565797,0.5258673481565797,0.5258673481565797,0.5258673481565797,0.5258673481565797,0.5258673481565797,0.5258673481565797,0.9959495774885009
T000397,1.362266997163656,1.361574888593173,1.3455489988594143,1.4236950092843912,1.3455489988594143,1.3455489988594143,1.3455489988594143,1.3906613209182512,1.3455489988594143,1.3455489988594143,1.3906613209182512
T000398,1.8542807159498593,1.8542807159498593,1.9034138026081697,1.6940470964778107,2.6763548152847716,2.6763548152847716,2.2471441084170545,2.6642245130432283,2.6763548152847716,2.2471441084170545,2.3650556871050292
T000399,0.5326334264537069,0.5984465103670694,0.5984465103670694,0.6693992037374326,0.5984465103670694,0.5984465103670694,0.5984465103670694,0.5984465103670694,0.6693992037374326,0.6693992037374326,0.8268513369103284
T000400,0.46234759714630996,0.46234759714630996,0.46234759714630996,0.46234759714630996,0.27374281180445026,0.46234759714630996,0.27374281180445026,0.27374281180445026,0.46234759714630996,0.46234759714630996,0.438948906943896
T000401,0.7783325967812634,0.7783325967812634,0.7783325967812634,0.7783325967812634,0.7740215004876121,0.7740215004876121,0.7740215004876121,0.7783325967812634,0.7740215004876121,0.7236830497266694,0.8691341368104022
T000402,1.4488178162175294,1.099641642195286,1.099641642195286,1.328875167385177,1.381175337258388,1.381175337258388,1.381175337258388,1.3975595240011784,1.3975595240011784,1.4393358768670643,1.455683031000426
T000403,0.8213524334747352,0.8006899563028144,0.8673259556837762,0.7365267575841365,0.7365267575841365,0.7365267575841365,0.7365267575841365,0.7365267575841365,0.7365267575841365,0.7343396980841368,0.8213524334747352
T000404,0.7391104989477336,0.7391104989477336,1.24500378578757,1.24500378578757,1.24500378578757,1.24500378578757,1.24500378578757,1.24500378578757,1.24500378578757,1.24500378578757,0.7480092964142904
T000405,0.43044272627371793,0.31703149905750866,0.4265377345909793,0.6631503457650255,0.3798936108480632,0.3798936108480632,0.3798936108480632,0.6631503457650255,0.3798936108480632,0.6631503457650255,0.44680097465042096
T000406,0.7434150336732648,0.7434150336732648,0.7254931456333436,0.7254931456333436,0.7254931456333436,0.7254931456333436,0.7254931456333436,0.7254931456333436,0.7254931456333436,0.7278175961933486,1.1439505564258252
T000407,0.8878949772501805,0.8757287601453999,0.8757287601453999,1.0260874167720417,0.8223808186371009,1.0690389835677823,1.0690389835677823,1.0690389835677823,1.0690389835677823,1.0690389835677823,0.8811270099053199
T000408,0.7325456789674794,0.9776904035319014,0.8801076812873481,0.8801076812873481,0.8801076812873481,0.8801076812873481,0.8801076812873481,0.8801076812873481,0.7005219999497752,0.8801076812873481,0.7325456789674794
T000409,0.5383952420134026,0.5917678991823508,0.5013758429441006,0.5013758429441006,0.5013758429441006,0.5013758429441006,0.5917678991823508,0.5013758429441006,0.621585562554729,0.621585562554729,0.9577319025490402
T000410,1.0385339424945095,0.9681582338438276,0.9681582338438276,0.9681582338438276,0.9681582338438276,0.9681582338438276,0.9681582338438276,0.9681582338438276,1.0319544424350147,1.0319544424350147,0.4599495666372371
T000411,0.8714427558236498,0.8210815620274632,0.6205390446235008,0.8210815620274632,0.8210815620274632,0.8210815620274632,0.6205390446235008,0.6205390446235008,0.8210815620274632,0.8210815620274632,1.9207079978338104
T000412,0.906450448552893,0.9056944966042855,0.9317473448605383,0.9581389928600864,0.9581389928600864,0.7095900898415328,0.9178255789889519,0.9178255789889519,0.7095900898415328,0.9923089405185402,0.9979032493234031
T000413,0.742629020768055,0.742629020768055,0.717053498538287,0.717053498538287,0.717053498538287,0.717053498538287,0.717053498538287,1.07954570297019,0.7845707971034279,0.717053498538287,1.07954570297019
T000414,0.8668594785296471,0.8668594785296471,0.8668594785296471,0.8668594785296471,0.9306217880557297,0.9306217880557297,0.9306217880557297,0.9306217880557297,0.9306217880557297,0.9306217880557297,0.8281310792842904
T000415,2.334146883319876,1.974711769524139,2.266317754245273,2.266317754245273,2.266317754245273,2.266317754245273,2.266317754245273,2.2709776553026724,2.266317754245273,2.266317754245273,2.5810731354168452
T000416,1.4823383873145184,1.3659276896070578,1.3659276896070578,1.4707215541401273,1.4707215541401273,1.4707215541401273,1.4707215541401273,1.4707215541401273,1.4707215541401273,1.4707215541401273,1.4679910556923503
T000417,1.3203610504315577,1.1312285134858533,1.315243848084698,1.315243848084698,1.315243848084698,1.315243848084698,1.2614317443310084,1.2614317443310084,1.2614317443310084,1.2273837910192122,1.243951100612654
T000418,0.7141279044996037,0.7557544544663661,0.6989487447643697,0.6989487447643697,0.6995180405330902,0.6995180405330902,0.6995180405330902,0.6995180405330902,0.6995180405330902,0.7273709491997519,0.7069015774055355
T000419,1.2349451671876803,1.565693784769434,1.565693784769434,1.3134377276453817,1.5795819960963222,1.3134377276453817,1.5705992253662069,1.3134377276453817,1.3134377276453817,1.3134377276453817,1.5444299737836702
T000420,2.8518161578251395,3.104192787533334,2.8518161578251395,2.8518161578251395,2.8518161578251395,2.8518161578251395,3.0136550378277223,2.8518161578251395,3.0136550378277223,3.2675929697160155,2.88425764458364
T000421,1.6572420496258737,1.8882246760928707,1.79943948082145,1.8492782543730135,1.79943948082145,1.7565460983232783,1.7565460983232783,1.5169531293525909,1.8492782543730135,1.5169531293525909,1.7546012190422986
T000422,0.5224799683174955,0.5533088931692407,0.7253900946173693,0.5224799683174955,0.5224799683174955,0.7253900946173693,0.7253900946173693,0.6771690425074354,0.6771690425074354,0.6771690425074354,0.445309835520567
T000423,1.2439916458627094,1.2439916458627094,1.1998327946636533,1.273671405219724,1.273671405219724,1.273671405219724,1.273671405219724,1.273671405219724,1.273671405219724,1.273671405219724,1.1998327946636533
T000424,0.7517936586148987,0.8042318090771214,0.8042318090771214,0.7580639871706149,0.7403905361954866,0.7403905361954866,0.7580639871706149,0.8042318090771214,0.8042318090771214,0.8042318090771214,0.7491579054466982
T000425,0.2994227588963006,0.2994227588963006,0.2994227588963006,0.2994227588963006,0.2994227588963006,0.2994227588963006,0.2994227588963006,0.2994227588963006,0.2969566625980344,0.2963189669331881,0.37868109515771725
T000426,0.6842781557341188,0.7553573607833194,0.7745926077359188,0.6604289775570037,0.9183684882270703,0.9183684882270703,0.9433521121246041,0.9183684882270703,0.9433521121246041,0.9433521121246041,0.4552145346693448
