unique_id,MetaARIMA(1),MetaARIMA(2),MetaARIMA(5),MetaARIMA(10),MetaARIMA(20),MetaARIMA(30),MetaARIMA(40),MetaARIMA(50),MetaARIMA(75),MetaARIMA(94),AutoARIMA
T000000,0.7302901980321335,0.6515323000208264,1.2135096085071868,0.6515323000208264,0.6515323000208264,0.6515323000208264,0.6515323000208264,0.6515323000208264,0.6515323000208264,0.43807689564959196,1.2848735197409042
T000001,8.029411764705882,8.029411764705882,8.029411764705882,8.029411764705882,8.029411764705882,8.029411764705882,8.029411764705882,8.029411764705882,8.029411764705882,8.029411764705882,8.029411764705882
T000002,1.9329173414195577,1.9329173414195577,1.9329173414195577,1.9329173414195577,1.8062447830222759,1.8062447830222759,2.093136424945562,2.093136424945562,1.8967842296262079,1.766152777240263,1.768661421432537
T000003,2.408016851903039,2.408016851903039,2.408016851903039,2.408016851903039,2.0867111349380063,2.0867111349380063,2.0867111349380063,1.6685389129928665,3.1493132833524777,3.1493132833524777,1.4478094260993062
T000004,1.918751158654171,1.918751158654171,2.0351617447431343,1.931640049926397,1.6293658377709672,1.6293658377709672,1.6293658377709672,1.6293658377709672,1.6293658377709672,1.005672799302772,1.6293658377709672
T000005,0.7714539167831829,0.7599627925193386,0.7599627925193386,0.7599627925193386,0.9603070082359277,0.9603070082359277,0.9603070082359277,0.9603070082359277,0.9603070082359277,0.516032117345489,0.7599627925193386
T000006,1.129612459061166,1.5631844023988202,0.9629917261857126,0.9629917261857126,0.9629917261857126,0.9629917261857126,0.9629917261857126,0.9629917261857126,0.9629917261857126,0.9629917261857126,1.1080827067669174
T000007,0.8283447542062957,0.8283447542062957,0.9309726946805791,0.8144506883661223,0.8144506883661223,0.8144506883661223,0.8144506883661223,0.8144506883661223,0.7490037325611876,0.7490037325611876,1.3481052533393314
T000008,1.1636643375286646,1.1636643375286646,1.1233349478546948,1.1233349478546948,1.1861854942467966,1.2097230887905903,1.1188274809982464,1.2457344247514115,1.2165865360897277,1.2165865360897277,1.165147845436772
T000009,2.288900659682894,2.288900659682894,2.288900659682894,3.4237820497602773,3.4237820497602773,3.4237820497602773,3.4237820497602773,3.4237820497602773,3.4237820497602773,3.4237820497602773,3.5156535704578418
T000010,0.8283837809370335,0.8283837809370335,0.930900745659868,0.8144760832869326,0.8144760832869326,0.8144760832869326,0.8144760832869326,0.8144760832869326,0.7490567382000848,0.7490567382000848,1.3480362551969811
T000011,0.8999632590467485,0.8015735836220419,0.8015735836220419,0.8015735836220419,0.8015735836220419,0.8015735836220419,0.8015735836220419,0.8015735836220419,0.8015735836220419,0.8015735836220419,0.5997273690999858
T000012,3.446698990306943,3.4755101030601727,3.5031315240083507,3.5028529219281648,3.461204743756769,3.461204743756769,3.461204743756769,3.461204743756769,3.3961364114560015,3.484973592339572,3.4501334935927095
T000013,1.702460348774359,1.770083337172397,1.5734374713483292,1.5734374713483292,1.5734374713483292,1.5734374713483292,1.5734374713483292,1.5734374713483292,1.5734374713483292,1.5734374713483292,2.3161743194974647
T000014,1.0296228046091482,1.0296228046091482,1.0296228046091482,1.0296228046091482,0.9168249826245988,0.9168249826245988,0.9168249826245988,0.9168249826245988,0.9168249826245988,0.9168249826245988,1.2970420258057458
T000015,0.6382760137208383,0.6382760137208383,0.6382760137208383,0.6382760137208383,0.4536210688777901,0.4536210688777901,1.0143037384487705,1.0143037384487705,0.8451274300004153,0.6029363440459012,0.6540952828102281
T000016,0.8243292241772514,0.8243292241772514,0.8243292241772514,0.8243292241772514,0.8243292241772514,0.8298142085206716,0.8298142085206716,0.8298142085206716,0.3005410902938971,0.5020478766727355,0.8243292241772514
T000017,0.9388726188285417,0.9388726188285417,1.2706270042667565,1.2706270042667565,1.2706270042667565,1.2166475896102793,1.2166475896102793,0.7703551495167942,0.7703551495167942,0.7703551495167942,1.388145196438578
T000018,0.7444190506432244,0.7444190506432244,0.6253618443521829,0.5545472708829984,0.5545472708829984,0.45996315438999585,0.45996315438999585,0.7093226818639514,0.7102826129867745,1.5241822745085511,0.45996315438999585
T000019,0.7714676935921285,0.759941624107031,0.759941624107031,0.759941624107031,0.9602841614441889,0.9602841614441889,0.9602841614441889,0.9602841614441889,0.9602841614441889,0.5160105125976376,0.759941624107031
T000020,0.952204807698247,0.952204807698247,1.1646983352345301,1.1646983352345301,1.14815594169587,1.2648281555197731,1.2648281555197731,1.2648281555197731,1.2179806991663602,1.8804302620999909,1.14815594169587
T000021,1.3796954773889467,1.16481827198512,1.2805211256827245,1.3981892982139916,1.2820796463314008,1.2241660118104332,1.2241660118104332,1.2241660118104332,1.2241660118104332,1.1367767746649116,1.1707334019064168
T000022,1.5788637901363494,1.5788637901363494,1.5788637901363494,1.5788637901363494,1.5788637901363494,1.5047597372856225,1.426884815710841,1.426884815710841,1.2766439157227147,1.2766439157227147,1.4804768285311072
T000023,1.1864183906816013,1.0969918201333841,1.0969918201333841,1.0730508037495843,1.10646200146309,1.10646200146309,1.10646200146309,1.10646200146309,1.10646200146309,1.10646200146309,1.10646200146309
T000024,1.487962038014116,1.0964396898946474,1.1012196251898974,1.1012196251898974,1.1898182986579084,1.3834666150302048,1.3834666150302048,1.3834666150302048,1.3386106103796669,1.3386106103796669,0.6170195109001209
T000025,1.316918697675168,0.982834896033829,0.9664065053962696,0.9664065053962696,1.3565251906924065,1.227616662697425,1.227616662697425,1.227616662697425,1.1743363645636071,1.1743363645636071,0.5484048629710704
T000026,0.9353414958041287,0.9353414958041287,0.8975883096849802,0.9494650762295571,0.8935330121775128,0.8935330121775128,0.8935330121775128,0.8935330121775128,1.134205160843499,1.134205160843499,0.8935330121775128
T000027,1.2241477211825367,1.2241477211825367,1.2692668500281572,1.2692668500281572,1.3090124342327392,1.3090124342327392,1.3090124342327392,1.3090124342327392,1.2729992898289537,1.2729992898289537,1.2326695441511828
T000028,0.5565606289735817,0.5565606289735817,0.5565606289735817,0.5482234994345838,0.5105375114223468,0.5105375114223468,0.5105375114223468,0.5105375114223468,0.6757483835421741,0.7200981621906416,0.5105375114223468
T000029,0.44550332630981265,0.44550332630981265,0.44550332630981265,0.44550332630981265,0.47798053867746026,0.47798053867746026,0.47798053867746026,0.47798053867746026,0.5080199373748046,0.6441292505630466,0.51124412454931
T000030,1.3853648450266134,1.3907130824722107,1.3907130824722107,1.379093324899706,1.3892741456145183,1.3892741456145183,1.2968942653869027,1.2968942653869027,1.2856527750178686,1.2670740127046645,1.3851721519968219
T000031,0.9504629140245362,0.40346503830904845,0.40346503830904845,0.40346503830904845,0.5693098829257176,1.4175744340016674,1.4175744340016674,1.4175744340016674,1.4175744340016674,1.4175744340016674,0.40346503830904845
T000032,0.8186250484605142,0.8186250484605142,0.8098872106086222,0.6858204253686736,0.6858204253686736,0.6858204253686736,0.6858204253686736,2.0985401850489422,2.0985401850489422,2.0985401850489422,0.7831138538324715
T000033,1.0820963312252818,1.0292598296136155,1.1022190655616435,1.1022190655616435,1.1022190655616435,1.1022190655616435,1.1022190655616435,1.1022190655616435,0.926062154138676,0.926062154138676,0.8613338192419825
T000034,2.407039835164835,2.407039835164835,2.735807720266864,2.4649910417720675,2.4649910417720675,2.4649910417720675,2.4649910417720675,2.108333470750364,2.108333470750364,2.0599696728103973,2.463246907473826
T000035,0.859623725565644,0.859623725565644,0.859623725565644,0.6225300518615763,1.1004232099818685,1.807174921213036,1.807174921213036,1.807174921213036,1.807174921213036,1.807174921213036,0.40376380785391186
T000036,2.5619476191165833,2.5619476191165833,2.521238966790935,2.521238966790935,2.521238966790935,2.5206758974681374,2.5201714043805734,2.4886624553551004,2.3821706693349465,2.339976042054273,2.5201714043805734
T000037,2.9045070744675847,2.9045070744675847,2.7419432063293807,2.7419432063293807,2.7419432063293807,2.7419432063293807,2.7419432063293807,2.880089916035812,2.737969172982537,2.737969172982537,3.612109320009346
T000038,1.1766775609071547,1.1766775609071547,1.1976462479718069,1.19889391257223,1.19889391257223,1.19889391257223,1.2429225334167917,1.2429225334167917,1.9776760535549884,1.8793306974251764,1.2429225334167917
T000039,0.3874708479889892,0.3874708479889892,0.28657377625623737,0.3288316599258368,0.33648585180630874,0.33648585180630874,0.33648585180630874,0.5244396294119975,0.3302636817274336,0.3539470658711016,0.2873093005661057
T000040,0.4132441666060914,0.4132441666060914,0.4132441666060914,0.4132441666060914,0.4132441666060914,0.4132441666060914,0.4132441666060914,0.4132441666060914,0.3325105366183196,0.3325105366183196,0.4675269218478517
T000041,0.5293030950928971,0.5293030950928971,0.5092690207371136,0.5092690207371136,0.5092690207371136,0.6289117162586093,0.5433603698241642,0.5433603698241642,0.6295093352531934,0.5915893014032654,0.19439428678748982
T000042,2.5184755067567566,2.6420282452205646,2.6420282452205646,2.6420282452205646,2.8209133748458335,2.8209133748458335,2.8823329990163136,2.8823329990163136,2.8823329990163136,2.8823329990163136,2.6682661832580243
T000043,3.2313889614582543,3.3133063510893455,3.3133063510893455,3.3133063510893455,3.3082741035649272,3.3875570861764195,3.3875570861764195,3.3875570861764195,3.3875570861764195,3.3875570861764195,3.3875570861764195
T000044,1.4860503396260598,1.4860503396260598,1.5327487507800153,1.4947315436839546,1.4947315436839546,1.4947315436839546,1.134905557192712,1.134905557192712,1.0296845438706113,1.5201922920722781,1.4947315436839546
T000045,2.3863957652399854,2.218624959453709,2.155470699368605,2.3438298048284496,1.9605306787596433,1.9605306787596433,1.9605306787596433,1.9605306787596433,1.9605306787596433,1.9605306787596433,1.9605306787596433
T000046,1.8062824755597422,1.204157388379278,1.204157388379278,1.4463487079711723,1.4463487079711723,1.8486653902627652,1.8486653902627652,1.5929866084112967,1.5707204336544531,1.5707204336544531,1.4463487079711723
T000047,0.9859004800637882,1.3035756962008804,1.3035756962008804,1.3035756962008804,1.3035756962008804,1.3035756962008804,1.3035756962008804,1.3035756962008804,1.062246939259678,1.062246939259678,1.4460579593280447
T000048,3.84979263013577,3.024709982317129,2.3451779177887855,2.3451779177887855,2.168787152788126,2.168787152788126,2.168787152788126,2.3937213462244586,2.3937213462244586,2.3937213462244586,2.9045414041072113
T000049,0.7139773643166156,0.7139773643166156,0.9035511696466899,0.7454318008651082,0.7454318008651082,0.7454318008651082,0.7454318008651082,0.5020192835363654,1.4137708929678126,0.584327667583412,1.1864528874686298
T000050,1.522568335720166,1.522568335720166,1.524368510970165,1.5978351285320203,1.800477880442489,2.9047063082147977,2.9047063082147977,2.9047063082147977,3.086575275490971,3.086575275490971,1.6944444444444444
T000051,1.3480752535634404,1.2188676368484377,1.7693567688376444,1.902895457905087,1.902895457905087,1.902895457905087,1.902895457905087,1.902895457905087,1.902895457905087,1.902895457905087,1.1320704622655473
T000052,1.5540538525657817,1.5540538525657817,2.4805100894929666,0.922462870694242,0.922462870694242,1.815785312843711,1.815785312843711,1.481141735242961,1.481141735242961,1.481141735242961,2.986780222374395
T000053,1.6108254650729863,1.6108254650729863,1.6108254650729863,1.6108254650729863,2.2794021932516806,2.2794021932516806,2.2794021932516806,2.2794021932516806,2.2794021932516806,2.2794021932516806,3.2606635071090047
T000054,2.080165479651478,0.6603232760095893,0.6603232760095893,0.6603232760095893,0.6384309088169174,1.5614459262890013,1.757551570814135,1.757551570814135,1.7461860133099398,1.7461860133099398,1.8383126263568992
T000055,3.4747879141164084,2.4973511374970103,2.4973511374970103,2.4973511374970103,2.4973511374970103,2.4973511374970103,2.4973511374970103,2.4973511374970103,2.347998160293709,2.347998160293709,4.060485113680893
T000056,1.9357468184591453,1.9357468184591453,1.5242281983180443,1.5242281983180443,1.5242281983180443,1.5242281983180443,1.5242281983180443,1.5242281983180443,1.8585865512857382,1.8585865512857382,1.8585865512857382
T000057,0.8243174487366569,0.8243174487366569,0.8243174487366569,0.8243174487366569,0.8243174487366569,0.8298554814480933,0.8298554814480933,0.8298554814480933,0.30054745626417984,0.5020502911063062,0.8243174487366569
T000058,1.3304115554725986,0.9371493117324862,0.9371493117324862,0.9371493117324862,0.7550605163050539,0.7550605163050539,0.7550605163050539,0.7550605163050539,0.7330274235105532,0.7330274235105532,1.1737729961801837
T000059,1.3798308130495183,1.1649554319857514,1.2806585921325748,1.3983283235154975,1.2822210251630373,1.2243001574258165,1.2243001574258165,1.2243001574258165,1.2243001574258165,1.1369097030940065,1.1708699624338759
T000060,7.137858137416136,7.137858137416136,7.446929772417891,9.729185054845107,9.729185054845107,8.526470002860199,8.526470002860199,8.526470002860199,7.911450413968773,7.911450413968773,7.0724580389188985
T000061,1.1741803185957858,1.1741803185957858,1.1741803185957858,1.1741803185957858,1.1741803185957858,1.1741803185957858,1.1741803185957858,1.1741803185957858,1.1741803185957858,1.1741803185957858,1.3654830817763939
T000062,0.6482362347480499,0.6482362347480499,0.8357296479209042,0.8373957761947471,0.6690411049163029,0.6690411049163029,0.7810322772015937,0.7810322772015937,0.8822845125850983,0.8775775995331836,1.0030310389185724
T000063,2.1057656348671947,2.2056594598422983,2.136365789753202,2.136365789753202,2.1812859295942513,2.1812859295942513,2.356304017388223,2.356304017388223,2.29381729103113,2.29381729103113,2.29381729103113
T000064,1.00698865107887,0.8905810240993879,0.9360555736475659,1.5239097900541951,1.5239097900541951,1.5239097900541951,1.5239097900541951,1.5838053866513395,1.5418553897365888,1.5418553897365888,0.8913127420666646
T000065,0.807248764415156,0.807248764415156,0.807248764415156,0.807248764415156,0.807248764415156,0.807248764415156,0.807248764415156,1.5192524608994682,0.747220288321791,0.747220288321791,0.807248764415156
T000066,2.4346283724173756,2.4346283724173756,1.0243902439024397,1.0243902439024397,1.0243902439024397,1.9256227682352747,1.9256227682352747,1.9256227682352747,1.9256227682352747,1.9256227682352747,1.0243902439024397
T000067,0.625799327808655,0.625799327808655,0.7716498336575306,0.7716498336575306,0.6846095526914318,0.7543846480291717,0.7543846480291717,0.7543846480291717,0.8402901353172471,0.8402901353172471,1.2104757088027216
T000068,0.3661823983876385,0.17558097059098854,0.17558097059098854,0.17558097059098854,0.17558097059098854,0.17558097059098854,0.6706023982390938,0.6706023982390938,0.6706023982390938,0.6706023982390938,1.172019763101809
T000069,0.6737685691946833,0.6737685691946833,0.6737685691946833,0.3211630810377809,0.3211630810377809,0.3211630810377809,0.4476820313228366,0.4476820313228366,1.2799819350942463,1.2799819350942463,0.8506314315936248
T000070,0.8784373864896559,0.8071433048180292,1.2584908641258843,1.2584908641258843,1.2584908641258843,1.2584908641258843,1.2584908641258843,0.9974692393676082,0.9974692393676082,0.9974692393676082,0.7555145670495779
T000071,1.4283806012425595,1.4283806012425595,1.4283806012425595,1.4283806012425595,1.452207826430398,1.452207826430398,1.452207826430398,1.452207826430398,1.452207826430398,1.452207826430398,0.6777607242424829
T000072,0.8231821735731033,0.1237197439467142,0.37390792323555655,0.2605657487322728,0.2605657487322728,0.4042611415168039,0.29931826448069626,0.29931826448069626,0.16006738592513164,0.16006738592513164,0.3443060860543773
T000073,0.8099999999999999,0.1071194661247367,0.32548116372891717,0.22953470439978027,0.22953470439978027,0.27266174588559633,0.27266174588559633,0.27266174588559633,0.059303959519819704,0.059303959519819704,0.3415288986603257
T000074,0.640588966980464,0.640588966980464,0.6250234855260856,0.15408745685217234,0.4822982949691522,0.4822982949691522,0.4822982949691522,0.8678057553956839,0.5388332210593108,0.5388332210593108,0.15408745685217234
T000075,1.200389153791676,0.29896812246162724,0.2074919458329663,0.2074919458329663,0.21906331393341819,0.3112314624319666,0.4009026138476566,0.4009026138476566,0.20418478033675563,0.20418478033675563,0.38066164065058133
T000076,2.655434568363441,2.655434568363441,2.5281492266918697,2.224152723943717,2.224152723943717,2.224152723943717,1.6924395583469765,1.993150684931506,2.912276080084301,2.912276080084301,2.224152723943717
T000077,0.4671325390341448,0.4681199944271154,0.4681199944271154,0.4671325390341448,0.7505730177632249,0.857100978268753,0.857100978268753,0.857100978268753,0.766798218160116,0.766798218160116,0.46465477498951496
T000078,1.8060625580037737,1.4835036905154215,1.2069898240912296,1.2069898240912296,1.2069898240912296,1.2069898240912296,1.1283977504723073,1.1283977504723073,1.1283977504723073,1.1283977504723073,1.645729464912378
T000079,0.33688382860527927,0.3070045542543422,2.106813941785198,0.32185628081072215,0.32185628081072215,0.32185628081072215,0.337744045704334,0.32431568091021273,0.32431568091021273,0.32431568091021273,0.2943204112218718
T000080,0.19637847157964153,0.19637847157964153,0.19637847157964153,0.3515378248244141,0.42563936337458225,0.42563936337458225,0.42563936337458225,0.42563936337458225,0.42563936337458225,0.42563936337458225,0.22436518942430506
T000081,1.6847644533368982,1.0670766941784693,1.1736140409826823,1.8290867654319023,0.8599674537692967,0.8827368869698632,0.8827368869698632,0.8299431244959035,0.9537426321131476,0.9537426321131476,0.8069977042320612
T000082,0.16006537588616673,0.6116693475040558,0.6116693475040558,0.21291902711699442,1.08737802290835,0.13995800199674927,0.13995800199674927,0.46757637986355993,0.45397615752269044,0.45397615752269044,0.7868890048239434
T000083,1.0470754721392264,0.5625374808401251,0.5625374808401251,0.5625374808401251,0.36670276185927775,0.36670276185927775,0.36670276185927775,0.36670276185927775,0.36670276185927775,0.36670276185927775,1.0313458739596364
T000084,0.4635275824284521,0.4635275824284521,0.4635275824284521,0.4635275824284521,0.4635275824284521,0.4635275824284521,0.4635275824284521,0.4635275824284521,0.4635275824284521,0.4635275824284521,0.5052437167428753
T000085,2.831215886202097,2.9535714860056563,2.766863772883872,2.766863772883872,1.4521175575980694,2.270111813667152,2.270111813667152,2.270111813667152,2.270111813667152,2.270111813667152,2.130395812080698
T000086,5.7204762420815936,5.7204762420815936,9.94098256432105,9.94098256432105,9.94098256432105,9.94098256432105,9.28987428756753,9.28987428756753,9.951689787644737,9.82797634683198,3.6009731606046005
T000087,0.31908453281369886,0.31908453281369886,0.31908453281369886,0.38258707905715433,0.35800774967775356,0.35800774967775356,0.35800774967775356,0.35800774967775356,0.35800774967775356,0.35800774967775356,0.35039612676870296
T000088,0.6949751876804185,0.5112281190817373,0.5112281190817373,0.5112281190817373,0.5112281190817373,0.5112281190817373,0.5112281190817373,0.5112281190817373,0.5112281190817373,0.5039766504543751,0.5781641013603829
T000089,0.826512608586756,0.826512608586756,0.8139712192729139,0.8139712192729139,0.8139712192729139,1.3015212651787316,1.3015212651787316,1.3015212651787316,1.3015212651787316,1.3015212651787316,1.3015212651787316
T000090,1.1686963477401846,1.1496844741429744,1.1496844741429744,1.1587740123370467,1.106207958206645,1.161663227250075,1.161663227250075,1.161663227250075,1.161663227250075,1.161663227250075,1.161663227250075
T000091,1.809256357960072,1.809256357960072,1.809256357960072,1.8314634268339038,1.8314634268339038,1.9397337606546474,1.9397337606546474,1.9397337606546474,1.4744318181818181,1.414998520498901,1.4744318181818181
T000092,2.8605589557172837,2.8605589557172837,2.8871964587876215,2.8871964587876215,3.07885539053783,3.07885539053783,2.7990359042553195,2.2377709794916405,2.2377709794916405,2.2377709794916405,2.7990359042553195
T000093,1.3979431252006929,1.3979431252006929,1.4021031922897944,1.2662385492195982,1.2662385492195982,0.6261680478631161,0.6261680478631161,0.6261680478631161,2.1487137560185507,2.1487137560185507,1.5509054612861828
T000094,2.502122241086588,2.009451389878601,2.009451389878601,2.009451389878601,2.0248882992303856,2.0248882992303856,2.101350304183173,2.101350304183173,2.101350304183173,1.4439728353140922,2.9108658743633296
T000095,2.5483075234686305,3.798618226721114,3.721641066790192,3.273135254629002,3.273135254629002,3.273135254629002,3.2048396402754014,3.2048396402754014,3.2048396402754014,3.2048396402754014,3.2494834710743805
T000096,0.6586313111141902,0.5910814471770317,0.5910814471770317,0.5526222740798677,0.5526222740798677,0.5526222740798677,0.5526222740798677,0.8168323449668242,0.550163524432474,0.550163524432474,0.5526222740798677
T000097,0.41382836163603487,0.41382836163603487,0.907379398940761,0.19729431823120644,0.19729431823120644,0.19729431823120644,0.19729431823120644,0.19729431823120644,0.19729431823120644,0.19729431823120644,0.4451892918672965
T000098,0.35185934545364694,0.35185934545364694,0.35185934545364694,0.35185934545364694,0.35557441343119955,0.35557441343119955,0.35557441343119955,0.35557441343119955,0.35557441343119955,0.9155838580423583,0.5445026979914952
T000099,0.19413762945315954,0.6890208767887529,0.3705130414426996,0.41157594655140706,0.33587626070561377,0.1744028661729707,0.1744028661729707,0.1744028661729707,0.1744028661729707,0.24071763921691905,0.24608627603632574
T000100,2.7680023496760073,2.7680023496760073,2.7680023496760073,2.938169873185032,2.6506847632497688,2.6506847632497688,2.707110075422485,2.707110075422485,2.707110075422485,2.707110075422485,2.938169873185032
T000101,1.6060605132882322,1.6060605132882322,1.6060605132882322,0.7115900624671949,0.7115900624671949,0.39802494022788626,0.39802494022788626,0.39802494022788626,0.39802494022788626,0.39802494022788626,0.3892170368119658
T000102,0.5123883226813435,0.47016726058190494,0.2579367755995367,0.2579367755995367,0.2579367755995367,0.6267445251263698,0.6267445251263698,1.1214184791570954,0.29993109838973653,0.30340951014256123,0.5963792689837379
T000103,0.4164778279707782,0.4164778279707782,0.6034795565560722,0.6034795565560722,0.7291705062202278,0.7291705062202278,0.7291705062202278,0.7291705062202278,0.7291705062202278,0.7291705062202278,0.739921123687442
T000104,1.8389581076426647,1.8389581076426647,1.8389581076426647,1.8389581076426647,1.1973680390639938,1.1973680390639938,1.287615956823516,1.287615956823516,1.718748611761638,1.3914196845743794,1.4487233686206817
T000105,0.9744107312167564,0.9744107312167564,1.3011617444605077,1.2833750390076157,1.2833750390076157,1.2833750390076157,1.1972308504665417,1.4584111148019057,1.4584111148019057,1.4584111148019057,1.4584111148019057
T000106,1.7533991648853984,2.2705948728904395,2.2705948728904395,2.2705948728904395,2.2250107604031815,2.2250107604031815,2.2250107604031815,2.2250107604031815,2.2250107604031815,2.2250107604031815,2.418186619867667
T000107,2.9812262611693097,2.958962190728765,2.958962190728765,2.958962190728765,2.958962190728765,2.958962190728765,2.958962190728765,2.958962190728765,2.958962190728765,2.958962190728765,2.963053854087235
T000108,5.583573785475506,5.558955516498187,6.139694682881354,5.6221047535022235,5.6221047535022235,5.607934477662726,5.651748986518275,5.651748986518275,5.651748986518275,4.694783730063862,5.607934477662726
T000109,16.504780462782502,16.504780462782502,16.504780462782502,16.504780462782502,15.328497867498283,18.109219875561354,18.109219875561354,18.109219875561354,20.394209284785948,22.25374527238885,18.109219875561354
T000110,1.1771935210466145,1.1683493778452243,1.227579551578577,1.227579551578577,1.2235666810358456,1.2391262760771704,1.2391262760771704,1.2391262760771704,1.2391262760771704,1.2391262760771704,0.7154614147451942
T000111,0.811737296127312,0.5271954784778754,0.5847270558588332,0.5847270558588332,0.5847270558588332,0.5847270558588332,0.5847270558588332,0.5389270231213873,0.5389270231213873,0.5389270231213873,0.5828161722527607
T000112,2.3258008522838587,2.3258008522838587,2.703231442688775,2.9426458574981327,2.9426458574981327,2.9426458574981327,2.9426458574981327,2.9426458574981327,2.9426458574981327,2.9426458574981327,2.0870142468706843
T000113,1.499278162528015,1.499278162528015,1.499278162528015,1.252883399127614,0.9283095453304202,0.9283095453304202,0.9283095453304202,0.9610143788658452,0.9610143788658452,0.5710992731911065,0.9283095453304202
T000114,0.3417088841923009,0.4317921826122205,0.4177325768887868,0.515558771030395,0.7594441343888412,0.7594441343888412,0.7344018447518845,0.7344018447518845,0.7344018447518845,0.8614201066238915,1.0957428619437042
T000115,0.882573008671451,0.6729750752946871,1.4922322791861085,1.7176648251257614,1.7176648251257614,0.4950910881113576,0.5796751467409912,0.6284986452725003,0.7241552395718086,1.6244884577849312,1.6662040295952403
T000116,1.2045123235192228,1.2045123235192228,1.2045123235192228,1.1617893955762362,1.1678998346143719,1.1678998346143719,1.1678998346143719,1.1678998346143719,1.1678998346143719,1.1678998346143719,1.051085269407405
T000117,0.38745224655644195,0.3657964626197989,0.3657964626197989,0.3657964626197989,0.3657964626197989,0.3551798256803533,0.3551798256803533,0.3889290097579624,0.3889290097579624,0.3889290097579624,0.5013861265836891
T000118,1.3796130536587545,1.3796130536587545,1.3796130536587545,1.3597337695756193,1.3289348719202867,1.385501206976669,1.385501206976669,1.385501206976669,1.385501206976669,1.385501206976669,1.322461427719426
T000119,2.4724931368759036,2.7447471821447866,2.7447471821447866,2.7447471821447866,2.613610389205485,2.3956172257610744,2.7828067751245973,2.7828067751245973,2.7828067751245973,2.7828067751245973,1.6281852532961918
T000120,0.9390348282709031,1.057986577344086,1.1732388124665838,1.0372863995339594,0.9531926166697163,0.9350397196233391,0.9350397196233391,0.9350397196233391,0.9321632762512644,0.9321632762512644,0.9002310528420625
T000121,1.6247990628966924,1.6247990628966924,0.9857168234854021,1.6247990628966924,0.8968997638837523,1.633007330055963,1.633007330055963,1.3907878444099053,1.3907878444099053,1.3907878444099053,1.9186286523590999
T000122,0.8344950306974845,0.6982781536824191,0.7433087899434024,0.7433087899434024,0.7181727441409023,0.7159851657336582,0.7159851657336582,0.7159851657336582,0.7159851657336582,0.7159851657336582,0.5280595173808722
T000123,1.9870996683488886,0.8059406384138377,0.5650337479585167,0.5650337479585167,0.5650337479585167,0.6688754997488021,0.6688754997488021,0.6688754997488021,0.6688754997488021,0.6688754997488021,0.7049489260429149
T000124,0.5667333795797171,0.5667333795797171,0.5667333795797171,0.24007379781425708,0.24007379781425708,0.2649842271293377,0.2649842271293377,0.2649842271293377,0.2649842271293377,0.2649842271293377,0.2649842271293377
T000125,1.5531874068820428,1.6276434124924755,1.6276434124924755,1.4925320622149185,1.3233696200916882,1.2410077829988526,1.2410077829988526,1.2410077829988526,1.2410077829988526,1.2410077829988526,1.5811518324607285
T000126,2.0272670943368425,2.175307652327764,2.175307652327764,2.1936531021950327,2.1936531021950327,2.1936531021950327,2.2225754331294976,2.2225754331294976,2.2225754331294976,2.2225754331294976,1.9456096806504215
T000127,1.4069013935019805,0.4844797905005111,0.4844797905005111,0.4844797905005111,0.4844797905005111,0.4844797905005111,0.4844797905005111,0.4844797905005111,0.4844797905005111,0.4844797905005111,1.0111156808045676
T000128,0.4725681163504077,0.7805232807958347,0.7805232807958347,0.7805232807958347,0.9146034353170809,0.9123773508179842,0.9123773508179842,0.9123773508179842,0.9123773508179842,0.9123773508179842,0.7770974093851215
T000129,5.531357416781097,4.285993804695556,4.542049125247734,4.770273909671352,4.770273909671352,4.770273909671352,4.770273909671352,4.770273909671352,4.770273909671352,5.814589183678872,5.683870241856809
T000130,2.103019374995887,0.097548553455983,0.097548553455983,0.097548553455983,2.230247908364776,2.230247908364776,1.4243695924327773,1.4243695924327773,1.0085165639310942,1.0085165639310942,0.29343884826638134
T000131,0.17978051099892248,0.17978051099892248,0.010707721076749513,0.010707721076749513,0.010707721076749513,0.010707721076749513,0.010707721076749513,0.010707721076749513,0.012645720830912772,0.012645720830912772,0.02794935262175597
T000132,0.39191501767561426,0.39191501767561426,0.40007890607342705,0.4434335568012989,0.4434335568012989,0.4434335568012989,0.4434335568012989,0.4434335568012989,0.4434335568012989,0.4434335568012989,0.7187315419190748
T000133,1.241938539724358,1.241938539724358,0.9731018363260564,0.9731018363260564,0.9731018363260564,0.9731018363260564,0.9731018363260564,0.9731018363260564,0.9731018363260564,0.9731018363260564,0.6354007259549318
T000134,2.433526697130885,2.433526697130885,2.6296795512848385,2.433526697130885,2.7087250959113076,2.7087250959113076,2.5677158881690243,2.64777387060777,2.536881963567128,2.536881963567128,2.187804070960121
T000135,2.654459726149559,2.6596002692430427,2.6596002692430427,1.6638706425179386,1.6638706425179386,1.6638706425179386,1.6638706425179386,1.6638706425179386,1.6638706425179386,1.6638706425179386,2.921903532761966
T000136,0.5037253848070771,1.0053188565266262,0.5113192496044708,0.5113192496044708,0.24770020733444967,0.24770020733444967,0.24770020733444967,0.24770020733444967,0.24770020733444967,0.24770020733444967,0.5251648969834649
T000137,2.0416981503441423,3.3209194519937046,3.572563001032666,3.572563001032666,3.572563001032666,3.572563001032666,3.572563001032666,3.572563001032666,3.572563001032666,3.572563001032666,2.4509811076834636
T000138,3.0805793303717612,3.0805793303717612,3.456892197930661,3.456892197930661,2.9217958998541116,3.5260417007348224,3.5260417007348224,3.5783423800670637,3.5783423800670637,3.5783423800670637,3.5260417007348224
T000139,1.915022603970142,1.5771312778711157,1.5771312778711157,1.955012365369701,1.942387580197624,1.942387580197624,2.0156378530830263,2.048501324521167,2.048501324521167,2.2010731194852857,2.048501324521167
T000140,0.9667195264266829,0.9690877214015371,0.9690877214015371,0.9690877214015371,0.9651586541864995,1.2429008703293523,1.5960051418134271,1.5960051418134271,1.5960051418134271,1.0788616009508554,1.254051650605118
T000141,2.3648709230345797,2.3648709230345797,2.315715005681179,2.285124905881156,2.4004895943930515,2.44384569606416,2.44384569606416,2.44384569606416,2.44384569606416,2.44384569606416,2.157658961465039
T000142,2.36012078225595,2.36012078225595,2.36012078225595,2.36012078225595,2.3975350671613254,2.2601888994510357,2.2601888994510357,2.2601888994510357,2.2601888994510357,2.2601888994510357,2.226479457537281
T000143,1.7497620134653096,2.6511743587197443,2.6511743587197443,2.6511743587197443,2.6511743587197443,2.6511743587197443,2.6511743587197443,2.6511743587197443,2.6511743587197443,2.6511743587197443,2.3168332497510757
T000144,1.9761163500298125,2.681404582497574,2.681404582497574,2.681404582497574,2.824245068561839,2.633628149878746,2.633628149878746,2.626545469768808,2.626545469768808,2.626545469768808,1.6233132675682096
T000145,1.3677051037307466,1.5458961016414843,1.7348027143595592,1.7348027143595592,1.7348027143595592,1.7348027143595592,1.7348027143595592,1.7348027143595592,1.7348027143595592,1.7348027143595592,0.7842286551902926
T000146,0.49914619262905396,1.0030820032478291,0.503355319519133,0.503355319519133,0.2430042137264933,0.2430042137264933,0.2430042137264933,0.2430042137264933,0.2430042137264933,0.2430042137264933,0.5205973623532972
T000147,0.18270329439748634,0.18270329439748634,0.11291308032459947,0.11291308032459947,0.20669986826493122,0.20669986826493122,0.20669986826493122,0.20669986826493122,0.20669986826493122,0.22977056882894706,0.6397099687252276
T000148,0.6104638452095367,0.30262442253649463,0.30262442253649463,0.30262442253649463,0.30262442253649463,0.30262442253649463,0.30262442253649463,0.30262442253649463,0.30262442253649463,0.30262442253649463,0.5578728045781481
T000149,0.17056591699570717,0.17476435714535862,0.17476435714535862,0.23249015392401493,0.15239772043981978,0.1678720179882366,0.1678720179882366,0.1678720179882366,0.1678720179882366,0.1678720179882366,0.505158197777284
T000150,0.8151631803692851,0.8151631803692851,0.8151631803692851,0.8151631803692851,0.8151631803692851,0.8151631803692851,0.8151631803692851,0.8151631803692851,0.8151631803692851,0.8151631803692851,1.471923712519796
T000151,1.2219068101557722,1.2219068101557722,1.2219068101557722,0.4119447958905216,0.4119447958905216,0.4119447958905216,0.4119447958905216,0.4119447958905216,0.4119447958905216,0.4119447958905216,0.657871758107422
T000152,0.6607873806744344,0.6607873806744344,0.7584445885830732,0.733482698495763,0.733482698495763,0.733482698495763,0.733482698495763,0.733482698495763,0.733482698495763,0.733482698495763,0.733482698495763
T000153,2.5055076633060414,2.5055076633060414,2.076004852336874,2.076004852336874,2.2739195160369143,1.4303675573409271,1.4303675573409271,1.4303675573409271,1.4303675573409271,1.4303675573409271,2.2739195160369143
T000154,1.7234975772463692,1.7216968059041,2.3522810142016026,2.3522810142016026,2.2458041793667123,2.328073926714217,2.328073926714217,2.328073926714217,2.328073926714217,2.328073926714217,2.091376485269297
T000155,2.2830565917013232,2.2830565917013232,2.2830565917013232,2.2830565917013232,2.2830565917013232,1.0665984175049819,1.100929171396717,2.026599051917873,2.0528517288838555,2.0528517288838555,2.0490336077907183
T000156,2.0272670943368425,2.175307652327764,2.175307652327764,2.1936531021950327,2.1936531021950327,2.1936531021950327,2.2225754331294976,2.2225754331294976,2.2225754331294976,2.2225754331294976,1.9456096806504215
T000157,1.1701977909833887,1.4353258509489148,1.3901846836667402,1.3901846836667402,1.3901846836667402,1.373056153028051,1.373056153028051,1.373056153028051,1.373056153028051,1.373056153028051,1.2180034312283867
T000158,1.568851514750108,2.141182650466247,2.168201527499616,2.168201527499616,2.168201527499616,2.168201527499616,2.168201527499616,2.168201527499616,2.168201527499616,2.168201527499616,1.7708955551534356
T000159,0.4240578902134495,0.4240578902134495,0.47370280477906146,0.2474695310628521,0.2474695310628521,0.40757477426166466,0.40757477426166466,0.40757477426166466,0.40757477426166466,0.40757477426166466,0.25859334861140654
T000160,0.6539870237786017,2.2162814274620457,2.034308352248776,2.034308352248776,2.034308352248776,2.034308352248776,2.034308352248776,2.034308352248776,2.034308352248776,2.034308352248776,0.9160595502058909
T000161,1.355037366113155,0.40736847903133755,0.9746519249061074,0.9746519249061074,0.9684682208078309,0.9154380295670957,0.9154380295670957,0.9154380295670957,0.9154380295670957,0.9154380295670957,0.7417243314007717
T000162,1.096812730683063,1.096812730683063,1.0323081570761186,1.0323081570761186,1.0323081570761186,1.0323081570761186,1.0323081570761186,0.9878579204931616,1.078402050020954,1.078402050020954,1.098190977131704
T000163,1.6193924727645266,1.6193924727645266,1.6474049029799982,1.7342696498836379,0.9368002663028457,1.574982056375663,1.574982056375663,1.574982056375663,1.5898067392290218,1.5898067392290218,1.6141564723843211
T000164,1.9202634749418581,1.9202634749418581,1.9202634749418581,0.8191009218278438,0.8191009218278438,1.053036094049734,1.053036094049734,1.8733880344625204,1.8733880344625204,1.6347538438561162,1.053036094049734
T000165,0.9689093510039052,0.8211259570671986,0.8211259570671986,0.8211259570671986,0.8232617206586327,0.8232617206586327,0.8232617206586327,0.8525828075725418,0.8525828075725418,0.8525828075725418,1.0061296026267872
T000166,0.26620095840375696,0.26620095840375696,0.5358600968784681,0.6519217515888907,0.29800189379589526,0.29800189379589526,0.29800189379589526,0.29800189379589526,0.29800189379589526,0.29800189379589526,0.41349291174050384
T000167,3.917868175468404,3.770292716386642,0.3750153712448721,1.893332861841743,0.34488067553826185,0.6345953048268403,0.6345953048268403,2.328215459808079,2.82268124107514,2.82268124107514,5.165722618724513
T000168,1.6930169479886583,1.6930169479886583,1.6930169479886583,1.6930169479886583,1.058861325789724,1.058861325789724,1.058861325789724,1.054481673538189,1.054481673538189,1.054481673538189,1.1774928371426052
T000169,0.7611124272221854,1.0547160517130945,1.0547160517130945,1.305701808091135,1.305701808091135,1.305701808091135,1.305701808091135,0.9798387096774132,0.9798387096774132,0.9798387096774132,2.8669354838710106
T000170,0.2150044662297769,0.2150044662297769,0.2150044662297769,0.2251619701137696,0.2251619701137696,0.2251619701137696,0.2343124165554054,0.2343124165554054,0.2343124165554054,0.2343124165554054,0.2343124165554054
T000171,0.06044589959098783,0.06044589959098783,0.19426654255524198,0.19426654255524198,0.15676229508196704,0.15676229508196704,0.15676229508196704,0.15676229508196704,0.15676229508196704,0.15676229508196704,0.41739486652912067
T000172,0.10015968350817202,0.09825359650744245,0.09825359650744245,0.09825359650744245,0.09825359650744245,0.09825359650744245,0.09825359650744245,0.09596456692913032,0.09596456692913032,0.09356479986217031,0.07327979316407734
T000173,4.268032705152162,4.268032705152162,4.268032705152162,4.287049650752448,3.608668315538532,3.608668315538532,4.166023327581905,3.7176567709925243,3.629063380596177,3.910393284533759,4.030237103593174
T000174,7.786216119839373,7.786216119839373,7.4942238948522855,7.4942238948522855,7.4942238948522855,7.4942238948522855,7.491576933203905,7.491576933203905,7.491576933203905,7.491576933203905,7.838298655811926
T000175,0.5490113254180212,0.5490113254180212,0.5490113254180212,0.5490113254180212,0.5490113254180212,0.5791396751063854,0.5791396751063854,0.47476599817437415,0.642621635999116,0.642621635999116,0.642621635999116
T000176,1.2174706149486623,1.2174706149486623,1.2174706149486623,1.2174706149486623,1.2174706149486623,0.7492150770806228,0.63834090069836,0.7642006978256316,3.3163591317547736,0.6333829994597857,0.7492150770806228
T000177,9.121055380361064,8.110024991239163,9.123522104606934,9.238968057617358,9.078599379733172,9.078599379733172,9.078599379733172,9.19512203497198,8.503519877385889,8.503519877385889,9.068401592718999
T000178,0.9000688099394647,0.9000688099394647,0.8436300374996163,0.8436300374996163,0.8436300374996163,0.8436300374996163,0.8436300374996163,0.21821687854354507,0.21821687854354507,0.21821687854354507,0.21821687854354507
T000179,0.5949407190539762,0.6880072810584575,0.5372987870782342,0.5372987870782342,0.5372987870782342,0.6310592537537111,0.6310592537537111,0.6310592537537111,0.6310592537537111,0.6310592537537111,0.46682678284588325
T000180,0.6392442662803799,0.6392442662803799,0.6392442662803799,0.33091956750697743,0.26533382042066306,0.26533382042066306,0.26533382042066306,0.26533382042066306,0.30437429720337933,0.30437429720337933,0.30437429720337933
T000181,1.6427920208899276,1.6427920208899276,6.19788466165226,1.7661464955346584,3.1484120906686406,1.963732556244441,1.963732556244441,4.520104001831469,4.520104001831469,4.520104001831469,6.865671641791043
T000182,2.244032589514473,1.7662798864005396,1.7662798864005396,2.449211594414844,2.449211594414844,2.449211594414844,2.449211594414844,2.449211594414844,2.449211594414844,3.7019889416226395,1.1257446825183652
T000183,2.6268207747386922,2.6268207747386922,2.6268207747386922,2.2148847065768815,2.2148847065768815,3.064683303759378,3.064683303759378,3.064683303759378,3.064683303759378,3.061030244652658,3.1887052297225904
T000184,3.229522497868658,1.4978603156738848,1.4978603156738848,3.4354639115740593,3.4354639115740593,3.4354639115740593,3.4354639115740593,3.4354639115740593,4.559474241705073,4.559474241705073,4.598790645346755
T000185,1.0418469878528063,1.2291871303844522,1.2291871303844522,1.2291871303844522,0.4986139398516794,1.2291871303844522,0.8935448479209975,0.4986139398516794,0.7526116119760566,0.7526116119760566,1.0278058739902634
T000186,0.40322267056131317,0.40322267056131317,0.40322267056131317,0.40322267056131317,0.4265578030060148,0.4746694656987899,0.4746694656987899,0.4746694656987899,0.4746694656987899,0.4746694656987899,0.39534883720930497
T000187,0.5226935937134211,1.1724053124694231,1.1459661853616574,0.61147974212135,0.58692958630476,0.58692958630476,0.58692958630476,0.58692958630476,0.6941878210589563,0.6941878210589563,1.1510145524691529
T000188,0.8385048257241862,0.9567122336208935,0.9567122336208935,0.9567122336208935,0.9567122336208935,0.9567122336208935,0.9778034288587772,0.9778034288587772,0.9778034288587772,1.2623458000303078,0.9778034288587772
T000189,0.7779240354165784,0.7779240354165784,0.7779240354165784,0.7779240354165784,0.7933005779305877,0.7933005779305877,0.7933005779305877,0.7933005779305877,0.7933005779305877,0.7933005779305877,0.9731533478407305
T000190,0.6564800861250853,0.6564800861250853,0.23015570133543173,0.23015570133543173,0.23015570133543173,0.23655017747827958,0.23655017747827958,0.23655017747827958,0.22877512294935495,0.22877512294935495,0.8341767067308061
T000191,0.7228132737478193,0.7228132737478193,0.7228132737478193,0.7228132737478193,0.7228132737478193,0.7281511036734452,0.7281511036734452,0.7281511036734452,0.8712790202601032,0.8712790202601032,0.9508196721311475
T000192,2.190907362328448,2.1575585805153152,2.0416244705384647,2.0877853402883755,2.0416244705384647,2.0416244705384647,2.0416244705384647,2.0416244705384647,2.1411764705882352,2.1411764705882352,1.606185702351176
T000193,2.8580596838296164,2.7002943497339778,2.8162924775560807,2.7002943497339778,2.7002943497339778,2.7002943497339778,2.7002943497339778,2.9531399977916792,2.9531399977916792,2.9531399977916792,3.325295526626152
T000194,1.927828868237866,1.927828868237866,2.133111896371767,2.5952232614933504,2.540162415183475,2.540162415183475,2.540162415183475,2.540162415183475,2.540162415183475,2.540162415183475,1.0770485639197906
T000195,2.363632831777109,2.363632831777109,2.363632831777109,2.363632831777109,2.339333330660919,2.339333330660919,2.6480114046226975,2.3774215807229373,2.3774215807229373,2.9790259696094403,2.9790259696094403
T000196,1.7577447258921177,1.7577447258921177,1.6084969744866597,1.6084969744866597,1.6084969744866597,1.6084969744866597,1.6084969744866597,1.5948148932136668,1.5948148932136668,1.2937116962102213,1.7577447258921177
T000197,2.293343976970457,2.293343976970457,2.293343976970457,2.0210441030998703,2.0210441030998703,1.9272201176533619,1.9272201176533619,1.6801102878426468,1.6801102878426468,1.6801102878426468,1.792746126193506
T000198,2.9855946790639774,2.2786329691015443,2.4565645127748748,2.3309243207702823,1.8918384221915119,1.8918384221915119,1.8918384221915119,1.8918384221915119,1.8918384221915119,1.8918384221915119,2.3309243207702823
T000199,9.328668365022223,9.356248462916604,9.356248462916604,9.356248462916604,9.356248462916604,9.356248462916604,9.172865568025781,9.172865568025781,9.595661135840732,8.564345459485034,9.580707972391478
T000200,3.3141188400895234,3.3141188400895234,3.3141188400895234,3.3790682155889864,3.7641677134853575,4.53689245009338,4.53689245009338,4.53689245009338,5.186181645086656,5.147177987720534,0.7680191827598722
T000201,0.9695259039898119,0.7143572237524727,0.7900055766842599,1.3382786615163347,1.4024301477730299,1.4024301477730299,1.4024301477730299,1.4024301477730299,1.4024301477730299,1.4024301477730299,1.214296478001043
T000202,0.9812499999999998,0.9640503695174951,0.9811316960921193,0.9640503695174951,0.9026403276253716,0.9026403276253716,0.9026403276253716,0.9026403276253716,0.9026403276253716,0.9026403276253716,1.3273397228107933
