unique_id,MetaARIMA(0.05),MetaARIMA(0.12),MetaARIMA(0.2),MetaARIMA(0.27),MetaARIMA(0.35),MetaARIMA(0.42),MetaARIMA(0.5),MetaARIMA(0.58),MetaARIMA(0.65),MetaARIMA(0.72),MetaARIMA(0.8),MetaARIMA(0.88),MetaARIMA(0.95),AutoARIMA
T000000,1.250601636931847,1.200367748871401,1.1382852726487638,1.1382852726487638,1.2104062535444413,1.2855827417237893,1.3723743873533105,1.1579946834576829,1.1494726229125165,1.1811335318862752,1.1688850029001498,1.1579946834576829,1.1285073122211018,1.2862850238932706
T000001,0.8809413595001314,0.9284207548411799,0.9197700802937391,0.9675106791666452,0.9438419448476518,0.9438419448476518,0.9438419448476518,0.9197700802937391,0.8598588133142553,0.8598588133142553,0.8598588133142553,0.8598588133142553,0.8598588133142553,0.9014219091384764
T000002,0.7672908056262117,0.9472204617655569,0.4503446286169429,0.5178535482677725,0.7343339992296004,0.8110251846200871,0.7343339992296004,0.7343339992296004,0.7343339992296004,0.7343339992296004,0.43331399095642426,0.7343339992296004,0.5402065816666992,1.5618050937228047
T000003,1.0162047004947627,0.8368494544845136,0.787685227203587,0.787685227203587,0.8391205928452483,0.787685227203587,0.9218800141264814,0.7812578427748271,0.9218800141264814,0.9218800141264814,0.7634031836222549,1.3837395500109568,0.8368494544845136,1.3572090734456395
T000004,0.8392815840417103,0.8026263332330644,0.7760639589243007,0.7382983611016299,0.6969730009090195,0.7382983611016299,0.6878538088452752,0.6878538088452752,0.6878538088452752,0.6878538088452752,0.6878538088452752,0.6828683127569364,0.6828683127569364,0.6463929768792274
T000005,0.9820653105738424,0.8515264790382598,0.8515264790382598,1.0728500194618584,1.1252155567198858,0.8515264790382598,1.4491243801213207,1.1252155567198858,0.8515264790382598,0.8515264790382598,0.8515264790382598,0.8178250499231776,1.0777379886257792,1.8024669461189775
T000006,0.2824107915335993,0.19980986874102355,0.5175939647234425,0.2792774469543905,0.2792774469543905,0.2792774469543905,0.19980986874102355,0.37461086073458855,0.2729804963254981,0.2729804963254981,0.25408189322513397,0.25408189322513397,0.2147254757410364,0.46365662074838265
T000007,0.45585115348006894,0.45585115348006894,0.5202787043578564,0.5202787043578564,0.543451783340524,0.49806641587152123,0.5565212769214707,0.474242998322173,0.49806641587152123,0.49806641587152123,0.49806641587152123,0.474242998322173,0.4689201892626669,0.2197070129737882
T000008,0.44958887861178,0.44958887861178,0.4761480699955471,0.4761480699955471,0.4714529626263115,0.4876231317634439,0.45012619497575557,1.1209429563482693,1.1209429563482693,1.1209429563482693,0.5314742702060828,1.0860350934061775,0.5290750218162501,0.854342907371806
T000009,1.1848201311213458,0.8762359036356316,0.8078236111022017,0.8783428896977982,0.8783428896977982,0.8602142897159075,1.2839134490982493,0.8602142897159075,0.8602142897159075,0.8602142897159075,0.8602142897159075,0.8602142897159075,0.8545683993634268,1.1022091947787367
T000010,0.9823165666670366,1.0430309852565325,1.0559997896737627,1.0559997896737627,0.9823165666670366,1.0335944348053658,1.068380623022875,1.068380623022875,1.068380623022875,1.068380623022875,1.0399558366556505,1.0694990922315932,1.147581084004883,0.9692996180101705
T000011,0.42948719809066666,0.5190706129654997,0.5429557860561913,0.8560391944805571,0.8597637033854839,0.8597637033854839,0.5407177722662685,0.515676715739455,0.8597637033854839,0.8597637033854839,0.5429557860561913,0.8597637033854839,0.8346716138291636,0.5793612425605693
T000012,0.3508857192351713,0.4162261109836597,0.4076377266638581,0.4054037654547353,0.4054037654547353,0.41880568170392674,0.41880568170392674,0.41788381480202413,0.35847313251273716,0.3594507312940801,0.41880568170392674,0.3571691339860044,0.3571691339860044,0.3352087136837115
T000013,1.4156026545322895,1.481438885048053,1.3855102093684675,1.3855102093684675,1.4336668395134033,1.465412450154187,1.3175282680882572,1.3586687081978743,1.3186479218559193,1.3186479218559193,1.4481948941285052,1.415846828136833,1.463423851080246,1.256385137334939
T000014,0.3018140013857349,0.29378427874396584,0.28915106060304785,0.2952353748824679,0.2952353748824679,0.2952353748824679,0.30969375713619063,0.29920361005023255,0.2952353748824679,0.2952353748824679,0.2952353748824679,0.2952353748824679,0.30855692650593924,0.22506094009495586
T000015,1.414650678589436,1.1598337393880132,1.364489593026448,1.096493568862416,1.3051767116396062,1.1598337393880132,1.8581396388656932,1.2435264024221044,2.7461815280265824,2.7461815280265824,2.7461815280265824,0.982171100535106,1.1598337393880132,0.9008983709642346
T000016,1.3869386161374242,1.4141295127965687,1.408172836546128,1.408172836546128,1.4085772960658467,1.4084874129815224,1.4141295127965687,1.7407541484053775,1.7407541484053775,1.7407541484053775,1.7407541484053775,1.3911257135361548,1.2251771664883435,1.3709194728219163
T000017,0.3333864485555125,0.3844935654667545,0.36872763596044145,0.36872763596044145,0.36872763596044145,0.3206663636811913,0.5611642906558327,0.5611642906558327,0.5611642906558327,1.00840159621104,1.00840159621104,0.2931537825043724,0.3333864485555125,0.3583989684977664
T000018,0.8973727029965104,0.9021822552372661,0.9023544496052043,0.8827165724102736,0.8827165724102736,0.8814795569783787,0.8814795569783787,0.9023544496052043,0.8830875711370967,0.8962493252768476,0.8830875711370967,0.8830875711370967,0.9026301680798231,0.8409931388898815
T000019,1.064768656266485,1.064768656266485,1.0554113519094097,1.064768656266485,1.0469379537916539,1.0469379537916539,1.041639361946078,1.0458801038240075,1.041639361946078,1.0599496534108197,1.0718368107700575,0.8892987329581583,1.0425923961590782,1.0492314413159212
T000020,0.7329191442786538,0.6271768451866516,0.6225938635209788,0.6391310015561096,0.6197151082024634,0.6197151082024634,0.6197151082024634,0.6197151082024634,0.6197151082024634,0.6262323966519106,0.6262323966519106,0.6391310015561096,0.6190809367797635,0.7717039796374118
T000021,0.8818044092530289,0.8732328493749711,0.8287556875130031,0.8683374589968316,0.8131872139456965,0.8596705199604339,0.8131872139456965,0.8322650139622603,0.865209227112699,0.8683374589968316,0.8683374589968316,0.8818044092530289,0.8224412218894114,0.7594049374122336
T000022,1.0288076856445874,0.9350043121073893,0.9462083984787841,0.9462083984787841,0.9462083984787841,1.0169441375807255,1.0989365908566426,1.0108616461295448,1.1059958018001463,1.0169441375807255,1.0169441375807255,1.0169441375807255,1.0176671648138549,1.0074331561175875
T000023,0.8286824423971609,0.8286824423971609,0.7435892914176914,0.7331148903712531,0.7636441881708391,0.7636441881708391,0.7636441881708391,0.7636441881708391,0.7636441881708391,0.754602669929583,0.7591260590203859,0.7466689437196629,0.7248770824959467,0.7487725670515021
T000024,0.9800006724233457,0.9776320856616467,0.9938799399159413,0.7279005015179124,0.9776320856616467,0.7279005015179124,0.6678779585371838,0.9734638727307209,0.9938799399159413,0.9938799399159413,0.9938799399159413,0.9800006724233457,0.9776320856616467,0.6688702827450537
T000025,0.7263363053851954,0.663865325217092,0.6457601609617796,0.6430117127413472,0.6657239257339286,0.6657239257339286,0.6657239257339286,0.6657239257339286,0.6506529349378216,0.6823063433503834,0.6506529349378216,0.6657239257339286,0.6572238907846891,0.6546059748041307
T000026,0.8482692601350916,0.860179391920629,1.0096323375932579,0.997363930882079,0.9977636990061958,0.9336117379493863,0.9371318685164185,0.9436888327307537,0.9289854919789164,0.9289854919789164,0.9289854919789164,0.9342393722781885,1.0096323375932579,1.2922112230539955
T000027,2.3769403208912485,2.400174945534761,2.400174945534761,2.39500678077102,2.39500678077102,2.4194610185205296,2.4180440416676205,2.4132730048992026,2.327612991744988,2.327612991744988,2.405630226225079,2.4028081663507943,2.462780692464163,2.9322232002963915
T000028,1.1834034410446577,1.172454662231893,1.197029914647205,1.1991142696849264,1.1761751128112572,1.2000907671399272,1.2000907671399272,1.182314429417528,1.163198264377674,1.182314429417528,1.1610906272719839,1.182314429417528,1.172454662231893,1.197059797889067
T000029,0.381467036913113,0.3890511579752554,0.39694634267987505,0.3842283540448401,0.40744607770353874,0.40744607770353874,0.3637297665906214,0.3823590893471671,0.3823590893471671,0.3823590893471671,0.3863776591894058,0.3740096416092361,0.4030184738912829,0.39796218604557176
T000030,0.7190808873428305,0.6842425285253064,0.6685620189779051,0.6685620189779051,0.7201725530366313,0.6881937759975415,0.7020775779207311,0.7020775779207311,0.7201725530366313,0.7201725530366313,0.7018351612646654,0.6881937759975415,0.6881937759975415,0.649396160954028
T000031,1.3524929508085304,1.3595167987004408,1.3595167987004408,1.3595167987004408,1.4444746516460019,1.4444746516460019,1.455149652589302,1.3550081847199753,1.291907720187243,1.390249541666733,1.390249541666733,1.3550081847199753,1.3432549740816577,1.3688536727287195
T000032,0.6683280165734133,0.7265653317677242,0.7001391599231567,0.7001391599231567,0.6982262426152,0.7001391599231567,0.6654579105508184,0.6802351563974423,0.6982262426152,0.6696587179870259,0.6840343486777135,0.6982262426152,0.7004247632144214,0.6661068562191413
T000033,0.7934486272123665,0.7822565715207632,0.8011047438907577,0.7595339485650351,0.7594069845041784,0.7668139134029455,0.7625302092013061,0.8017233335987294,0.8017233335987294,0.7595339485650351,0.7594069845041784,0.7625302092013061,0.7934486272123665,0.798933774330565
T000034,0.979903838906526,0.9914820750697543,0.9888196774958128,0.9818558615761808,0.9888196774958128,0.9888196774958128,0.9888196774958128,1.0503786052845725,1.005186944504942,1.0014575145443774,1.0014575145443774,1.0014575145443774,1.0518680675232213,1.1944707071653988
T000035,0.4529024461549677,0.4703736379804942,0.4549505862508159,0.4649178979574878,0.4501089361808665,0.4907023815933678,0.4501089361808665,0.4501089361808665,0.4907023815933678,0.5093701976285583,0.47736242355692005,0.4907023815933678,0.4501089361808665,0.5547529992059447
T000036,1.0129357565421944,1.0129357565421944,0.9540246579310718,1.0233315415480657,0.9540246579310718,0.9540246579310718,0.9785983083147775,0.9886340867374851,0.9785983083147775,0.9785983083147775,0.9785983083147775,0.9785983083147775,1.0017190695761986,1.0993495804446771
T000037,1.0154135312749517,0.9938174037312941,0.9938174037312941,0.9938174037312941,0.9938174037312941,0.9938174037312941,1.0183617308652673,1.013365761861287,1.0108365197255234,1.0198063735088547,1.049065278260238,0.8401489704821085,1.0190791546336608,1.0198063735088547
T000038,0.8485541949659967,0.856450577350015,0.8486116881504996,0.8486116881504996,0.5918598773494649,0.5918598773494649,0.6038643240618204,0.5886519502242291,0.5886519502242291,0.5886519502242291,0.5908807162976103,0.5908807162976103,0.595156065604025,1.2592809606045694
T000039,0.7329813465287646,0.7236940711856197,0.637392500640543,0.622368167619555,0.622368167619555,0.7310506591767255,0.622368167619555,0.6298656745075234,0.6298656745075234,0.6298656745075234,0.637392500640543,0.622368167619555,0.6287995922561394,0.7438318645278328
T000040,0.9391145033419005,0.8499538922524372,0.8527659493066732,0.882644865489435,0.8527659493066732,0.8527659493066732,0.8558807096061416,0.882644865489435,0.8839487467463762,0.882644865489435,0.8883086885735108,0.8883086885735108,0.8725596457050359,0.8603051775922838
T000041,0.874819510092584,0.8668131984675973,0.848075678301692,0.848075678301692,0.8492261706646791,0.7023260605552037,0.8499093153561776,0.8499093153561776,0.8499093153561776,0.850226846828257,0.850226846828257,0.8440520486618854,0.8478914854200347,0.9412253466722424
T000042,0.8530511075326089,0.8072313165394576,0.8072313165394576,0.8072313165394576,0.8072313165394576,0.6715679069132307,0.6487335978217686,0.6487335978217686,0.7355296483750773,0.7355296483750773,0.6515881697644036,0.6515881697644036,0.644623756481899,0.6428144558547276
T000043,0.6919201927873277,0.6341764421070956,0.6594050656246163,0.6594050656246163,0.613710161214638,0.6191397205940639,0.6191397205940639,0.6191397205940639,0.5857532107822231,0.6191397205940639,0.6003645915401348,0.6003645915401348,0.6136458525040168,0.5967833531601174
T000044,0.9992179082846728,1.074419466932844,1.0376023858709393,1.0376023858709393,1.0376023858709393,0.8224135968128963,1.0396301874409546,1.0092355945981448,1.0092355945981448,1.0306774765503548,1.0396301874409546,1.0398704921928406,1.013373871170467,1.2319185640445602
T000045,2.344346758259426,2.3289609622692233,2.3396698488578203,2.3396698488578203,2.3096814331021287,2.313933425330741,2.3417706214814142,2.3417706214814142,2.3417706214814142,2.3417706214814142,2.3096814331021287,2.318554552443365,2.3388405341210468,3.62062531642896
T000046,0.6422670627677277,0.6422670627677277,0.6848529876611863,0.7698136388025516,0.7227760301092366,0.7454769743144002,0.7877707204680756,0.7402024038847008,0.7402024038847008,0.7402024038847008,0.7691749705676062,0.8003678906147195,0.6986868242932198,0.5408481729985288
T000047,0.7576107804881399,0.7499683774031322,0.7865957047621001,0.7894872293156716,0.7641861778916342,0.7894872293156716,0.7641861778916342,0.7697492123819193,0.7540318956062015,0.7641861778916342,0.7641861778916342,0.7826728638623549,0.7641861778916342,0.6837783931993735
T000048,0.8837638595287317,0.8465077712829298,0.8465077712829298,0.8504370603199705,0.8465077712829298,0.9018058026798853,0.8612101085060927,0.8612101085060927,0.8431321946119028,0.9018058026798853,0.8541011541679243,0.8541011541679243,0.8385862255264925,0.7005420906602099
T000049,2.102937333435778,2.033971367017544,2.0954504535187573,2.028906349135187,2.0954504535187573,2.1231687787502573,2.1231687787502573,2.1594923642288326,2.024081758199331,2.024081758199331,2.159530633991939,2.024081758199331,2.033971367017544,2.1408157240533034
T000050,0.5557069246886867,0.5137565551726646,0.6547558331395225,0.6266065286383995,0.6547558331395225,0.5744034674132621,0.6102292345510435,0.5602867313598474,0.6253607287033184,0.6297093499679719,0.5948554919015099,0.6547558331395225,0.6072471423599737,0.5602867313598474
T000051,0.9278345845557978,0.9443655326120114,0.9275924234184898,0.8916534535599726,0.8929377289748552,0.9433853868135088,0.9433853868135088,0.9433853868135088,0.9496552496384163,0.8929377289748552,0.8837816663550074,0.9061265140770733,0.9316466230897849,1.3036354275782123
T000052,1.12286012508135,1.185874451269063,1.0803053601288586,1.0735268671305038,1.0803053601288586,1.0803053601288586,1.0898331457981012,1.0898331457981012,1.0898331457981012,1.12286012508135,1.12286012508135,1.0898331457981012,1.0803053601288586,1.2799324588652954
T000053,0.48877085556093214,0.48877085556093214,0.5382698554661308,0.5382698554661308,0.5418645000465109,0.5136950604422699,0.5136950604422699,0.5433603129385975,0.502377979299012,0.5136950604422699,0.5136950604422699,0.5139946517247165,0.5136950604422699,0.6437939259379767
T000054,0.6744080941271292,0.7241683158360294,0.7305739631433871,0.7285578225778525,0.7118014222864398,0.7240535270672076,0.7240535270672076,0.7155248287258058,0.7155248287258058,0.7155248287258058,0.7289384548867491,0.7091582849268774,0.7158748691080791,0.7388365305971863
T000055,0.9173903209535953,0.9173903209535953,0.8146693499017172,0.8059522657731254,0.8783514987455096,0.8783514987455096,0.8783514987455096,0.8059522657731254,0.8059522657731254,0.8187618939664539,0.8059522657731254,0.8048380232891793,0.9618215025339906,0.8070165823223876
T000056,1.3974634703652802,1.3057957177652688,1.2975304782108792,1.3342181518978855,1.3826085145054345,1.3342181518978855,1.3342181518978855,1.2975304782108792,1.2975304782108792,1.2975304782108792,1.2975304782108792,1.3145152314421626,1.3461338555976872,1.3012889186241472
T000057,1.03318665532488,1.03318665532488,1.03318665532488,1.03318665532488,1.03318665532488,1.081310438026801,1.0097187204818945,1.0164628288562194,1.0164628288562194,1.0164628288562194,1.0065764131643262,0.9899307868764171,1.024603768887323,1.0748537205595858
T000058,1.055402443459666,1.055402443459666,1.0883283177486884,1.0883283177486884,1.0883283177486884,1.0883283177486884,1.0906988311434413,1.0848139392226726,1.0848139392226726,1.0848139392226726,1.089212824618992,1.0848139392226726,1.0716233721369373,1.1042292184299605
T000059,0.9985951905551008,0.999280348536703,1.0015603038592469,1.0015603038592469,0.9750755727015601,0.9750755727015601,0.9554204436123651,0.9750755727015601,0.9750755727015601,1.0015603038592469,0.9957746942517003,1.0015603038592469,0.9848268290219995,1.22610383278774
T000060,0.8780720354097766,0.8711999561718229,0.8203350757037275,0.8221038794625488,0.8296935916203322,0.8428897114012475,0.8221038794625488,0.8091423039463852,0.8296935916203322,0.8424977850622728,0.8405285008133463,0.8335810180759676,0.8306016842753927,0.8971681038672051
T000061,1.542393767238462,1.4266310057359064,1.464456361539938,1.464456361539938,1.5390673499930398,1.620789404251754,1.5230434765349734,1.5587221789690493,1.5683118974598345,1.5683118974598345,1.4784114539546607,1.5683118974598345,1.5373456515620212,1.6103344756690503
T000062,1.0706007734986387,1.0706007734986387,1.1476559050518078,1.1476559050518078,1.1476559050518078,1.326417446047285,1.3505699391132213,1.3001397521904694,1.3001397521904694,1.314716818265645,1.314716818265645,1.0646265665117194,1.5560586163336063,1.4347900609785478
T000063,2.5456270040192885,2.5900101871561207,2.3343804036708686,2.2541448843500453,2.3343804036708686,2.342125971104193,2.342125971104193,2.342125971104193,2.342125971104193,2.342125971104193,2.323692238983856,2.3343804036708686,2.20782413448344,3.026101593553458
T000064,1.271503130825661,1.3242104693355543,1.2448088126640837,1.2448088126640837,1.2480627649932818,1.2480627649932818,1.2448088126640837,1.2448088126640837,1.2448088126640837,1.3420858532532551,1.22839290737321,1.291570985326566,1.2885564634339528,1.57575743193089
T000065,0.4492609360568588,0.4478983357255706,0.4932095221409776,0.4965407151756669,0.5220897876524133,0.48371947724489756,0.48371947724489756,0.4869662999434061,0.45007139184547307,0.4554956962331861,0.4554956962331861,0.4487630339515183,0.4544965427752413,0.3636826002634318
T000066,0.8778571672096835,0.8678295149811944,0.8913195728288629,0.8295369483610338,0.8913195728288629,0.8913195728288629,0.8591388974104911,0.8468200012544738,0.8913195728288629,0.8295369483610338,0.8295369483610338,0.8739622792797219,0.8842012052411918,1.0096361604351798
T000067,0.5943082624795697,0.6005826541294981,0.6209121867929134,0.6291165703782224,0.6087399511252229,0.6087399511252229,0.6012598245381503,0.5928433679884701,0.6657199152136062,0.6291165703782224,0.6087399511252229,0.5928433679884701,0.6704959579610359,0.6478468974816652
T000068,0.5036482683878399,0.5210436164680726,0.48457905554825437,0.482166714380107,0.4845178230249484,0.5210436164680726,0.48311717905173135,0.4845628254255031,0.4845628254255031,0.482166714380107,0.48457905554825437,0.5032345190684266,0.48481615820870516,0.4614213586902214
T000069,0.7103594272959574,0.7042849985499162,0.7362884108567025,0.7362884108567025,0.7379900539141546,0.7379900539141546,0.6751260143547925,0.6911895375631432,0.7403173425499697,0.7375027811121445,0.7375027811121445,0.7403173425499697,0.6751260143547925,0.7993394091973748
T000070,1.145838624542448,1.1998708261391198,1.1781270576158096,1.1781270576158096,1.1998708261391198,1.203653344736544,1.2077692428640188,1.2533171858504712,1.275952719118682,1.2633650128062806,1.2633650128062806,1.2077692428640188,1.260243094584009,1.525992704744675
T000071,0.4406925831090788,0.43977772069860904,0.43222939220135853,0.4324957163534488,0.44635951970330123,0.447596714191014,0.447596714191014,0.447596714191014,0.447596714191014,0.4300578547197917,0.43222939220135853,0.447596714191014,0.46272724159156664,0.5105428958124046
T000072,0.9340183821647223,0.770820039668319,0.8942198513085455,0.7666355173597388,0.7927399636356767,0.8701056517596213,0.7717513199505635,0.8942198513085455,0.7927399636356767,0.7927399636356767,0.7927399636356767,0.8942198513085455,0.770820039668319,0.9092221323403955
T000073,0.7508755265002128,0.6979935856754472,0.665245368783824,0.7829880166878167,0.7928442641807503,0.7823960244903722,0.7823960244903722,0.7823960244903722,0.7928442641807503,0.7928442641807503,0.7946949385680803,0.7823960244903722,0.7946949385680803,0.8317547420479452
T000074,0.7709810919409489,0.7778601573872349,0.759850302597987,0.7748757810205751,0.7748757810205751,0.7748757810205751,0.7748757810205751,0.7761092342205637,0.7761092342205637,0.7748757810205751,0.7748757810205751,0.7748757810205751,0.7749010399894608,1.0687911006911024
T000075,1.7129556987782342,1.7129556987782342,1.748031646573694,1.748031646573694,1.7592067506564906,1.7592067506564906,1.7592067506564906,1.8074282220367577,1.7636733337696378,1.75599571743655,1.75599571743655,1.7731741523132714,1.7592067506564906,2.0491240080635977
T000076,1.3141752038170804,1.2551967745916721,1.2700046297007264,1.251769205970985,1.2568153492694707,1.2568153492694707,1.2568153492694707,1.251769205970985,1.251769205970985,1.2568153492694707,1.2519002007527562,1.2568153492694707,1.257406055078118,1.4078006909652858
T000077,1.3461861607406687,1.3537842752917715,1.3504189028352038,1.2871492797103659,1.3350482711648837,1.3350482711648837,1.3353370624314183,1.3353370624314183,1.2871492797103659,1.3350482711648837,1.3012385456613136,1.3350482711648837,1.3478266769774228,1.2935485546577923
T000078,0.6433303146490474,0.639768173347272,0.4985578790718426,0.530649431605739,0.4985578790718426,0.4985578790718426,0.4985578790718426,0.5741747799884385,0.5741747799884385,0.5295696731444434,0.5295696731444434,0.5457529680202924,0.6457208401262649,0.574800725752646
T000079,1.1739535429264467,1.0996634281594864,0.9779343451262564,1.1206823196347786,1.1206823196347786,1.122669314305742,1.1019084597485758,1.1019084597485758,1.1019084597485758,1.0996634281594864,1.0008087655163773,1.1019084597485758,1.1739535429264467,1.1099065949105271
T000080,1.0149551058960813,0.8569621714354662,0.858893768063179,0.858893768063179,0.858893768063179,0.8551628093184458,0.858893768063179,0.8569621714354662,0.8569621714354662,0.8513801186609786,0.8569621714354662,0.8569621714354662,0.8580374636560134,1.024800258247444
T000081,3.4896529584888767,3.4790907633189803,3.34945654080214,3.34945654080214,3.4073955101916984,3.452064649276961,3.452064649276961,3.452064649276961,3.452064649276961,3.452064649276961,3.349094511549477,3.34945654080214,3.4790907633189803,3.795605408285187
T000082,1.3641224416331283,1.2893840480198724,1.427244540305655,1.4294472802887406,1.4294472802887406,1.4286793346124886,1.4286793346124886,1.4894594595655468,1.4031976450839694,1.4938643495064226,1.4938643495064226,1.408084862649468,1.2893840480198724,1.6795720256699938
T000083,1.2343419230948913,1.244980307907987,1.212190165902991,1.217351873376533,1.2254219294863131,1.2254219294863131,1.2254219294863131,1.2269770476497788,1.2269770476497788,1.2116609221317762,1.2254219294863131,1.2141478512462716,1.2269789063001935,1.3147271887318364
T000084,1.427406103306603,1.4164064975462947,1.4167468312952014,1.4164064975462947,1.4185313988748809,1.4164064975462947,1.4185313988748809,1.393994432526658,1.393994432526658,1.457414131708172,1.4093341203517338,1.453286009496677,1.3892093244536945,1.752244005401902
T000085,0.8184939250012553,0.8160256213857627,0.7845825729230869,0.7832358548663789,0.8280998653877237,0.8135862111403406,0.8135862111403406,0.8277876696469312,0.8277876696469312,0.8277876696469312,0.7907151017783931,0.7907151017783931,0.8203954594056647,0.8384874305084863
T000086,0.91161707579735,0.8910731754226761,0.8910731754226761,0.8870657193275125,0.8870657193275125,0.8910731754226761,0.9038911773284374,0.8611769500885482,0.8611769500885482,0.8611769500885482,0.8724560843451439,0.8611769500885482,0.8740276740267806,0.811922005834293
T000087,1.016481233157062,0.9625241571762116,1.005883585357702,1.0118972457915738,1.007996194727531,1.0138081111128598,1.0003710003653858,1.007996194727531,1.007996194727531,1.007996194727531,1.007996194727531,1.007996194727531,1.01250214977917,0.9630434034018038
T000088,0.9739035619241143,1.077201792533332,1.0715602257296495,1.082787367650863,1.0827953419214777,1.0369332473099093,1.067546991495979,1.1212328369384206,1.1198336117210463,1.1212328369384206,1.1198336117210463,1.1212328369384206,1.0935910993882367,1.1876325904495357
T000089,1.0251689570665965,1.0251689570665965,1.008287358357502,0.984621928834195,1.006945998462498,1.003024910728646,1.003024910728646,1.0066531042481872,0.984621928834195,0.984621928834195,0.984621928834195,1.008287358357502,1.02104314442615,1.1004110120942858
T000090,0.6266415070716425,0.6543068069195848,0.6394360387630358,0.6394360387630358,0.6394360387630358,0.6660322035136159,0.6394360387630358,0.6660322035136159,0.6437894784984677,0.6437894784984677,0.6347698412308189,0.6400633514945449,0.6437894784984677,0.7343836067568977
T000091,0.4282779420791297,0.3635023608021264,0.35741353782259505,0.3802526260008181,0.35741353782259505,0.41229609688314517,0.41697913991524965,0.4601086837608751,0.4601086837608751,0.4574242735262702,0.4129345011039338,0.4217691990377175,0.44395302596982494,0.3522600587919834
T000092,0.7635151552020025,0.6600224481294007,0.6760768387848598,0.6760768387848598,0.6879639718244944,0.6879639718244944,0.6849597787813132,0.7027276187030158,0.7027276187030158,0.6817909337248765,0.6817909337248765,0.6817909337248765,0.6791687343660548,0.7221285433240654
T000093,0.9140727208533772,0.8753775715023459,1.0320898036782866,0.7719366682624181,0.7719366682624181,0.7719366682624181,0.7724578382928586,0.9097319293572353,0.9097319293572353,0.7680217730449475,0.8972454379319855,0.8941231023148852,0.8064316753215608,0.9396867769260295
T000094,1.0004993133802793,1.0004993133802793,1.1177954092377675,1.0539729097315391,1.1906803237472605,1.1906803237472605,1.1575764943975708,1.305919097833448,1.305919097833448,1.305919097833448,1.282286874547894,1.305919097833448,1.358638234598766,1.3042719611234954
T000095,0.8104777902573973,0.8104777902573973,0.8100303944123929,0.7907124857633204,0.837557044630131,0.8049761270574135,0.8049761270574135,0.8556568548192799,0.862586689302345,0.862586689302345,0.8264067491975833,0.8552566120297036,0.837557044630131,0.7762851976257442
T000096,0.8115993725968191,0.8115993725968191,0.7741576054540057,0.7716528569803767,0.7802266348574909,0.7802266348574909,0.7729554494109294,0.8219857392341269,0.8219857392341269,0.8219857392341269,0.8033492051780476,0.7784502780046609,0.7911185285353055,0.5979794391020902
T000097,1.5423741944987848,1.5423741944987848,1.437722518607056,1.5081189816797667,1.4947375746271858,1.4509159082997454,1.494032233729845,1.5092885046180884,1.5092885046180884,1.5092885046180884,1.4925323219022861,1.4925323219022861,1.4405528959392289,1.1647913445804432
T000098,1.0549297620219056,0.9172485802287871,0.775490745020217,0.7410857544996606,0.8158634042800621,0.8158634042800621,0.7869954104309284,0.7577489157964501,0.7955827342185342,0.792355786048862,0.7955827342185342,0.7467785566971005,0.7349949456251046,0.8235030945401821
T000099,1.4220642807522772,1.3819074520124328,1.4469052213387181,1.5815572280449017,1.5815572280449017,1.5815572280449017,1.5813350080173694,1.4960045211986088,1.4960045211986088,1.4960045211986088,1.5068830275942982,1.5103306112645978,1.5153702129746802,1.5177854736793188
T000100,2.2725947502896933,2.3311216326259334,2.4233018744869717,2.749514406005971,2.749514406005971,2.8413982593591127,2.8413982593591127,2.8413982593591127,2.8413982593591127,2.3311216326259334,2.839822880267531,2.3311216326259334,2.6090262501549923,2.4233018744869717
T000101,0.8315466873801507,1.1709768908823237,1.1062705626310336,0.7172922882488895,1.161097169631084,0.7366412616315958,0.8226891843226136,1.1718663440750925,1.1718663440750925,1.1062705626310336,1.1062705626310336,1.1225365242461127,1.1062705626310336,0.7866322414935106
T000102,1.0147752949965874,1.1662770336163701,1.1649062996291757,1.1649062996291757,1.1673790352336195,1.1707441812691775,1.1707441812691775,1.1649062996291757,1.1649062996291757,1.1649062996291757,1.1673790352336195,1.1649062996291757,1.1513274531383904,1.2018718429658521
T000103,0.6771497464788859,0.6784554662643876,0.627240041545386,0.627240041545386,0.6255223591892105,0.583724238651242,0.583724238651242,0.6089896681946327,0.6255223591892105,0.6255223591892105,0.6255223591892105,0.6255223591892105,0.7459229622322833,0.7851091355116676
T000104,1.13245023341301,1.052359794296284,0.9329114028556655,0.8852529998333853,1.0264820376639123,0.9953445791629948,0.8806086039817677,1.1056746271324505,1.0264820376639123,1.052359794296284,1.052359794296284,1.1063311973167094,1.1063311973167094,0.9287115108387823
T000105,1.8682988851417754,1.9397037373239834,1.955280653556899,1.7456944052147707,1.8788938614123267,1.7941922106558665,1.7941922106558665,1.8249360749522416,1.955280653556899,1.955280653556899,1.955280653556899,1.7456944052147707,2.6298850320637035,1.5736395929005171
T000106,0.8752235759978986,1.0378554646200535,1.0346110807098796,1.0378554646200535,1.0378554646200535,1.0378554646200535,1.0438720643946668,1.0109591900190957,1.0109591900190957,1.0109591900190957,1.0378554646200535,1.0400560403426768,1.0252539087898138,1.082081987876657
T000107,0.9356241999288453,0.9469223225223578,0.9649645456293692,0.9117840757204616,0.7130176884640361,0.7130176884640361,0.8724474995330193,0.8724474995330193,0.6886671622824466,0.6781035395094505,0.9272976484046208,0.9150932861890582,0.9226020847664084,0.8190569901120791
T000108,0.8888309206551727,0.9247832175310665,0.8634128956437979,0.8544655111391205,0.8634128956437979,0.8634128956437979,0.9197828755655616,0.879909863655152,0.879909863655152,0.879909863655152,0.900283527206493,0.8634128956437979,0.8634128956437979,0.9335803863385921
T000109,1.2668725233159221,1.4172155933563093,1.4172155933563093,1.4172155933563093,1.4949405590762295,1.4949405590762295,1.4949405590762295,1.4189761500276992,1.4913688809322279,1.4328893894941765,1.4949405590762295,1.3939671771353594,1.4232153809522126,1.4949405590762295
T000110,0.7554776513729293,0.7520186826364889,0.7536470015340083,0.7248438344203246,0.749912146273642,0.7517565374615404,0.8414334580423259,0.657578854629637,0.657578854629637,0.6679484956470952,0.7520186826364889,0.7536470015340083,0.7619836691246329,0.8414334580423259
T000111,0.7221652924457118,0.6834095285224557,0.6952780646136139,0.6952780646136139,0.6869127207952138,0.6957253005579473,0.6957253005579473,0.6952780646136139,0.6952780646136139,0.6952780646136139,0.6952780646136139,0.6952780646136139,0.6957253005579473,0.8062522991950822
T000112,0.5979136415784481,0.5979136415784481,0.864287023719767,0.864287023719767,0.864287023719767,0.864287023719767,0.864287023719767,0.9648718823316037,0.9648718823316037,0.9546704028615882,0.9546704028615882,0.9628482988212955,1.1385853183257226,1.02315908890282
T000113,0.3523909315208405,0.3820416968706993,0.3679870417996685,0.3679870417996685,0.33853052070093687,0.37227810108874015,0.484417471717783,0.21079259703786357,0.21079259703786357,0.21079259703786357,0.3578185473165824,0.37227810108874015,0.37794993263931587,0.6862335305102913
T000114,0.6235071355914372,0.7442769988323217,0.7301794062609247,0.7301794062609247,0.7483711907917661,0.732425848970925,0.8873119213224311,1.3697365886007884,1.3697365886007884,0.7149138075452405,0.7149138075452405,0.7301794062609247,0.732425848970925,0.8978555164694209
T000115,1.4272618250771956,1.1913224397572513,1.2026071519425576,1.1901578274205764,1.1772920578715549,1.2583488058596781,1.1353685640926128,1.1949059132534698,1.1772920578715549,1.1772920578715549,1.2074390811793216,1.1772920578715549,1.1913224397572513,1.2074390811793216
T000116,1.1502558383149115,0.9811737041319916,0.9284107119953151,0.9284107119953151,1.0254664991497358,1.095090998304676,0.9284107119953151,0.7848974420495186,0.7848974420495186,0.7848974420495186,0.9052947984280401,0.7848974420495186,1.095090998304676,0.8015619793507496
T000117,0.9975520800858712,0.6451723155559144,0.6496470518166978,0.6496470518166978,0.6087900695050292,0.7556576998073948,0.6425530791350127,0.6087900695050292,0.6087900695050292,0.5907315483253774,0.5907315483253774,0.5907315483253774,0.7662925286093084,0.9480387741442511
T000118,0.6281028638479154,0.5956788042354888,0.5969184960481988,0.5969184960481988,0.5995673599342537,0.5954083992822193,0.6275439616753012,0.6273787853226939,0.6273787853226939,0.6273787853226939,0.5915531498864957,0.5969184960481988,0.5995673599342537,0.5648198665292912
T000119,0.5703161436616959,0.5703161436616959,0.6496969118369776,0.5824182924305672,0.629613784202458,0.6496969118369776,0.6496969118369776,0.645228074734889,0.6458362552797401,0.645228074734889,0.645228074734889,0.6581915974561362,0.5824182924305672,0.645228074734889
T000120,1.0148006311700601,1.0026759433662276,1.0026759433662276,1.0815037711829347,1.0026759433662276,1.0189712808676958,1.0189712808676958,1.0815037711829347,1.0815037711829347,1.0815037711829347,1.0815037711829347,1.0189712808676958,0.9666382962063069,0.9442515192058134
T000121,1.2391818471603147,1.3530336860481302,1.3492988004045596,1.3418700857967332,1.3492988004045596,1.3492988004045596,1.3515720831715372,1.3441016144264089,1.2814719736262932,1.2814719736262932,1.3120570722919016,1.2814719736262932,1.3180535930948016,1.307603513014662
T000122,1.6412565375399475,2.8384306086411026,3.0573005380026212,3.0573005380026212,3.0557654923492006,3.059015890755523,3.109791452106978,3.0269075647617196,3.0557654923492006,3.0557654923492006,3.0573005380026212,3.0373615447726516,3.0573005380026212,2.807957009240997
T000123,1.1500262092769347,1.03235242040705,1.03235242040705,1.1485858819528303,1.0970176535102243,1.114083579111395,1.1739256464845058,1.114083579111395,1.2152593341490645,1.1506858187094005,1.2152593341490645,1.2152593341490645,1.2152593341490645,1.1228498310070523
T000124,0.7120929312922128,0.9891128529711032,0.8177617916327893,0.8177617916327893,0.7654052757327322,0.8177617916327893,0.7654052757327322,1.108306726442258,0.9014594854783571,0.9014594854783571,0.9014594854783571,0.8498259359078844,1.0178278242624,0.614582755423205
T000125,0.859559617650454,0.8928975898437244,0.847676167424143,0.847676167424143,0.83584966703506,0.83584966703506,0.83584966703506,0.847676167424143,0.847676167424143,0.8979589294564161,0.8883985134570047,0.9340683188757773,0.934714153308831,0.9749038032809407
T000126,1.1861539898810984,1.12359371188304,1.1745839722761344,1.1745839722761344,1.1211226802177252,1.1053264627726072,1.137643881404637,1.1211226802177252,1.1211226802177252,1.1211226802177252,1.1211226802177252,1.1745839722761344,1.1211226802177252,1.4942765368638287
T000127,0.7719742473017422,0.7488494410841082,0.5786427837778808,0.7751542331362763,0.7917883317873015,0.7917883317873015,0.5801110096073067,0.8781881174141807,0.8031177980177003,0.7971363519270103,0.7917883317873015,0.6937652934248466,0.8294948151338644,0.5307050419182715
T000128,1.3493012609963861,1.0794353330753925,1.1899149381579122,1.178376648637108,1.178376648637108,1.188440742640088,1.188440742640088,1.1899149381579122,1.1899149381579122,1.1950196431253985,1.178376648637108,1.1899149381579122,1.0688618724399295,1.3499412745646795
T000129,1.1709161588090438,1.1670254878155348,0.8122295268045064,1.029338210655119,1.0313894560562065,0.8122295268045064,1.0313894560562065,1.174499603342345,1.213553684750286,1.1717534555661748,1.1452398377711868,1.1456576374585041,1.1778226776499043,0.6586068465477547
T000130,0.8722705753170481,0.7107051044285759,0.7888083805426334,0.7107051044285759,0.7107051044285759,0.7107051044285759,0.9005109640709811,0.735045642662491,0.9005109640709811,0.896604613998536,0.9005109640709811,0.735045642662491,0.9005109640709811,0.5955502122004345
T000131,0.9978914589558427,0.986320768036877,1.0509423423678286,0.9257335605455509,0.9151839167841652,0.8737572157483153,0.9447269085821519,0.8084313884922899,1.1538534700136505,1.024199893778936,0.9692842081503519,1.085724910236967,1.02987251626561,0.8912048843751971
T000132,1.1341428562673417,1.302021408509897,1.313428524180513,1.313428524180513,1.313428524180513,1.313428524180513,1.2044919802363718,1.1750590917780086,1.1840419098497692,1.1840419098497692,1.1750590917780086,1.1750590917780086,1.1410706297416722,1.1312574821837922
T000133,1.967144307819981,1.9039293096699141,1.8966157564130495,1.8966157564130495,1.8966157564130495,2.075318139835415,2.0686140104553385,1.8966157564130495,1.8966157564130495,1.8966157564130495,1.8966157564130495,1.8966157564130495,2.0686140104553385,2.1385632416403704
T000134,1.1265556686709952,1.1256346687945724,1.137750378089157,1.1510954644374753,1.0959505020134104,1.1225338325198788,1.1515270354791756,1.184871769977522,1.1753289139235976,1.1753289139235976,1.170086580688783,1.1225338325198788,1.1199984733031225,1.2399857804282222
T000135,0.9121252265731825,0.9524902575156392,0.852721058274677,0.9730925082829938,0.852721058274677,0.8871578342851301,0.8871578342851301,0.8871578342851301,0.8130305965258361,0.9536303308428509,0.8871578342851301,0.7987799431792376,1.3507786679741902,1.0693977334265306
T000136,0.7181179602206778,0.6789804582244053,0.7343702089551065,0.6810155614471631,0.6840714722337281,0.6788443744810585,0.6788443744810585,0.9084153516390066,0.695243155348287,0.6810155614471631,0.6654220185883598,0.6844016052391393,0.695243155348287,0.7193194473567551
T000137,1.332252467124724,1.2663427734417276,1.3967053249992314,1.3967053249992314,1.2842843319159867,1.2842843319159867,1.4537757838861105,1.2348141366681127,1.2499884157185561,1.2499884157185561,1.253971758744236,1.2781518751512284,1.253971758744236,1.2694423484737993
T000138,0.9609304049071431,1.1732379669602202,0.8873791375730462,0.8873791375730462,1.0148388310058,1.0148388310058,0.8873791375730462,0.8873791375730462,0.8873791375730462,0.9538049493683524,0.9538049493683524,0.9408994804367377,0.8991454627055132,1.2304288717783842
T000139,2.257403273639408,2.0696760106224934,2.040311086435762,2.040311086435762,2.160862498226482,2.040311086435762,2.160862498226482,2.160862498226482,2.068483384613225,2.2809932100301697,2.040311086435762,2.0236391147698667,2.256490494316296,1.8080913941168095
T000140,0.8475594515993494,0.8703994007999095,0.8615740077469596,0.8930308927801525,0.8930308927801525,0.8930308927801525,0.8584018771234934,0.8615740077469596,0.9104352991364469,0.8615740077469596,0.8615740077469596,0.8615740077469596,1.339264896127407,0.7517138948291718
T000141,1.8052443744906947,1.759470226475541,1.807740334109327,1.807740334109327,1.7249745178615563,1.7249745178615563,1.7249745178615563,1.8882051285953454,1.7249745178615563,1.7249745178615563,1.82999413996426,1.7227988404732821,1.8171768606088046,2.018536275001568
T000142,1.8079071306957826,1.8958903013096964,1.881918460253282,1.8958903013096964,1.881918460253282,1.881918460253282,1.8584981390261668,1.881918460253282,1.881918460253282,1.881918460253282,1.8958903013096964,1.9936473765980158,2.013675728019776,1.9188531950486865
T000143,1.182868262739556,1.165497641492277,1.1642704982196077,1.1642704982196077,1.1704170609936535,1.1671833087638552,1.1871298849484286,1.1704170609936535,1.2066120641311435,1.1511026997947105,1.1511026997947105,1.2066120641311435,1.2393221574338402,0.8911454260276869
T000144,1.6152156668491104,1.5895884030699805,1.577664397458095,1.5895884030699805,1.577664397458095,1.5514534805129787,1.5992083687559306,1.5691417622750383,1.5691417622750383,1.5691417622750383,1.599013115894551,1.5514534805129787,1.5657039205392786,1.5657039205392786
T000145,1.300107917351977,1.183953100081361,1.183953100081361,0.9393195970772088,0.9393195970772088,0.9398084343322803,0.9398084343322803,0.9398084343322803,0.9398084343322803,0.5956059123457518,0.5956059123457518,1.1320035685682737,1.1654976271831563,1.0038008998372985
T000146,1.335966684776722,1.324620193679066,1.324620193679066,1.2269743185845807,1.3931481040643656,1.2269743185845807,1.5871706800183707,1.5860088945220296,1.2269743185845807,1.2269743185845807,1.2269743185845807,1.3931481040643656,1.5273313958117918,0.8680162311949713
T000147,0.822301985926186,0.8234361098643401,0.7016813233109014,0.717415362098888,0.717415362098888,0.8234361098643401,0.7059932102777259,0.717415362098888,0.7191337644026312,0.7061562978084905,0.7191337644026312,0.7383907297226345,0.7329421595706268,0.7926341224403931
T000148,0.8571341617745676,0.8009402081764392,0.7929779474765409,0.7929779474765409,0.7869838671860883,0.7869838671860883,0.7869838671860883,0.7929779474765409,0.7929779474765409,0.7929779474765409,0.7929779474765409,0.7929779474765409,0.7999632164702879,0.6814384389940007
T000149,1.132411263950669,1.1337211207343632,1.1485769280313267,1.1071866398447276,1.1485769280313267,1.1485769280313267,1.1653345330723828,1.1653345330723828,1.1653345330723828,1.1420938594246688,1.1071866398447276,1.13829798016724,1.173517818415481,1.1761368173079592
T000150,1.835868657695226,1.5163895370147105,1.2933617823047885,1.2933617823047885,1.2933617823047885,1.2745438280678494,1.2828551871981508,1.3442716754276485,1.3442716754276485,1.3442716754276485,1.2745438280678494,1.812216719578287,1.3118331967948154,1.307024916662277
T000151,1.6554656724191648,1.629464455719167,1.449234558229713,1.3291620316233914,1.4894523916350326,1.4894523916350326,1.4988718636773268,1.5813117950996023,1.8000526994808765,1.4701986756449672,1.393048572617064,1.3291620316233914,1.3081999351255376,2.2396317500844543
T000152,1.4869087474541955,1.3351769991385931,1.3425228703903997,1.3425228703903997,1.3007292139068973,1.3007292139068973,1.3181119063179272,1.3123336311174076,1.3123336311174076,1.3123336311174076,1.3425228703903997,1.3123336311174076,1.3397982923543683,1.378538635016035
T000153,1.497782217445387,1.5845816030285351,1.6546029263880198,1.497782217445387,1.835432386866649,1.7144477236543245,1.7144477236543245,1.5838825256068223,1.5838825256068223,1.6548650220821854,1.5917551857165828,1.6745173444229267,1.7114257024888218,1.893201013467055
T000154,1.1715751248447295,1.0686292594606044,1.1136921671754307,1.0772271386729222,1.0772271386729222,1.098995846208471,1.098995846208471,1.1056377723590745,1.0891742168073275,1.0891742168073275,1.0891742168073275,1.0891742168073275,1.1194389942467973,1.0828014017475656
T000155,0.6523291989715965,0.6211150632918723,0.6360739255494248,0.6267084994857772,0.6267084994857772,0.6267084994857772,0.6267084994857772,0.6267084994857772,0.6267084994857772,0.6360739255494248,0.6360739255494248,0.6360739255494248,0.6546204727869628,1.4835924363663962
T000156,2.037431975080737,2.1412997885620193,2.03780475034087,2.1048391963231805,2.057294924617741,2.0577215294878908,2.057294924617741,2.1150222337346674,2.03780475034087,2.03780475034087,2.1213735951681443,2.1213735951681443,2.1395225101155164,2.154891124953161
T000157,0.7156342201208228,0.6967087625197498,0.7075745039232634,0.7075745039232634,0.6967087625197498,0.7103069454612693,0.7208730866777017,0.7205697174164318,0.7205697174164318,0.7205697174164318,0.7103069454612693,0.7103069454612693,0.7202747215156322,0.7588120239413637
T000158,0.7085429448736713,0.7135099101745083,0.711073058015603,0.673446493354749,0.6748920605686681,0.6716510005663562,0.711073058015603,0.6748920605686681,0.673446493354749,0.673446493354749,0.6691871375303116,0.6691871375303116,0.6748920605686681,0.6714200987583654
T000159,1.0441286053213488,1.0563103843491732,1.0166703402948558,1.0253215072566753,1.0243632374366112,1.0739030431290588,1.0895370317084174,1.0895370317084174,1.0895370317084174,1.0512399338036384,1.0512399338036384,1.0519874723678795,1.0541502506076177,1.1386988919385712
T000160,1.217992510803287,1.1767203460239757,1.0783029200158876,1.2785835782955302,1.2689878130385581,1.2689878130385581,1.2151646987979285,1.2689878130385581,1.2689878130385581,1.2689878130385581,1.2841460987187587,1.2785835782955302,1.4051015589388196,2.012176424969025
T000161,0.9111802497071441,1.0331040392985398,1.136751954995555,1.1336271655223833,1.0331040392985398,1.1313126385641645,1.1313126385641645,1.1313126385641645,1.1740023854672592,1.1611445630918278,1.126918256540811,1.1313126385641645,1.1336271655223833,1.2697866458880975
T000162,0.6168883416376538,0.6869778020243795,0.6260165683819571,0.5883646828542132,0.6243468542339848,0.5703962934356547,0.6243468542339848,0.7125212737301466,0.661475236928168,0.661475236928168,0.7022189604012777,0.6317729377986573,0.6610888814408392,0.831890323481439
T000163,1.7280700626232708,1.7192724243443418,1.6030112346646999,1.6030112346646999,1.6939136481627621,1.6939136481627621,1.6939136481627621,1.7055304834389453,1.6030112346646999,1.7174530907668655,1.686414829652358,1.7055304834389453,1.7252152645053633,1.187483453871926
T000164,1.4780937971778,1.3726328443834306,1.389687493489003,1.3779413036468742,1.3726328443834306,1.3741132595563386,1.3741132595563386,1.3726328443834306,1.389687493489003,1.4011933979562323,1.3971027970458774,1.389687493489003,1.3971027970458774,1.7983456501638302
T000165,0.8559252267600856,0.9774454279491307,0.8904379753446033,0.9246288580218354,0.8904379753446033,0.8904379753446033,0.890829769759018,0.9018325970535543,0.8705507179661047,0.9018325970535543,0.872989627616351,0.8911481964922795,0.8842972926977535,0.9009219608062984
T000166,0.8066617282724258,0.8705617699709236,0.8831431874960892,0.8831431874960892,0.8885048149324347,0.8982493728153669,0.835498895428797,0.8831431874960892,0.8831431874960892,0.8323006588233607,0.8831431874960892,0.8831431874960892,0.8440577319359419,1.2958420699848334
T000167,1.3938626603516164,1.3158325704430118,1.316292240561954,1.316359353326751,1.316292240561954,1.316292240561954,1.3265557114213342,1.316359353326751,1.316359353326751,1.316292240561954,1.3467899571321633,1.3265557114213342,1.3242162330662561,1.3687432569509528
T000168,0.6502831101932924,0.6111922631070447,0.6554523299964197,0.6519665564437878,0.6572182637215227,0.6263753847698676,0.6401459620056185,0.6047492567842929,0.6681391973562977,0.6681391973562977,0.6401712817712457,0.6554523299964197,0.6546471089772121,0.6241244625564112
T000169,1.1625639638374323,1.2048024319128348,1.1808750640783152,1.1808750640783152,1.1808750640783152,1.2575678828048436,1.1808750640783152,1.207103074235814,1.207103074235814,1.207103074235814,1.207103074235814,1.2758510260975748,1.2575678828048436,1.4342223619502479
T000170,0.9355797518222279,0.9355797518222279,1.0044017203154794,0.9815807720232097,0.9616046592016746,0.9185391284253214,0.9616046592016746,0.9616046592016746,0.9616046592016746,0.9618591446937034,0.9618591446937034,0.9185391284253214,0.921448529998843,1.267510528030936
T000171,0.5386237885746246,0.5767141326015963,0.49953331813151886,0.4882271223531873,0.4882271223531873,0.4882271223531873,0.482384962133765,0.4882271223531873,0.49953331813151886,0.49953331813151886,0.49953331813151886,0.5315651463879878,0.5629241870832536,0.6344113137512016
T000172,0.8605115243647645,0.8479349870799477,0.821676900174241,0.8236627046532133,0.805314225822578,0.8305776651848195,0.8113587955904592,0.8099172913320284,0.821676900174241,0.821676900174241,0.8230035133988944,0.8230035133988944,0.8249774019744001,0.8529937322381923
T000173,0.4886513178196699,0.5146111260157262,0.4720649507871624,0.4739914238937969,0.4739914238937969,0.4739914238937969,0.4739914238937969,0.4739914238937969,0.4720649507871624,0.4623822324679177,0.4720649507871624,0.5286437616672327,0.530568948583641,0.5781391091216832
T000174,0.578462128028988,0.5527103559376026,0.5532189951964691,0.5557295534324915,0.5532189951964691,0.5436148081968092,0.5280812786688986,0.5557295534324915,0.5557295534324915,0.5557295534324915,0.5552872835483073,0.5557295534324915,0.5532189951964691,0.8753071551113737
T000175,0.6271165502350575,0.7487738479548235,0.6635274832073027,0.687078934608453,0.6780986138676003,0.687078934608453,0.687078934608453,0.6591210737750881,0.6635274832073027,0.6668202823231033,0.6668202823231033,0.6933416952191428,0.6752491384299464,0.6484526489512106
T000176,0.8623005225042649,0.9323583128091747,0.9377684814025848,0.9323583128091747,0.9648596083138804,0.8395178949614134,0.9371653284353246,0.9323583128091747,0.9323583128091747,0.941844488310659,0.9421992157287953,0.9401196243860377,0.9401196243860377,1.1322071398349203
T000177,0.747174672857955,0.747174672857955,0.7559357839253739,0.7460922609705486,0.7463316826328792,0.7460922609705486,0.7460922609705486,0.6970556776528752,0.7521692122440113,0.7486018791917571,0.7541835513229467,0.7541835513229467,0.7271769581346371,0.7161786747983582
T000178,0.3836221150654747,0.3697455413738291,0.44817184177074615,0.4611124091376163,0.48912652971954723,0.38070500052946127,0.5106261887642243,0.4621589400895347,0.4621589400895347,0.4621589400895347,0.4621589400895347,0.4621589400895347,0.47407862260185596,0.4586980859826611
T000179,0.47859499354847523,0.47859499354847523,0.5789955727007683,0.5569352786201546,0.6091670335846985,0.6091670335846985,0.5568671125353067,0.8917020996963022,0.5925226898008809,0.5937281211660199,0.5569352786201546,0.5371611062911381,0.5126732567417521,0.7566668030539525
T000180,0.8234206393514273,0.8234206393514273,0.9278586044770211,0.9760072207782606,0.9705386412790893,0.9760072207782606,0.9705386412790893,0.9988549573430302,0.9369886167637943,0.9270874871053663,0.9270874871053663,0.9369886167637943,0.9508812017946519,0.96979548285833
T000181,1.9865203992488643,1.1754872305613482,1.1835861819931572,1.9001363597926326,1.1835861819931572,1.1835861819931572,1.1071871632717598,1.1158752107579322,1.1158752107579322,1.9001363597926326,1.9001363597926326,1.3508676919132148,1.1754872305613482,1.9253969514748805
T000182,2.5844034492994044,2.771975702481883,2.610496101493616,2.641486844942411,2.656439712945225,2.771975702481883,2.771975702481883,2.610496101493616,2.5964120492301106,2.656439712945225,2.5964120492301106,2.610496101493616,2.564944678118616,2.547096581851771
T000183,1.0351449833895259,1.0092583571530243,1.077097889718743,1.1468924409114618,1.0626079337571246,1.0989744091392473,1.0760986684682932,1.1468924409114618,1.1468924409114618,1.1468924409114618,1.1468924409114618,1.0989744091392473,1.0549208031000286,0.9259342834502448
T000184,1.5961874602588468,1.5961874602588468,1.6009216509602113,1.6322898994556725,1.4997590813677306,1.4997590813677306,1.5172175585589438,1.648310048103814,1.5113282201893896,1.5041907260639662,1.598864686157582,1.4055473665761173,1.4997590813677306,2.0789639521001777
T000185,1.609626140656015,2.056676406757822,1.5297455750264828,1.5297455750264828,1.559243073897385,1.559243073897385,1.557648448888076,1.4665141017690901,1.5297455750264828,1.5297455750264828,1.5297455750264828,1.4727489551557187,1.5493358837458,1.9312508851400698
T000186,0.766028233373988,0.8962643933996561,0.887398722534664,0.908148688745992,0.9139829696486138,0.8903512184428239,0.8867404564020904,0.8927736535924465,0.8927736535924465,0.882254530579526,0.887398722534664,0.8802695944038849,0.8903512184428239,0.8876696438618795
T000187,0.8281415960440976,0.8115021583785879,0.8632425443110326,0.8115115519657724,0.8219461029207495,0.8219461029207495,0.8115115519657724,0.8383989292592171,0.8383989292592171,0.8286170304660406,0.8286170304660406,0.8115021583785879,0.8115021583785879,1.1543550024644864
T000188,1.09146440635422,1.09146440635422,0.9346979840791219,0.9346979840791219,0.9424628788203948,0.9677439216997459,0.9677439216997459,0.9680353054636052,0.9678470462860205,0.9599393579349634,0.9484797913593322,0.9539348841187225,0.9667677278907097,0.9627322930851421
T000189,1.9016578337761714,1.8926466530302506,1.86479007300776,1.8615749521377973,1.874157624331386,1.8614302270541934,1.8599481479571855,1.8615749521377973,1.8615749521377973,1.8614302270541934,1.8614302270541934,1.8614302270541934,1.866532686409263,2.140184842180191
T000190,0.8319859905214242,0.8363434158387939,0.857363635627943,0.8256863719074253,0.849696751432934,0.8451072946847309,0.8451072946847309,0.8560967847781267,0.8764098448640779,0.8192285426355853,0.8095128839024484,0.8061335056649539,0.849696751432934,0.8119799205359329
T000191,0.7913739806455299,0.8609997040722931,0.855485091907326,0.6161649213071106,0.6161649213071106,0.5351214280410758,0.5351214280410758,0.5351214280410758,0.5351214280410758,0.5343764135595017,0.5351214280410758,0.5387560245311077,0.48426330573293064,0.47977288791512673
T000192,2.337465601904887,2.33896508604476,2.291141379947318,2.3615715055722832,2.3468755315320378,2.3468755315320378,2.326665453053989,2.291141379947318,2.3011240764331857,2.291141379947318,2.291141379947318,2.291141379947318,2.285303417307809,2.4999574238163986
T000193,0.9632559266426641,0.9521965423461078,0.9432768479252287,0.9600700775724778,0.9419650941164909,0.9653773140623829,0.9600700775724778,0.9400358130006067,0.9400358130006067,0.9400358130006067,0.9419650941164909,0.9400358130006067,0.9441186959915617,0.9422729401030552
T000194,1.1513839363715097,1.1513839363715097,1.1893805616600106,1.1646192694910846,1.1727400313195515,1.1727400313195515,1.1686573588062428,1.1893805616600106,1.1893805616600106,1.1893805616600106,1.1645416514741833,1.13499103377549,1.2555766094393854,1.0717344889872702
T000195,1.091564391690108,1.1425262463021602,1.1602785748681115,0.7327358806317553,0.7319044438543928,0.7288181156841483,0.7327358806317553,0.7310121449689314,0.7327358806317553,0.7319044438543928,0.7547976199760944,0.7439188130687611,0.695017840031463,0.6601603923067084
T000196,1.1978001009202177,1.1906233869034262,1.1906233869034262,1.175409251640156,1.175409251640156,1.1937727176993218,1.1937727176993218,1.1937727176993218,1.1937727176993218,1.1491374710109767,1.177456743120746,1.1906233869034262,1.1427367595135995,1.379831352415765
T000197,1.2735429313692412,1.2164740962406937,1.2696382087335376,1.2057460671284885,1.2057460671284885,1.2057460671284885,1.2650702505611433,1.2057460671284885,1.2057460671284885,1.2511495731916673,1.2057460671284885,1.2057460671284885,1.3051490932129193,1.4400847351098118
T000198,0.8363667072721643,0.8242717573740896,0.8335216061080716,0.8365427323202737,0.7363523324958674,0.7512306205615783,0.8349063061851418,0.8242717573740896,0.8242717573740896,0.8408494393075181,0.8335216061080716,0.7638369151144597,0.7638369151144597,1.0928796234578388
T000199,0.6056259836645201,0.6064153015555201,0.5948651910747169,0.5948651910747169,0.602966580576125,0.6045844861434064,0.5956503100825392,0.5937889214232686,0.5948651910747169,0.5948651910747169,0.5937889214232686,0.5948651910747169,0.6019692871407247,0.7160050624715513
T000200,0.6995069246780792,0.5970079089057017,0.5970079089057017,0.6022696033068307,0.6022696033068307,0.6172556418345552,0.6058167571648019,0.6022696033068307,0.6997683168403073,0.6022696033068307,0.6870670147963963,0.6560425496362636,0.5823284003172496,0.7311975823651617
T000201,1.2016370810016208,1.2016370810016208,1.1604773087577933,1.2025021938895788,1.2571561725814,1.2571561725814,1.2571561725814,1.1844301859819328,1.1391333218922033,1.2161898242736693,1.2161898242736693,1.2161898242736693,1.1391333218922033,1.49946434914391
T000202,1.5963027810313797,1.5963027810313797,1.6050772917333358,1.6050772917333358,1.6050772917333358,1.6050772917333358,1.584216409700669,1.5813250755383939,1.5872053198289,1.5872053198289,1.5813250755383939,1.5813250755383939,1.5712496960968545,1.5712496960968545
T000203,1.2000356625221398,1.1776241754625159,1.1759691071492244,1.182637695023881,1.182637695023881,1.182637695023881,1.194337429304039,1.182637695023881,1.182637695023881,1.1776241754625159,1.1776241754625159,1.182637695023881,1.1759691071492244,1.3587385669340484
T000204,0.8943838097791412,0.9433338309019393,0.9481062801825306,0.9130786559758629,0.9117366731568076,0.9117366731568076,0.9117366731568076,0.9065329418022128,0.9065329418022128,0.9065329418022128,0.9433338309019393,0.9117366731568076,0.8896390739509686,0.9188324436170783
T000205,1.328843285774969,1.328013751334022,1.263516431367051,1.263516431367051,1.263516431367051,1.263516431367051,1.2843734955836985,1.2107604661808555,1.2107604661808555,1.215374345956325,1.310168277359771,1.2843734955836985,1.310168277359771,1.2545668289368257
T000206,0.7947407141788692,0.7883652860556625,0.8960237210493727,0.9228751184374233,0.9273507662586075,0.9273507662586075,0.9273507662586075,0.9228751184374233,0.9228751184374233,0.9228751184374233,0.9228751184374233,0.9228751184374233,0.8960237210493727,0.9193842435352373
T000207,0.6405499036980541,0.5242267204307318,0.7051073280799557,0.525272093788773,0.5263028136685793,0.525272093788773,0.525272093788773,0.525272093788773,0.525272093788773,0.5252858683710643,0.525272093788773,0.5233860885367646,0.5302757949255518,0.47641860041859435
T000208,2.0075145989781062,1.914478676919169,2.0415503192773894,2.0656025494705945,2.0415503192773894,2.0415503192773894,2.0531706968471717,2.1398473448697506,1.9384578123116374,1.9803222327575105,1.993054493330988,2.0415503192773894,1.914478676919169,2.1181191579156895
T000209,1.2417680733767915,1.2417680733767915,1.2495715806882974,1.2495715806882974,1.2492469293874782,1.2566431223022778,1.2492469293874782,1.252774778343396,1.2526909895083123,1.252774778343396,1.2525435817272235,1.250186883864412,1.2503409922906197,1.257760042863985
T000210,0.954467101552199,0.8644612157166229,0.8644612157166229,0.898722894310666,0.9622293256634733,0.9622293256634733,0.9622293256634733,0.9731001388865829,0.9731001388865829,0.9731001388865829,0.9731001388865829,0.9731001388865829,0.872248822754481,0.8995841120429905
T000211,0.8937570010167052,0.8326544120925182,0.6551302218701834,0.9687413912718774,0.659059339655008,0.6571151002456924,0.659059339655008,0.6571151002456924,0.659059339655008,0.6607598663804815,0.659059339655008,0.6523129450452527,0.659059339655008,0.5794867975893279
T000212,0.8203088487478807,0.8079651346679477,0.7445561148214495,0.8069596259929568,0.801168798159148,0.801168798159148,0.801168798159148,0.8096881097273475,0.8069596259929568,0.8069596259929568,0.8069596259929568,0.8069596259929568,0.7833572827645691,0.8155212584583376
T000213,2.5712405363802984,2.5712405363802984,2.3392254831412087,2.863297433658277,2.8193695596831403,2.7580124746988846,2.3392254831412087,2.702560004994401,2.791637866148968,2.8533666681244942,2.1355623880212327,2.3507509951333305,2.8193695596831403,2.294780814196683
T000214,1.4961964396440102,1.471655847462946,1.5174217992881665,1.473822994790841,1.473822994790841,1.4766238726671106,1.393570676887217,1.449204972089975,1.449204972089975,1.4766238726671106,1.449204972089975,1.4766238726671106,1.5174217992881665,1.3529698685351705
T000215,1.1892885848580572,1.161741664517229,1.210024551376911,1.210024551376911,1.210024551376911,1.210024551376911,1.268214713237703,1.3034003829091394,1.3034003829091394,1.3034003829091394,1.3034003829091394,1.2457109966338626,1.224940687101,1.2238903651022681
T000216,1.0407854056104167,1.057966626475028,1.059725988479503,1.0870117961249506,1.0719243116580537,1.0719243116580537,1.0719243116580537,1.0719243116580537,1.0870117961249506,1.0870117961249506,1.0870117961249506,1.0870117961249506,1.0870117961249506,1.0885481530139138
T000217,0.6649566418105626,0.6585459506082406,0.6585459506082406,0.6480891558161709,0.6405498073955189,0.6405498073955189,0.643393820795121,0.6497708929186554,0.6750512318201706,0.6750512318201706,0.643393820795121,0.6442026451666043,0.6436524585316552,0.6451573838393351
T000218,1.9069709451878034,1.8941797789116288,1.865203301588812,1.865203301588812,1.849332286591279,1.8507970404857277,1.8507318111898479,1.8507318111898479,1.858698959269884,1.858698959269884,1.865203301588812,1.865203301588812,1.9702209295629864,1.8447076798851914
T000219,0.8304350784498946,0.8703954698737273,0.8881630311316946,0.8879145316970414,0.8681146274073662,0.8536241904561446,0.7067244859921251,0.7067244859921251,0.8191945511141631,0.8853902187868361,0.8709981667910128,0.8681146274073662,0.8681146274073662,0.7468280963430981
T000220,1.0558127126965884,1.0558127126965884,1.068547047462748,1.05628038514109,1.05628038514109,1.05628038514109,1.064742985711169,1.05628038514109,1.05628038514109,1.0675374881953812,1.0675374881953812,1.0700714686817572,1.0696436445184163,0.9721166638197164
T000221,0.7941930711048336,0.7766676386727597,0.7941930711048336,0.809205999100684,0.8083517701935939,0.8083517701935939,0.8050120384318182,0.8064043216383221,0.8121311848526981,0.8138316709075573,0.8117937272997806,0.7641967529507077,0.7641967529507077,1.0931312817710703
T000222,0.6048834333720495,0.9736071461355347,0.7420576104259982,0.7420576104259982,0.7420576104259982,0.7420576104259982,0.7420576104259982,0.7420576104259982,0.7420576104259982,0.7420576104259982,0.7463413959338999,0.7430120120815,0.7436797769370656,1.0083305657804844
T000223,0.8248475393053584,0.7574350586136086,0.6676708407591806,0.6676708407591806,0.6676708407591806,0.6676708407591806,0.6676708407591806,0.6676708407591806,0.6676708407591806,0.6676708407591806,0.6667177437206594,0.6790481929170444,0.7087503427351796,0.7846310589034956
T000224,1.065150499880071,1.0305620172077348,1.0304418309135082,1.028083689192214,1.0304418309135082,1.0633221552383991,1.0335445602640425,0.9993293856017784,1.040555915175334,1.0412139675591,1.0305130553616046,1.0562762525690286,1.0008619651745525,1.1412394745994483
T000225,0.8086491306090706,0.8086491306090706,0.8086491306090706,0.6506541987316544,0.6506541987316544,0.6506541987316544,0.6506541987316544,0.6506541987316544,0.6506541987316544,0.6506541987316544,0.6506541987316544,0.6550462920472846,0.6574105868589936,0.9593566351401636
T000226,0.8060230140730049,0.9357285390749882,0.8155065942834636,0.8057368317731692,0.8155065942834636,0.7932159023097197,0.7932159023097197,0.606538651803619,0.796265576652144,0.796265576652144,0.8155065942834636,0.9628484857095075,1.0317421459758709,0.6414754137376356
T000227,1.3915330927972753,1.376450242418137,1.4365686068770556,1.3820756131816876,1.379402091099243,1.3787779125413608,1.3787779125413608,1.3820756131816876,1.3820756131816876,1.3820756131816876,1.376450242418137,1.37602033118842,1.3815195735684545,1.4171988681330332
T000228,1.4489531205248551,1.3638104203122308,1.347178132405137,1.3463885213825109,1.3463885213825109,1.3463885213825109,1.3474306458896086,1.3474306458896086,1.3474306458896086,1.3474306458896086,1.3474306458896086,1.4042921405707562,1.4282998320672025,1.4911457513440658
T000229,2.00770513624233,1.5347038733075369,2.085600528112569,1.641470056379822,2.085600528112569,2.085600528112569,1.6741481134492362,1.6741481134492362,2.1173605106433997,2.1173605106433997,2.0682621053924035,1.6424657480663942,1.6424657480663942,1.668006564934598
T000230,1.007470757642508,0.947394214696392,0.9727899214621164,1.0146869995979482,0.9259060441426845,0.8689509812168643,0.8689509812168643,0.6348278841086208,0.6348278841086208,0.9009227331747087,0.8645127200091317,0.8689509812168643,1.1558809065550262,0.6627810158039626
T000231,3.9560317833708107,3.9132646992661284,3.713912917186806,3.713912917186806,3.6817026975521383,3.713912917186806,3.713912917186806,3.713912917186806,3.713912917186806,3.713912917186806,3.6817026975521383,3.6817026975521383,3.7105225647301325,5.5565328318800065
T000232,2.6717876326865824,2.6000344903157986,2.6000344903157986,2.587421687428797,2.587421687428797,2.5958029216725955,2.5958029216725955,2.4744284197109847,2.4744284197109847,2.4744284197109847,2.5113338975905224,2.4828852089850555,2.760320940729501,2.8011540743931245
T000233,2.498719974056588,2.4925487441400955,2.2867716811321426,2.2867716811321426,2.338572774342365,2.27719976995598,2.5643587459369774,2.320870262465795,2.588193002418962,2.3075413577004045,2.3075413577004045,2.2437527192280626,2.266029174193203,2.2303733183026617
T000234,0.9958413811969735,1.1416531636270215,1.1416531636270215,0.9928561162038843,1.0015104346461123,1.0070538374773998,0.995582264934813,1.0070538374773998,1.0107438636900654,1.0107438636900654,1.0107438636900654,1.0075687451133248,1.1339446369894655,1.068928794796825
T000235,1.9123994915899802,1.8876623432374098,1.852555953597236,1.8144977261299733,1.8546635290411626,1.8666692591440788,1.9233770428271313,1.8118431366777485,1.8118431366777485,1.8118431366777485,1.8546635290411626,1.8537654074065344,1.8036867315815959,2.248459134246797
T000236,0.6874322618349256,0.6212359298008723,0.661433444556094,0.6957526632695139,0.6957526632695139,0.6589373481099805,0.6589373481099805,0.6589373481099805,0.6589373481099805,0.7477019565393448,0.6589373481099805,0.6411859399572317,0.6303197455488239,0.8631558318698677
T000237,1.830431402953642,1.7531892759597605,1.7531892759597605,1.759672256672299,1.759672256672299,1.7582104055852144,1.7582104055852144,1.7545267271100804,1.753796549897844,1.7545267271100804,1.7545267271100804,1.738073481426402,1.7531892759597605,1.5017524991382534
T000238,1.617827063007073,1.617827063007073,1.5880021060229828,1.6416843145408702,1.6416843145408702,1.5112168779242277,1.556328084741589,1.575629081098785,1.8030088611816788,1.5883659477985952,1.4922302288782965,1.4922302288782965,1.375117185320564,1.2391214724965198
T000239,0.902551880103806,0.8854185420980509,0.8948191888230064,0.8693411144543832,0.8693411144543832,0.8693411144543832,0.8601372515477216,0.9080546013756984,0.8817032096173795,0.9080546013756984,0.907063042984344,0.8897442294365986,0.9918245206954873,0.8038650345127497
T000240,0.969283674998867,0.969283674998867,0.6282724611766836,0.6282724611766836,0.5963173461197984,0.5963173461197984,0.6135616684606824,0.5963173461197984,0.6135616684606824,0.5982488744826462,0.5928342266702589,0.6006555045199152,0.7972187723978738,0.6374629035547403
T000241,0.7972025510362252,0.8444263438896049,0.7552913874251103,0.7552913874251103,0.8015061541457954,0.8015061541457954,0.8036950862543798,0.8066364830238605,0.8066364830238605,0.8066364830238605,0.8066364830238605,0.7921387367641998,0.8021503785085616,0.8486806493953372
T000242,1.2536026581686035,1.1794135311821392,1.2120192916453947,1.2221936106354152,1.3273959035034206,1.2930199895399328,1.2380698974496187,1.2219556731429517,1.2219556731429517,1.2219556731429517,1.176416493112655,1.2219556731429517,1.2995262801283385,1.165140356460483
T000243,2.057772378691881,1.8768724554893992,1.8768724554893992,1.8768724554893992,1.8934851955160636,1.8768724554893992,1.8308642335898935,1.8934851955160636,1.8934851955160636,1.893435124168435,1.893435124168435,1.893435124168435,1.855545128174565,1.685946313763277
T000244,1.222458680742278,1.2429425093345927,1.2621481180037728,1.2621481180037728,1.2549104145290981,1.2407233023908295,1.2549104145290981,1.2567261611777985,1.2621481180037728,1.2621481180037728,1.2430953804374767,1.2567261611777985,1.259723083492913,1.1951458455932877
T000245,0.7840766420411983,0.774071739163506,0.7749192592712683,0.7785585222632916,0.7800033579481123,0.7783565566716699,0.7800033579481123,0.7800033579481123,0.7784846607706088,0.7793560815922682,0.7793560815922682,0.7564401750753207,0.7784185928746018,0.7835078760257763
T000246,1.2852296118130946,1.2284438528616533,1.4332754233608518,1.4332754233608518,1.4332754233608518,1.4332754233608518,1.0864582443791233,0.9255089632568293,0.9255089632568293,1.1552375437588136,1.1249474019016246,1.4332754233608518,1.2284438528616533,1.0519159681473371
T000247,1.0964584488725275,1.1144729280821957,1.1160774182053148,1.1160774182053148,1.1160774182053148,1.1160774182053148,1.1210593929490642,1.1025610800876775,1.1522733278532955,1.1522733278532955,1.1509058979161289,1.0942284391589667,1.1954340933886665,1.193104768442972
T000248,1.0458785252702163,1.0263316098721582,1.051906297053603,1.0263316098721582,1.0263316098721582,1.0263316098721582,1.063130939922861,0.9615846945727397,0.9907883794598591,0.9741927220336536,1.0681992944498333,1.0681992944498333,0.9899469244187715,1.0707136783825864
T000249,1.623146849880239,1.676916578497716,1.625704064364207,1.6946547690001246,1.6960590706098364,1.6960590706098364,1.6732997440564026,1.6732997440564026,1.6732997440564026,1.6732997440564026,1.700889097609449,1.692437645841529,1.684050431572942,1.5582953761673088
T000250,0.9307026653079458,1.4268453461319024,0.8921457242760087,0.8921457242760087,1.4532388875411508,0.8614582207226092,0.9137257798677626,1.1388891796566265,0.9069465133982941,0.9069465133982941,1.4268453461319024,1.4564898705665221,1.4532388875411508,0.8981836183914577
T000251,0.5535682550079867,0.6247641859949553,0.6335185453063329,0.6823378817957594,0.7088946660190865,0.7088946660190865,0.6119245114963374,0.6085943907633716,0.7725691584471488,0.6119245114963374,0.697648945396434,0.5895790348020841,0.697648945396434,0.5686528539752332
T000252,1.2743975557942107,1.3002967897379607,1.3002967897379607,1.1550420269054742,1.336875690794617,1.2492669956544946,1.2492669956544946,1.209811861378047,1.1550420269054742,1.1550420269054742,1.1550420269054742,1.2096739752324939,1.2675997600892415,1.197787566117765
T000253,2.348219091148313,2.420646155043128,2.3889992865299225,2.3817485045639355,2.3889992865299225,2.310584397409407,2.379382133261994,2.310584397409407,2.310584397409407,2.310584397409407,2.330119864105893,2.310584397409407,2.3913225848258124,2.4040388127386643
T000254,1.4512316861341021,1.4512316861341021,1.4122377228734864,1.4585516163261425,1.4122377228734864,1.4122377228734864,1.4501813539429873,1.463118949532821,1.463118949532821,1.463118949532821,1.4597673220374476,1.4596469184178602,1.4585516163261425,1.5429704846078125
T000255,0.746261242358853,0.8416727171465326,0.8380505805926942,0.7662853249296158,0.8639776319769815,0.8639776319769815,0.7406166197487881,0.8769696134099484,0.8769696134099484,0.8769696134099484,0.84953186536827,0.688852449218009,0.8244819981160221,0.7783490088611985
T000256,1.0549926466481658,1.0601664967037028,1.060959555433839,1.0668354223674332,1.0673482133649554,1.1466171657427193,1.1466171657427193,1.0668354223674332,1.1479095119209237,1.1414932501702129,1.3770570128558486,1.1414932501702129,1.0617790497478965,1.179659137803382
T000257,1.4504960779396352,1.1869913906039156,1.4305602484766178,1.4515522091738082,1.4528255913992043,1.4491286014797682,1.435616244957571,1.4528255913992043,1.4515522091738082,1.4667750879759385,1.448783880094365,1.4664294622933483,1.4647669435947805,1.320112364094071
T000258,1.157174944142488,1.1462884191971383,1.1433323153251687,1.1433323153251687,1.1474525774334796,1.1507822381636712,1.1519253298997651,1.2340602850905855,1.2197021095361364,1.205276522322486,1.205276522322486,1.205276522322486,1.1722994680650083,1.2274778344163824
T000259,4.053874438964429,3.763862594331225,3.741735560058199,3.2650099174158553,3.216393969221649,3.3597469495915684,3.173139340592464,3.0365695464676685,3.286062917007949,3.3739068706155617,3.7073820692770263,3.7073820692770263,3.542716491750294,3.238790052963415
T000260,1.217759194564445,1.3891685969102805,1.289999545999643,1.4007710024023712,1.4007710024023712,1.2882608688399628,1.2882608688399628,1.4153030097442958,1.3145369007752277,1.3145369007752277,1.380639798647224,1.404350515873477,1.3108249001114243,1.9922959358212455
T000261,1.6766820715257418,1.6000315447935665,1.6000315447935665,1.6000315447935665,1.6000315447935665,1.6000315447935665,1.5886902316756735,1.6000315447935665,1.6000315447935665,1.6000315447935665,1.6000315447935665,1.6000315447935665,1.5262619145223721,1.7549044126166526
T000262,3.0106989187031212,2.668996955634799,3.1026011011126093,3.2110148404920498,3.2110148404920498,3.3422412334607574,3.3422412334607574,3.3422412334607574,3.3422412334607574,3.2598887592795647,3.3422412334607574,2.948051576258311,2.668996955634799,3.183156640485017
T000263,1.7378019308381911,1.7378019308381911,1.798958597301595,1.798958597301595,1.8496318669892784,1.823952623551489,1.7987006610604508,1.7952681802437291,1.7952681802437291,1.923095888904602,1.8305107000508116,1.8305107000508116,1.8496318669892784,1.923095888904602
T000264,1.1075362514092135,1.1075362514092135,1.1873951996292698,1.0745836561673758,1.1873951996292698,1.1027796554342455,1.1873951996292698,1.147801761395592,1.147801761395592,1.147801761395592,1.1459318938698302,1.1459318938698302,1.144768315074035,1.224393434564476
T000265,2.493863913843297,2.3729303506605084,2.472877322506364,2.4583319477525274,2.4513563968473155,2.499725311893182,2.4513563968473155,2.472877322506364,2.472877322506364,2.472877322506364,2.461967463113937,2.4295343229133586,2.453666929654374,2.418082662575262
T000266,0.8933142853310236,0.899926042185548,0.8875152259744858,0.8875152259744858,0.9815275667640645,0.9815275667640645,0.8941676072451638,0.899926042185548,0.899926042185548,0.8958979891896944,0.8958979891896944,0.9815275667640645,1.2320280843392302,0.8193331287114389
T000267,2.1484455989063878,2.0893099994807436,2.098538281838666,2.098538281838666,2.098538281838666,2.098538281838666,2.2834578042054186,2.098538281838666,2.098538281838666,2.098538281838666,2.129682480227854,2.2827074486766996,2.0893099994807436,2.066368001606183
T000268,1.9095486239352752,1.9235383330730742,1.9067830931209881,1.9306833169810254,1.945795539900854,1.9160025458085488,1.9160025458085488,1.9431072487932428,1.9435718561982045,1.9435718561982045,1.9281025268575072,1.9252409776385313,2.0016532163991863,2.0477574210565948
T000269,0.7964059779964704,0.847506080656774,0.8454476418088557,0.8454476418088557,0.7865404671700063,0.7868224066982569,0.7868224066982569,0.7984181704806863,0.7851273964856641,0.7984181704806863,0.7848216404513494,0.7868224066982569,0.784641822557394,0.7592666857444956
T000270,1.7555912947880317,1.7235338848423123,1.745076705609829,1.7235338848423123,1.5663998469616136,1.5663998469616136,1.7010083171760622,1.6290387957618726,1.745076705609829,1.6290387957618726,1.631284775355124,1.7010083171760622,1.7010083171760622,1.4347782087583139
T000271,1.9131586196860801,1.7530684708397768,1.800247882727348,1.7647619523102365,1.7706376966469304,1.7725403185766389,1.7105306424743834,1.7217360799027517,1.7217360799027517,1.727707738486428,1.727707738486428,1.727707738486428,1.8566376673174725,1.7443544289546846
T000272,2.232125983367908,2.320006009857324,2.1760815868106596,2.1644931071858036,2.1535007147680156,2.1535007147680156,2.1644931071858036,2.150469797950839,2.150469797950839,2.1535007147680156,2.175449625391401,2.1535007147680156,2.1698119521617305,2.15584100815509
T000273,1.0105173765568893,1.0111383266168406,0.9592374148051973,1.004627233499819,0.9407142203115748,0.9426883148582071,0.9426883148582071,0.9498827709377273,0.9544025191277095,0.9429965955111735,0.9426883148582071,0.9426883148582071,1.0111383266168406,0.9740785194235481
T000274,0.5214872187154916,0.5214872187154916,0.5285096151789151,0.5285096151789151,0.5285096151789151,0.5285096151789151,0.5307370637006422,0.5379650297311529,0.5331749330134972,0.5331749330134972,0.5336203097319381,0.5369258028791764,0.5214872187154916,0.5357725491111681
T000275,1.892838479853677,1.7677656190060207,1.8079139331095264,1.8024540355427237,1.8264793107132014,1.741938946867906,1.8385588710492158,1.8079468615972245,1.8079468615972245,1.8079468615972245,1.7677656190060207,1.8079139331095264,1.8079139331095264,1.6253412721639622
T000276,2.0817601732445103,2.0817601732445103,2.10632292739419,2.0886712420383007,2.0932292472630123,2.1662161680458274,2.0932292472630123,2.173439119187788,2.173439119187788,2.173439119187788,2.1259019807619053,2.0815412977988954,2.3411662469290992,2.10632292739419
T000277,1.2014204923305125,1.1913078651576272,1.1256376625330655,1.1256376625330655,1.1256376625330655,1.1256376625330655,1.1433866442431708,1.140572264178631,1.1339363303894792,1.128416537526396,1.128416537526396,1.128416537526396,1.1359707669829922,1.1075163516728384
T000278,0.808778226742402,0.808778226742402,0.6554012111228583,0.8052083147904248,0.6554012111228583,0.643738382770383,0.646357813310772,0.6458335668514615,0.6485684996731018,0.647200961731673,0.6548718535367991,0.656117968042313,0.808778226742402,0.6419948380319178
T000279,1.9282826323703017,2.0585371365493064,1.8372644885979919,1.941350327261961,2.0835637483879137,2.077354362005457,2.0835637483879137,1.7960859577339394,1.941226135393454,1.9587101316292796,1.6992735484680006,2.053097714447381,2.0835637483879137,1.9401921813129883
T000280,0.9904729521710823,1.0143307348733668,1.0992416078201215,1.0143307348733668,1.0067799046440742,1.0994637000788308,1.0994637000788308,0.9675005616751564,0.9675005616751564,1.1392377328356376,1.0994637000788308,1.024756152579515,1.024756152579515,1.0711788631270807
T000281,1.5759655129986139,1.5790580264275633,1.5604806332934185,1.5604806332934185,1.5674450690766601,1.5810067245596826,1.5810067245596826,1.5810067245596826,1.5810067245596826,1.5810067245596826,1.5790580264275633,1.5927429936794122,1.5604806332934185,1.6230635186586746
T000282,1.6385236187408359,1.6552919702292461,1.5896293485167186,1.616183068234977,1.6586271514552957,1.616183068234977,1.616183068234977,1.6586271514552957,1.616183068234977,1.6235172705757788,1.616183068234977,1.6235172705757788,1.654610201858653,1.531312236732215
T000283,1.8164178604250893,1.1359379428526535,1.1359379428526535,1.1359379428526535,1.7174261193290612,1.1359379428526535,1.7776497938749978,1.6466584336807621,1.3265534424800005,1.3265534424800005,1.6287744838334723,1.7776497938749978,1.7776497938749978,1.778268147847078
T000284,1.0046396449048742,1.0111908943554775,1.0111908943554775,1.0111908943554775,0.9858809282941774,1.0995302142518841,1.0995302142518841,1.1972799267562468,1.0010549284645487,1.0010549284645487,1.0280359272581658,1.0775521270229673,1.1206626191893092,1.1144263276244775
T000285,1.3930816981482106,1.3754360679816764,1.211308934530152,1.211308934530152,1.211308934530152,1.2266638057895658,1.211308934530152,1.211308934530152,1.2425902002581353,1.2425902002581353,1.2820579493412918,1.211308934530152,1.249740224843959,0.8380003689598706
T000286,0.782794475207772,0.7036917066923141,0.7222401310687093,0.7024243646804478,0.7024243646804478,0.7275101752050582,0.7275101752050582,0.7024243646804478,0.7024243646804478,0.7024243646804478,0.7231245424298656,0.7024243646804478,0.7328941883919692,1.062252289856503
T000287,0.8322466948641944,0.859980593741329,0.8963656551215673,0.8963656551215673,0.8963656551215673,0.8973502269301149,0.863570127803014,0.8965871793400074,0.8963656551215673,0.8963656551215673,0.8505843498333789,0.8965871793400074,0.9008879876448121,1.1644909482019408
T000288,0.8483224515698102,0.8706234130692755,0.8706234130692755,0.8706234130692755,0.8726687041434967,0.6653696549462951,0.6653696549462951,0.6649000140491733,0.7578271634745382,0.7202967691686116,0.8494869548572485,0.7249717108308945,0.7578271634745382,0.6939708421472649
T000289,2.4605656743153124,2.537729819996655,2.79722161736795,3.537329511613787,2.79722161736795,2.79722161736795,2.4378389668778397,2.4378389668778397,2.4378389668778397,2.4378389668778397,2.400936924349278,2.4598551977436722,3.214476669226098,3.09809466012386
T000290,2.6425924901531053,2.6425924901531053,2.8361041264233435,2.881240784689517,2.687455827220863,2.6628984780167104,2.6628984780167104,2.700065673420597,2.7335554763402885,2.7335554763402885,2.7335554763402885,2.8116525227426026,2.8361041264233435,2.613835066090417
T000291,1.9774868616887806,2.052362333031772,2.052362333031772,2.2853785462809104,2.2407814033182767,2.2407814033182767,2.276348896211914,2.2853785462809104,2.2853785462809104,2.2853785462809104,2.276348896211914,2.125575055015669,1.9216016615473297,2.6136913117174725
T000292,1.9579860373274312,2.0677423416032257,1.728659961647917,1.3704793129332526,1.9293663355500308,1.9293663355500308,1.9293663355500308,1.9293663355500308,1.9293663355500308,1.9769598220137774,2.0677423416032257,1.93683620608004,1.9293663355500308,1.8575455789948014
T000293,1.0314295121144548,1.025706523505773,1.185976557673483,1.0914095694125758,1.025706523505773,1.183034681675343,1.183034681675343,1.025706523505773,1.025706523505773,1.1700769268796811,1.141563293037829,0.9908581171965115,1.025706523505773,1.1470029304826956
T000294,1.4701236605508772,1.482982724581992,1.4780470714590759,1.4780470714590759,1.482982724581992,1.4684586213419082,1.4684586213419082,1.5183713887512125,1.4684586213419082,1.4684586213419082,1.4684586213419082,1.5183713887512125,1.5185213364751053,1.5308302557029063
T000295,1.4818042315734519,1.4818042315734519,1.4972090386852488,1.4212011803466738,1.5271342776253904,1.5192135863741603,1.5088638208071228,1.5271342776253904,1.5088638208071228,1.5088638208071228,1.5088638208071228,1.5271342776253904,1.5084453250635932,1.4131568757154775
T000296,1.7290474728144318,1.5538292019733606,1.217711641410386,1.7324565706748298,1.6759059386231951,1.6759059386231951,1.7324565706748298,1.7324565706748298,1.497699798320333,1.5078003626467342,1.5912137009635001,1.7324565706748298,1.7324565706748298,1.6917086001911184
T000297,0.5435767114523323,0.5193480657154631,0.5600424075955269,0.5418814657583101,0.5200392726216934,0.5342756500597177,0.5445337618347266,0.5399802028786759,0.5159072645571781,0.5325135830503096,0.5411390950566699,0.5582644820268794,0.5653609940615762,0.5342756500597177
T000298,2.1602263639357155,2.1500532715290075,2.19399201073641,2.1683210567151217,2.1683210567151217,2.1500532715290075,2.204841146070227,2.1683210567151217,2.1604040586529014,2.1611720317611622,2.217464724498826,2.1611720317611622,2.1500532715290075,2.1069751173669626
T000299,1.325431541062378,1.2814764744046265,1.2991450989433009,1.2991450989433009,1.2991450989433009,1.2677779006297742,1.2814764744046265,1.2677779006297742,1.2677779006297742,1.2677779006297742,1.250688135315426,1.2450666282697915,1.2450666282697915,1.4723357419849503
T000300,1.4940970940316045,1.5491919071523885,1.5491919071523885,1.5491919071523885,1.5683497619118445,1.5021451083270183,1.5205130017689943,1.524790585308775,1.524790585308775,1.524790585308775,1.524359762800499,1.524790585308775,1.556009221613067,1.3967612206531541
T000301,0.632231707914395,0.47876064466962526,0.45568217042730336,0.42752644998928646,0.45088732362584616,0.42752644998928646,0.42752644998928646,0.4747140007284132,0.45620268571840167,0.47490386219630304,0.480923137993932,0.4747140007284132,0.44583167751668984,0.42752644998928646
T000302,1.5114067801067768,1.4791945766116563,1.4791945766116563,1.4342295110881997,1.4240037212427177,1.4240037212427177,1.4240037212427177,1.4933492947021496,1.4875912494593202,1.455689202434149,1.4829753605775926,1.5059252877556515,1.3484831606562653,1.0778196140179892
T000303,1.6407219878998074,1.628361261731762,1.6121292122035935,1.6250166050441548,1.6398723282795478,1.6558754805148517,1.6558754805148517,1.6824553593246683,1.6824553593246683,1.6250166050441548,1.6824553593246683,1.6628602003750677,1.6291473155124072,1.628361261731762
T000304,0.8473209681799825,0.9564227757341464,0.881994787919328,0.881994787919328,0.8185051084902979,0.8185051084902979,0.8010829172095503,0.8185051084902979,0.9564227757341464,0.8539110231444872,0.870351942453159,0.8521945235703634,0.8595478669530137,0.9701720340565402
T000305,0.610389393484527,0.4757907947491956,0.5213547162020762,0.5213547162020762,0.5213547162020762,0.5614077897187341,0.5614077897187341,0.46385544642563104,0.5251401269792559,0.5254749871874596,0.5269713429422453,0.6179707261848735,0.6179707261848735,0.6179707261848735
T000306,1.1814971995673755,1.1578275871796542,1.1343480446564143,1.2706784768062291,1.1478089359366332,1.2083235034247457,1.2241356075095244,1.2329952904787735,1.2329952904787735,1.1391605445612842,1.1181750959838275,1.2241356075095244,1.2241356075095244,1.3245991009431437
T000307,1.55374463271055,1.506321503538372,1.506321503538372,1.5465310255551412,1.506321503538372,1.5494410415901847,1.551131303236108,1.5494410415901847,1.5494410415901847,1.5494410415901847,1.551131303236108,1.5453123679798406,1.547317110484979,1.9371036526208387
T000308,0.7833997180691233,0.5064369045276451,0.6391565306301817,0.6391565306301817,0.6391565306301817,0.602322944684857,0.594539077322434,0.6391565306301817,0.7833997180691233,0.6166795751497276,0.6651992850036639,0.6420763826882206,0.5696313770548189,0.5462753684457946
T000309,1.5892487270563636,1.5654525474010674,1.547824196585073,1.547824196585073,1.5606787637373964,1.5587522507197376,1.556377369108239,1.5689559744564876,1.556377369108239,1.556377369108239,1.5350915695938048,1.556377369108239,1.547824196585073,1.447089703864157
T000310,1.2944143266412502,1.3658739254615195,1.3749306270676236,1.2527293938149213,1.2737428787914091,1.2527293938149213,1.2527293938149213,1.2554678514580615,1.2554678514580615,1.2503986347519416,1.255616594846487,1.2686776820019439,1.263671322126392,1.255616594846487
T000311,1.874757236829064,1.836162070039992,1.850456925092514,1.8482070595819386,1.8482070595819386,1.8482070595819386,1.8838160305254632,1.8482070595819386,1.8482070595819386,1.8482070595819386,1.8482070595819386,1.8482070595819386,1.8571602065219586,1.8933382826592617
T000312,1.8722389546120017,1.8005336636409266,1.8166869774101715,1.8514713789476402,1.8069405265881142,1.7936976868912438,1.8005336636409266,1.8514713789476402,1.818694754922218,1.818694754922218,1.818694754922218,1.818694754922218,1.8359622865705858,1.778142399107746
T000313,1.132361274640936,1.18863546700451,1.1428385208591052,1.1321300563820655,1.1023308573564858,1.1322498559411796,1.1311250792272902,1.0999172142813023,1.1311250792272902,1.1428385208591052,1.1428385208591052,1.1428385208591052,1.132361274640936,1.1250222400953513
T000314,2.562173139923801,2.5843052161200815,2.6983529307548975,2.6983529307548975,2.6857496683364785,2.5308229293168956,2.5643311027841125,2.606013377800986,2.6857496683364785,2.5658397826350927,2.5643311027841125,2.6857496683364785,2.5843052161200815,2.6104576047240937
T000315,2.1059875959817034,2.262286292065485,2.271371146344993,2.262286292065485,2.271371146344993,2.271371146344993,2.271371146344993,2.252185870206031,2.2668342004434265,2.2668342004434265,2.271371146344993,2.2668342004434265,2.262286292065485,2.4858255508900267
T000316,0.7647797261836011,0.7586059519013295,0.7756917551899646,0.7756917551899646,0.786873983098427,0.7254864574821499,0.769686385338653,0.769686385338653,0.7880086833225626,0.7880086833225626,0.7880086833225626,0.7415424996711191,0.7415424996711191,0.769686385338653
T000317,0.9641274613133671,0.9710595968180632,0.9545058646183063,0.9545058646183063,0.9545058646183063,0.9820223285096381,1.0171640644032374,1.0272581932363356,0.9983175476452169,0.9983175476452169,0.9536180565342025,0.9820223285096381,0.952778641281334,1.0387874249966664
T000318,1.2793207095679069,1.2673456766287914,1.282276314238196,1.2808439045908762,1.2510388412783362,1.2510388412783362,1.277241177654943,1.2802698873576048,1.2894582040690143,1.2894582040690143,1.282276314238196,1.2822316098911117,1.2829197659605027,1.2736839096060772
T000319,1.073396678869688,1.1665027404309276,1.1665027404309276,1.1665027404309276,1.1665027404309276,0.9651181323087407,0.9651181323087407,0.9667979954592291,0.9788165025633294,1.0938525277025801,0.9824055269774995,0.990704597696596,0.9651181323087407,0.9515581841311488
T000320,1.063518907317692,1.0434317879747452,1.0405500297454797,1.0405500297454797,1.043094612944744,1.0144532219965707,1.0434317879747452,1.043094612944744,1.0346986293440144,1.0405500297454797,1.0405500297454797,1.043094612944744,1.043094612944744,1.3361673361283117
T000321,1.2694659878288204,1.4064065076633483,1.3806568291355286,1.3806568291355286,1.3546237004270263,1.3220063331581642,1.2678847549847805,1.267671584044351,1.267671584044351,1.267671584044351,1.245581353326186,1.2719683269735595,1.2462595948511574,1.4411457642930738
T000322,1.8460421535680975,1.8653905668541662,1.8491281336687786,1.8491281336687786,1.8468923960418124,1.8653905668541662,1.8468923960418124,1.8464843729434215,1.8491281336687786,1.8491281336687786,1.8657956396501145,1.8773592032689737,1.8478085040134946,1.8846625666079149
T000323,0.6399921347792242,0.6179750429931218,0.6399921347792242,0.6330954758921742,0.6384347948688347,0.6190058225630034,0.6190058225630034,0.6089676705614275,0.6423815107829707,0.6282822374812765,0.6291155454915319,0.6379052770266809,0.6710482074661964,0.6824634814760154
T000324,1.4941633514136712,1.49570230472337,1.412966911017205,1.3987530642797295,1.3232918446651456,1.412966911017205,1.4294196600751126,1.3561781108610895,1.5044502691980481,1.358182957578344,1.4154939839506133,1.3561781108610895,1.3982277873066367,1.4294196600751126
T000325,1.064905295091128,1.0441597226607648,1.0313027134619408,1.0152655699473991,1.0441597226607648,1.0441597226607648,1.0441597226607648,1.0441597226607648,1.0441597226607648,1.0165587612337965,1.0165587612337965,1.0441597226607648,1.0441597226607648,1.1407302888069935
T000326,1.3259911105137028,1.3011677600709337,1.33268785582455,1.3224571855679812,1.3164086077203634,1.3164086077203634,1.33268785582455,1.3339608091314297,1.3339608091314297,1.3339608091314297,1.3224106488562106,1.3224106488562106,1.3242534384296283,1.3392966644025257
T000327,1.381663397264277,1.3847523454893342,1.4300575605050094,1.4253243439617636,1.4293662416955608,1.3918948788015058,1.4276617976054566,1.4106565712011423,1.4361135095814175,1.4293662416955608,1.4267575434801547,1.4332387472003445,1.425918996886364,1.34958302802639
T000328,1.353846656169349,1.4838350892234615,1.5478799618775487,1.5478799618775487,1.3818393069973502,1.2147897456510475,1.260555887344115,1.260555887344115,1.4838350892234615,1.3525172041208677,1.3186539040702627,1.209268794935229,1.3635467296392054,0.8628795574496856
T000329,0.851197874795502,0.851197874795502,0.8543334847269313,0.8554566545701328,0.8554566545701328,0.8386184973253782,0.8195000741373706,0.8195000741373706,0.8255463829324655,0.8198960945864724,0.8431186904411198,0.8621271737751612,0.8471364482083594,0.9525930986917868
T000330,2.1724304920657147,2.1724304920657147,2.162460743826543,2.147790772899288,2.137932558369049,2.137932558369049,2.137932558369049,2.1430282324007495,2.1430282324007495,2.186078411906554,2.186078411906554,2.140290775332214,2.1734209896002943,2.1300739265508555
T000331,1.6769379549083678,1.6910888953163183,1.697020406991293,1.6591171754491794,1.6766842199517493,1.6591171754491794,1.7065414405099864,1.6742920344015606,1.6766842199517493,1.682447725295527,1.6766842199517493,1.6739636455642544,1.6892786842693115,1.6628623548820909
T000332,2.49967319980259,2.478954543652006,2.5153669632414517,2.460675047321505,2.478954543652006,2.5331701921355867,2.456719031967597,2.5331701921355867,2.5331701921355867,2.5331701921355867,2.5331701921355867,2.5153669632414517,2.456719031967597,2.6679035264003836
T000333,1.53973351245383,1.53973351245383,1.53973351245383,1.5827594729072305,1.5827594729072305,1.5827594729072305,1.4868366332193665,1.4706827983079471,1.5927192668788188,1.5927192668788188,1.4803535134277896,1.4803535134277896,1.43456691366498,1.52968527516341
T000334,1.27917296260504,1.2586002662563354,1.2444969864350695,1.2149301640748078,1.1882189766636355,1.1882189766636355,1.2081291264537681,1.1796412716578584,1.1916077899594453,1.2149301640748078,1.2149301640748078,1.2081291264537681,1.176442713236298,1.1309733110300026
T000335,1.1379678427721245,1.1158543019880751,1.0982829070103357,1.0885341751244355,1.0882826322586587,1.0882826322586587,1.0994480524437265,1.0952164193217044,1.0952164193217044,1.0952164193217044,1.0962207701555537,1.0994480524437265,1.100195461310441,1.2004708784709612
T000336,2.0895875272318505,2.0899522724394584,2.1812711514618326,2.119875361499243,2.1647036669626605,2.1981990063397516,2.1981990063397516,2.119875361499243,2.247910527136494,2.0899522724394584,2.1981990063397516,2.202461578615227,2.0899522724394584,2.1571387825987958
T000337,0.6433768693865733,0.6207634644132899,0.5919722984234524,0.646876536485986,0.6805778921838066,0.6805778921838066,0.6332083959515193,0.6332083959515193,0.6704075409852789,0.6704075409852789,0.6704075409852789,0.6332083959515193,0.633293370557469,0.7029826198771324
T000338,1.1678078275380248,1.198978706856623,1.1937374164214367,1.1953737306550263,1.1935888880906291,1.1950484708417985,1.1942918818962132,1.1942918818962132,1.2011084275203354,1.1965454591816982,1.199512507822276,1.307064983724967,1.1950484708417985,1.0203605774319406
T000339,0.48354089708931786,0.49664138310760547,0.5100747250879178,0.4829200494859467,0.49664138310760547,0.49664138310760547,0.49664138310760547,0.49664138310760547,0.5804552481114325,0.4829200494859467,0.48146283025258607,0.48146283025258607,0.48449478930890144,0.5765445770609201
T000340,1.1495169605715423,1.1215644714847344,1.1292218622663097,1.1206942198041334,1.1446048168272382,1.1193300584882173,1.1446048168272382,1.1223275222054672,1.1223275222054672,1.1251717495850198,1.1251717495850198,1.1372211487042034,1.1288326243158382,1.1952115636970957
T000341,1.3302727075820753,1.327833351434425,1.3318212292370346,1.3318212292370346,1.3292109853158875,1.334762498158335,1.334762498158335,1.340823271532387,1.340823271532387,1.3851315765544543,1.340823271532387,1.340823271532387,1.3559309588351667,1.3514422936329236
T000342,0.6995025371898672,0.8277788067579535,0.8572721011078765,0.9684350098663692,0.8297788266845004,0.7199988886188403,0.9825531139769914,0.9611518251005552,0.6832948923172297,0.9825531139769914,0.9825531139769914,0.9825531139769914,0.7975582445652152,0.7141979717402618
T000343,0.8390713572507794,0.7195726982975318,0.8517805811280168,0.8517805811280168,0.8517805811280168,0.8567608659117403,0.8845794550464547,0.7104454828047218,0.7277628499482585,0.8221646155717912,0.7104454828047218,0.8221646155717912,0.7278693054561411,0.6979651744175531
T000344,0.7397493460583106,0.715262580556741,0.7249227623189632,0.7145782654238618,0.7145782654238618,0.7722006435915073,0.7145782654238618,0.7722006435915073,0.7722006435915073,0.7342480732551866,0.7273068839812198,0.7256252107157019,0.8093413087897948,0.7272894046720998
T000345,1.3081129500755322,1.3540885484694614,1.3524031156605705,1.351484688894581,1.3487960944578992,1.353973470445906,1.353973470445906,1.3547325904719558,1.3547325904719558,1.3531302615457486,1.3531302615457486,1.3531175465950551,1.3604629593738735,1.4627214300654683
T000346,1.4944977309515293,1.4951318318646734,1.5064220757121818,1.5001986337705415,1.5001986337705415,1.5064220757121818,1.5506234209491274,1.5064220757121818,1.5064220757121818,1.5506234209491274,1.5001986337705415,1.5506234209491274,1.542011996632683,1.637414491262891
T000347,0.8651940876230925,0.8592426301730278,0.8538826707322709,0.8538826707322709,0.8973689336592767,0.9861220004879312,0.8509787040322174,0.8888862586443685,0.9861220004879312,0.9861220004879312,0.9861220004879312,0.9861220004879312,0.8439172968315208,0.8698521138303312
T000348,0.800860324942144,0.8918052220412539,0.7353632780964944,0.6940920126100653,0.720164513933789,0.6476667505056385,0.8918052220412539,0.8918052220412539,0.6476667505056385,0.720164513933789,0.6940920126100653,0.6825354654397665,0.7397793290543528,0.8156724654539856
T000349,0.7009811086701087,0.6640090917879318,0.6688714225924394,0.6688714225924394,0.6640090917879318,0.6640090917879318,0.5964837847638188,0.5964837847638188,0.6430353652325693,0.6979401173743554,0.6979401173743554,0.6770154587784947,0.6433899501029,0.7512705296757197
T000350,0.9561489911009659,0.8342838554594366,0.9561489911009659,0.833113524568636,0.8342838554594366,0.833113524568636,0.833113524568636,0.7416974002902472,0.7416974002902472,0.9117551645865687,0.9117551645865687,0.8342838554594366,0.8342838554594366,0.7937112547744607
T000351,1.1415277060940787,0.9963883179210937,0.978797958477105,0.978797958477105,0.978797958477105,0.9741243143639615,0.9717685477683596,0.9682600272269306,0.9426332770421607,0.9426332770421607,0.9992514227885458,0.9636338576011728,1.007837298168424,0.978797958477105
T000352,1.0392781177837604,1.0392781177837604,1.0650956146231945,1.0338119008710007,1.0878249260806516,1.0633594160170752,1.0633594160170752,1.0633594160170752,1.0361733229248005,1.0633594160170752,1.0633594160170752,1.0650956146231945,1.0652571925202543,0.9733122292653218
T000353,0.6958488436905825,0.69219101570711,0.601795743490585,0.6052429094336922,0.6993393899607175,0.6052429094336922,0.6052429094336922,0.6033659344157972,0.6052429094336922,0.601795743490585,0.6033659344157972,0.6033659344157972,0.6958488436905825,0.6243724235114378
T000354,1.0405342182105481,1.2805886932376807,1.0405342182105481,1.2772273299517307,1.2772273299517307,1.2772273299517307,1.6127212868176775,1.5624424672943813,1.161005155019014,1.3076401719471122,1.3372454362069146,1.325757721508347,1.3389106161704478,1.471563839876005
T000355,0.7463091241085724,0.4576106489200247,0.7570798222629587,0.49524224104181985,0.7570798222629587,0.609319094001739,0.7529434874487005,0.7687025531728977,0.7128033854820144,0.7128033854820144,0.7128033854820144,0.6723808433882467,0.7773884024601732,0.9578386705385906
T000356,0.6108347667957482,0.6108347667957482,0.5458532474026596,0.485024399482834,0.4971618856247851,0.6556212220622689,0.6556212220622689,0.5464000698491405,0.6231511152407888,0.44683546297426335,0.5433423330764071,0.5022735499042111,0.517316426963255,0.3767639991036374
T000357,0.9634411444784867,0.9056676617316556,0.8899661423120275,0.8929059261122868,0.897432547847647,0.897432547847647,0.9443603822932913,0.8899661423120275,0.8947545579961752,0.8893022012220225,0.8280254464578902,0.928377944971399,0.9149211746471111,0.9680616901027156
T000358,0.7831733953367469,0.6841092127578873,0.7258858108375584,0.7258858108375584,0.9075998615973752,0.9075998615973752,0.9075998615973752,0.7258858108375584,0.8894164772579153,0.8894164772579153,0.9117320580135909,0.7568094827474031,0.7565912541048567,0.9699286171038474
T000359,2.317301061031838,2.317301061031838,2.071327963681269,2.071327963681269,2.071327963681269,2.8037827799249677,2.8037827799249677,2.788348732596683,2.4305328195097387,2.4305328195097387,2.8577898299820976,2.369522631052858,1.8498265989985287,2.633586544554831
T000360,0.6747813809603372,0.7062045966458033,0.7062045966458033,0.7062045966458033,0.678110969751816,0.678110969751816,0.678110969751816,0.7539803986795206,0.7807225007507239,0.7844322839399216,0.6359391206451824,0.6896641137474823,0.7531116603738466,1.0289038980075151
T000361,0.5817981244216578,0.5817981244216578,0.5817981244216578,0.5817981244216578,0.6137114025421292,0.6137114025421292,0.6158120965154935,0.584047873643004,0.6892427413232415,0.6222773164278982,0.6974366351138467,0.5695075372657263,0.6892427413232415,0.745766743151577
T000362,1.0795796170002392,1.430183454618824,1.430183454618824,1.430183454618824,1.3382427525786396,1.393501789050408,0.589055242936995,1.393501789050408,1.2672696086526418,1.269647209448743,1.2478742144902228,1.8823828056867575,0.8333627827493577,0.5331456461176631
T000363,1.3205676872833254,1.3205676872833254,1.3436792386204541,1.310782848482919,1.3161730840767665,1.310782848482919,1.3161730840767665,1.3161730840767665,1.3161730840767665,1.3161730840767665,1.3161730840767665,1.3161730840767665,1.3595075663920864,1.3109381573243455
T000364,0.4124674268718099,0.38064068040294663,0.38064068040294663,0.38651764239279496,0.42847687783093485,0.3832255958534987,0.42566350919921486,0.4307340090453633,0.4307340090453633,0.39636521409626596,0.42696261452401785,0.3849216327645581,0.49849401492173157,0.5536910595734426
T000365,0.6814881380287718,0.7552737298982412,0.7655800747057822,0.8081865740144014,0.8081865740144014,0.7384107616652374,0.7384107616652374,0.7384107616652374,0.7384107616652374,0.8666906305980397,0.8458363665995909,0.761430055096984,0.6886477762080057,0.7515501871976431
